name,department,url,text_id
"Andrew Allen, badge #37",Minneapolis Police Department,https://d3n8a8pro7vhmx.cloudfront.net/cuapb/pages/1462/attachments/original/1638637610/RCA-2021-01206_-_Legal_settlement_Workers'_Compensation_claim_of_Andrew_Allen.pdf?1638637610,0
"Guled Abdullahi, badge #706",Hennepin County Sheriff's Department,https://assets.nationbuilder.com/cuapb/pages/1473/attachments/original/1671254309/20211221_Abdullahi.pdf?1671254309,1
"Dean V. Albers, badge #None",Goodhue County Sheriff's Department,https://d3n8a8pro7vhmx.cloudfront.net/cuapb/pages/270/attachments/original/1618004460/Jenson_v._Craft__Civil_No._01-1488%28DSD_JMM%29___Casetext_Search___Citator.pdf?1618004460,2
"Scott Aikins, badge #22",Minneapolis Police Department,https://d3n8a8pro7vhmx.cloudfront.net/cuapb/pages/270/attachments/original/1626647366/United_States_v._Diriye__Case_No._14-cr-236%281%29_%28JNE_TNL%29___Casetext_Search___Citator.pdf?1626647366,3
"Matthew Aish, badge #None",Columbia Heights Police Department,https://d3n8a8pro7vhmx.cloudfront.net/cuapb/pages/270/attachments/original/1632189461/2020-Matthew_Aish-Columbia_Heights.pdf?1632189461,4
"Vincent A. Adams, badge #720505",St. Paul Police Department,https://d3n8a8pro7vhmx.cloudfront.net/cuapb/pages/270/attachments/original/1615680108/2018_Prosecutors__St._Paul_cops_justified_in_killing_man_in_August___MPR_News.pdf?1615680108,5
"Matthew A. Jones, badge #327630",St. Paul Police Department,https://d3n8a8pro7vhmx.cloudfront.net/cuapb/pages/270/attachments/original/1615680108/2018_Prosecutors__St._Paul_cops_justified_in_killing_man_in_August___MPR_News.pdf?1615680108,5
"Philip Alejandrino, badge #29",Minneapolis Police Department,https://d3n8a8pro7vhmx.cloudfront.net/cuapb/pages/270/attachments/original/1618167029/KREKELBERG_v._Anoka_County__439_F._Supp._3d_1143_-_Dist._Court__Minnesota_2020_-_Google_Scholar.pdf?1618167029,6
"Carlos Baires Escobar, badge #275",Minneapolis Police Department,https://d3n8a8pro7vhmx.cloudfront.net/cuapb/pages/270/attachments/original/1618167029/KREKELBERG_v._Anoka_County__439_F._Supp._3d_1143_-_Dist._Court__Minnesota_2020_-_Google_Scholar.pdf?1618167029,6
"Aaron Collins, badge #1259",Minneapolis Police Department,https://d3n8a8pro7vhmx.cloudfront.net/cuapb/pages/270/attachments/original/1618167029/KREKELBERG_v._Anoka_County__439_F._Supp._3d_1143_-_Dist._Court__Minnesota_2020_-_Google_Scholar.pdf?1618167029,6
"Brian Cummings, badge #1360",Minneapolis Police Department,https://d3n8a8pro7vhmx.cloudfront.net/cuapb/pages/270/attachments/original/1618167029/KREKELBERG_v._Anoka_County__439_F._Supp._3d_1143_-_Dist._Court__Minnesota_2020_-_Google_Scholar.pdf?1618167029,6
"Christopher Cushenbery, badge #1375",Minneapolis Police Department,https://d3n8a8pro7vhmx.cloudfront.net/cuapb/pages/270/attachments/original/1618167029/KREKELBERG_v._Anoka_County__439_F._Supp._3d_1143_-_Dist._Court__Minnesota_2020_-_Google_Scholar.pdf?1618167029,6
"Mark Durand, badge #1627",Minneapolis Police Department,https://d3n8a8pro7vhmx.cloudfront.net/cuapb/pages/270/attachments/original/1618167029/KREKELBERG_v._Anoka_County__439_F._Supp._3d_1143_-_Dist._Court__Minnesota_2020_-_Google_Scholar.pdf?1618167029,6
"David C. Elliott, badge #1755",Minneapolis Police Department,https://d3n8a8pro7vhmx.cloudfront.net/cuapb/pages/270/attachments/original/1618167029/KREKELBERG_v._Anoka_County__439_F._Supp._3d_1143_-_Dist._Court__Minnesota_2020_-_Google_Scholar.pdf?1618167029,6
"Andrew P. Enriquez, badge #1802",Minneapolis Police Department,https://d3n8a8pro7vhmx.cloudfront.net/cuapb/pages/270/attachments/original/1618167029/KREKELBERG_v._Anoka_County__439_F._Supp._3d_1143_-_Dist._Court__Minnesota_2020_-_Google_Scholar.pdf?1618167029,6
"Eric Faulconer, badge #1925",Minneapolis Police Department,https://d3n8a8pro7vhmx.cloudfront.net/cuapb/pages/270/attachments/original/1618167029/KREKELBERG_v._Anoka_County__439_F._Supp._3d_1143_-_Dist._Court__Minnesota_2020_-_Google_Scholar.pdf?1618167029,6
"Mark J. Gasior, badge #2228",Minneapolis Police Department,https://d3n8a8pro7vhmx.cloudfront.net/cuapb/pages/270/attachments/original/1618167029/KREKELBERG_v._Anoka_County__439_F._Supp._3d_1143_-_Dist._Court__Minnesota_2020_-_Google_Scholar.pdf?1618167029,6
"Scott L. Grabowski, badge #2366",Minneapolis Police Department,https://d3n8a8pro7vhmx.cloudfront.net/cuapb/pages/270/attachments/original/1618167029/KREKELBERG_v._Anoka_County__439_F._Supp._3d_1143_-_Dist._Court__Minnesota_2020_-_Google_Scholar.pdf?1618167029,6
"Dennis Hamilton, badge #2610",Minneapolis Police Department,https://d3n8a8pro7vhmx.cloudfront.net/cuapb/pages/270/attachments/original/1618167029/KREKELBERG_v._Anoka_County__439_F._Supp._3d_1143_-_Dist._Court__Minnesota_2020_-_Google_Scholar.pdf?1618167029,6
"Joseph Haspert, badge #2791",Minneapolis Police Department,https://d3n8a8pro7vhmx.cloudfront.net/cuapb/pages/270/attachments/original/1618167029/KREKELBERG_v._Anoka_County__439_F._Supp._3d_1143_-_Dist._Court__Minnesota_2020_-_Google_Scholar.pdf?1618167029,6
"Anna Hedberg, badge #2927",Minneapolis Police Department,https://d3n8a8pro7vhmx.cloudfront.net/cuapb/pages/270/attachments/original/1618167029/KREKELBERG_v._Anoka_County__439_F._Supp._3d_1143_-_Dist._Court__Minnesota_2020_-_Google_Scholar.pdf?1618167029,6
"Thomas Hendrickson, badge #2960",Minneapolis Police Department,https://d3n8a8pro7vhmx.cloudfront.net/cuapb/pages/270/attachments/original/1618167029/KREKELBERG_v._Anoka_County__439_F._Supp._3d_1143_-_Dist._Court__Minnesota_2020_-_Google_Scholar.pdf?1618167029,6
"Roland Hillstrom, badge #2986",Minneapolis Police Department,https://d3n8a8pro7vhmx.cloudfront.net/cuapb/pages/270/attachments/original/1618167029/KREKELBERG_v._Anoka_County__439_F._Supp._3d_1143_-_Dist._Court__Minnesota_2020_-_Google_Scholar.pdf?1618167029,6
"David Honican, badge #3135",Minneapolis Police Department,https://d3n8a8pro7vhmx.cloudfront.net/cuapb/pages/270/attachments/original/1618167029/KREKELBERG_v._Anoka_County__439_F._Supp._3d_1143_-_Dist._Court__Minnesota_2020_-_Google_Scholar.pdf?1618167029,6
"Daniel O. Horn, badge #212",Minneapolis Police Department,https://d3n8a8pro7vhmx.cloudfront.net/cuapb/pages/270/attachments/original/1618167029/KREKELBERG_v._Anoka_County__439_F._Supp._3d_1143_-_Dist._Court__Minnesota_2020_-_Google_Scholar.pdf?1618167029,6
"Christopher House, badge #3165",Minneapolis Police Department,https://d3n8a8pro7vhmx.cloudfront.net/cuapb/pages/270/attachments/original/1618167029/KREKELBERG_v._Anoka_County__439_F._Supp._3d_1143_-_Dist._Court__Minnesota_2020_-_Google_Scholar.pdf?1618167029,6
"Robert W. Illetschko, badge #3200",Minneapolis Police Department,https://d3n8a8pro7vhmx.cloudfront.net/cuapb/pages/270/attachments/original/1618167029/KREKELBERG_v._Anoka_County__439_F._Supp._3d_1143_-_Dist._Court__Minnesota_2020_-_Google_Scholar.pdf?1618167029,6
"Kurt S. Indehar, badge #3209",Minneapolis Police Department,https://d3n8a8pro7vhmx.cloudfront.net/cuapb/pages/270/attachments/original/1618167029/KREKELBERG_v._Anoka_County__439_F._Supp._3d_1143_-_Dist._Court__Minnesota_2020_-_Google_Scholar.pdf?1618167029,6
"Jennifer Lazarchic (Goodmanson), badge #2319",Minneapolis Police Department,https://d3n8a8pro7vhmx.cloudfront.net/cuapb/pages/270/attachments/original/1618167029/KREKELBERG_v._Anoka_County__439_F._Supp._3d_1143_-_Dist._Court__Minnesota_2020_-_Google_Scholar.pdf?1618167029,6
"Alan Liotta, badge #4196",Minneapolis Police Department,https://d3n8a8pro7vhmx.cloudfront.net/cuapb/pages/270/attachments/original/1618167029/KREKELBERG_v._Anoka_County__439_F._Supp._3d_1143_-_Dist._Court__Minnesota_2020_-_Google_Scholar.pdf?1618167029,6
"Thomas A. Lopez, badge #4238",Minneapolis Police Department,https://d3n8a8pro7vhmx.cloudfront.net/cuapb/pages/270/attachments/original/1618167029/KREKELBERG_v._Anoka_County__439_F._Supp._3d_1143_-_Dist._Court__Minnesota_2020_-_Google_Scholar.pdf?1618167029,6
"Oscar Macias, badge #4319",Minneapolis Police Department,https://d3n8a8pro7vhmx.cloudfront.net/cuapb/pages/270/attachments/original/1618167029/KREKELBERG_v._Anoka_County__439_F._Supp._3d_1143_-_Dist._Court__Minnesota_2020_-_Google_Scholar.pdf?1618167029,6
"Timothy J. Mattsson, badge #4490",Minneapolis Police Department,https://d3n8a8pro7vhmx.cloudfront.net/cuapb/pages/270/attachments/original/1618167029/KREKELBERG_v._Anoka_County__439_F._Supp._3d_1143_-_Dist._Court__Minnesota_2020_-_Google_Scholar.pdf?1618167029,6
"Matthew J. McLean, badge #4635",Minneapolis Police Department,https://d3n8a8pro7vhmx.cloudfront.net/cuapb/pages/270/attachments/original/1618167029/KREKELBERG_v._Anoka_County__439_F._Supp._3d_1143_-_Dist._Court__Minnesota_2020_-_Google_Scholar.pdf?1618167029,6
"Johnny Mercil, badge #4732",Minneapolis Police Department,https://d3n8a8pro7vhmx.cloudfront.net/cuapb/pages/270/attachments/original/1618167029/KREKELBERG_v._Anoka_County__439_F._Supp._3d_1143_-_Dist._Court__Minnesota_2020_-_Google_Scholar.pdf?1618167029,6
"Jamiel Mohammad, badge #5150",Minneapolis Police Department,https://d3n8a8pro7vhmx.cloudfront.net/cuapb/pages/270/attachments/original/1618167029/KREKELBERG_v._Anoka_County__439_F._Supp._3d_1143_-_Dist._Court__Minnesota_2020_-_Google_Scholar.pdf?1618167029,6
"Blake Moua, badge #4882",Minneapolis Police Department,https://d3n8a8pro7vhmx.cloudfront.net/cuapb/pages/270/attachments/original/1618167029/KREKELBERG_v._Anoka_County__439_F._Supp._3d_1143_-_Dist._Court__Minnesota_2020_-_Google_Scholar.pdf?1618167029,6
"Beth Mota (Letourneau), badge #4106",Minneapolis Police Department,https://d3n8a8pro7vhmx.cloudfront.net/cuapb/pages/270/attachments/original/1618167029/KREKELBERG_v._Anoka_County__439_F._Supp._3d_1143_-_Dist._Court__Minnesota_2020_-_Google_Scholar.pdf?1618167029,6
"David C. Neil, badge #4950",Minneapolis Police Department,https://d3n8a8pro7vhmx.cloudfront.net/cuapb/pages/270/attachments/original/1618167029/KREKELBERG_v._Anoka_County__439_F._Supp._3d_1143_-_Dist._Court__Minnesota_2020_-_Google_Scholar.pdf?1618167029,6
"Matthew G. Olson, badge #5305",Minneapolis Police Department,https://d3n8a8pro7vhmx.cloudfront.net/cuapb/pages/270/attachments/original/1618167029/KREKELBERG_v._Anoka_County__439_F._Supp._3d_1143_-_Dist._Court__Minnesota_2020_-_Google_Scholar.pdf?1618167029,6
"George J. Peltz, badge #5546",Minneapolis Police Department,https://d3n8a8pro7vhmx.cloudfront.net/cuapb/pages/270/attachments/original/1618167029/KREKELBERG_v._Anoka_County__439_F._Supp._3d_1143_-_Dist._Court__Minnesota_2020_-_Google_Scholar.pdf?1618167029,6
"Lucas Peterson, badge #5630",Minneapolis Police Department,https://d3n8a8pro7vhmx.cloudfront.net/cuapb/pages/270/attachments/original/1618167029/KREKELBERG_v._Anoka_County__439_F._Supp._3d_1143_-_Dist._Court__Minnesota_2020_-_Google_Scholar.pdf?1618167029,6
"Michael Pfaff, badge #5675",Minneapolis Police Department,https://d3n8a8pro7vhmx.cloudfront.net/cuapb/pages/270/attachments/original/1618167029/KREKELBERG_v._Anoka_County__439_F._Supp._3d_1143_-_Dist._Court__Minnesota_2020_-_Google_Scholar.pdf?1618167029,6
"Patrick S. Reuben, badge #5969",Minneapolis Police Department,https://d3n8a8pro7vhmx.cloudfront.net/cuapb/pages/270/attachments/original/1618167029/KREKELBERG_v._Anoka_County__439_F._Supp._3d_1143_-_Dist._Court__Minnesota_2020_-_Google_Scholar.pdf?1618167029,6
"Bryce Robinson, badge #6062",Minneapolis Police Department,https://d3n8a8pro7vhmx.cloudfront.net/cuapb/pages/270/attachments/original/1618167029/KREKELBERG_v._Anoka_County__439_F._Supp._3d_1143_-_Dist._Court__Minnesota_2020_-_Google_Scholar.pdf?1618167029,6
"Antonio San Roman, badge #6123",Minneapolis Police Department,https://d3n8a8pro7vhmx.cloudfront.net/cuapb/pages/270/attachments/original/1618167029/KREKELBERG_v._Anoka_County__439_F._Supp._3d_1143_-_Dist._Court__Minnesota_2020_-_Google_Scholar.pdf?1618167029,6
"Todd D. Sauvageau, badge #6309",Minneapolis Police Department,https://d3n8a8pro7vhmx.cloudfront.net/cuapb/pages/270/attachments/original/1618167029/KREKELBERG_v._Anoka_County__439_F._Supp._3d_1143_-_Dist._Court__Minnesota_2020_-_Google_Scholar.pdf?1618167029,6
"Sherral Schmidt (Miller-Graf), badge #4799",Minneapolis Police Department,https://d3n8a8pro7vhmx.cloudfront.net/cuapb/pages/270/attachments/original/1618167029/KREKELBERG_v._Anoka_County__439_F._Supp._3d_1143_-_Dist._Court__Minnesota_2020_-_Google_Scholar.pdf?1618167029,6
"Jarrod Silva, badge #6551",Minneapolis Police Department,https://d3n8a8pro7vhmx.cloudfront.net/cuapb/pages/270/attachments/original/1618167029/KREKELBERG_v._Anoka_County__439_F._Supp._3d_1143_-_Dist._Court__Minnesota_2020_-_Google_Scholar.pdf?1618167029,6
"John Staufenberg, badge #6765",Minneapolis Police Department,https://d3n8a8pro7vhmx.cloudfront.net/cuapb/pages/270/attachments/original/1618167029/KREKELBERG_v._Anoka_County__439_F._Supp._3d_1143_-_Dist._Court__Minnesota_2020_-_Google_Scholar.pdf?1618167029,6
"Mark Wisocki, badge #7820",Minneapolis Police Department,https://d3n8a8pro7vhmx.cloudfront.net/cuapb/pages/270/attachments/original/1618167029/KREKELBERG_v._Anoka_County__439_F._Supp._3d_1143_-_Dist._Court__Minnesota_2020_-_Google_Scholar.pdf?1618167029,6
"Patrick Windus, badge #7802",Minneapolis Police Department,https://d3n8a8pro7vhmx.cloudfront.net/cuapb/pages/270/attachments/original/1618167029/KREKELBERG_v._Anoka_County__439_F._Supp._3d_1143_-_Dist._Court__Minnesota_2020_-_Google_Scholar.pdf?1618167029,6
"Steve Wuorinen, badge #7876",Minneapolis Police Department,https://d3n8a8pro7vhmx.cloudfront.net/cuapb/pages/270/attachments/original/1618167029/KREKELBERG_v._Anoka_County__439_F._Supp._3d_1143_-_Dist._Court__Minnesota_2020_-_Google_Scholar.pdf?1618167029,6
"Jeffrey York, badge #7893",Minneapolis Police Department,https://d3n8a8pro7vhmx.cloudfront.net/cuapb/pages/270/attachments/original/1618167029/KREKELBERG_v._Anoka_County__439_F._Supp._3d_1143_-_Dist._Court__Minnesota_2020_-_Google_Scholar.pdf?1618167029,6
"Heather Young (Jorges), badge #3576",Minneapolis Police Department,https://d3n8a8pro7vhmx.cloudfront.net/cuapb/pages/270/attachments/original/1618167029/KREKELBERG_v._Anoka_County__439_F._Supp._3d_1143_-_Dist._Court__Minnesota_2020_-_Google_Scholar.pdf?1618167029,6
"Matthew J. Koncar, badge #359000",St. Paul Police Department,https://d3n8a8pro7vhmx.cloudfront.net/cuapb/pages/270/attachments/original/1618167029/KREKELBERG_v._Anoka_County__439_F._Supp._3d_1143_-_Dist._Court__Minnesota_2020_-_Google_Scholar.pdf?1618167029,6
"Joshua P. Lynaugh, badge #415550",St. Paul Police Department,https://d3n8a8pro7vhmx.cloudfront.net/cuapb/pages/270/attachments/original/1618167029/KREKELBERG_v._Anoka_County__439_F._Supp._3d_1143_-_Dist._Court__Minnesota_2020_-_Google_Scholar.pdf?1618167029,6
"Tong S. Yang, badge #750407",St. Paul Police Department,https://d3n8a8pro7vhmx.cloudfront.net/cuapb/pages/270/attachments/original/1618167029/KREKELBERG_v._Anoka_County__439_F._Supp._3d_1143_-_Dist._Court__Minnesota_2020_-_Google_Scholar.pdf?1618167029,6
"Brandon Akers, badge #None",Brooklyn Center Police Department,https://d3n8a8pro7vhmx.cloudfront.net/cuapb/pages/270/attachments/original/1618243075/Minnesota_BCA_releases_more_information_about_Brooklyn_Center_police_shooting_-_StarTribune.com.pdf?1618243075,7
"Steven Holt, badge #None",Brooklyn Center Police Department,https://d3n8a8pro7vhmx.cloudfront.net/cuapb/pages/270/attachments/original/1618243075/Minnesota_BCA_releases_more_information_about_Brooklyn_Center_police_shooting_-_StarTribune.com.pdf?1618243075,7
"Cody Turner, badge #None",Brooklyn Center Police Department,https://d3n8a8pro7vhmx.cloudfront.net/cuapb/pages/270/attachments/original/1618243075/Minnesota_BCA_releases_more_information_about_Brooklyn_Center_police_shooting_-_StarTribune.com.pdf?1618243075,7
"Matthew Alberts, badge #1287",Minneapolis Police Department,https://d3n8a8pro7vhmx.cloudfront.net/cuapb/pages/270/attachments/original/1615947749/N__WPDOCS_SUPPRESS_WadeLamarr.R_R.wpd.pdf?1615947749,8
"Frederick McDonald, badge #4556",Minneapolis Police Department,https://d3n8a8pro7vhmx.cloudfront.net/cuapb/pages/270/attachments/original/1615947749/N__WPDOCS_SUPPRESS_WadeLamarr.R_R.wpd.pdf?1615947749,8
"Roxanne Affeldt, badge #None",Champlin Police Department,https://d3n8a8pro7vhmx.cloudfront.net/cuapb/pages/270/attachments/original/1626792087/_80_000_Minnesota_Illegal_Search___Seizure_Verdict_Upheld__Attorney_Fees_Slashed_50_.pdf?1626792087,9
"Bill Schmidt, badge #None",Champlin Police Department,https://d3n8a8pro7vhmx.cloudfront.net/cuapb/pages/270/attachments/original/1626792087/_80_000_Minnesota_Illegal_Search___Seizure_Verdict_Upheld__Attorney_Fees_Slashed_50_.pdf?1626792087,9
"Brian Wentworth, badge #None",Champlin Police Department,https://d3n8a8pro7vhmx.cloudfront.net/cuapb/pages/270/attachments/original/1626792087/_80_000_Minnesota_Illegal_Search___Seizure_Verdict_Upheld__Attorney_Fees_Slashed_50_.pdf?1626792087,9
"Robert Topp, badge #None",Plymouth Police Department,https://d3n8a8pro7vhmx.cloudfront.net/cuapb/pages/270/attachments/original/1626792087/_80_000_Minnesota_Illegal_Search___Seizure_Verdict_Upheld__Attorney_Fees_Slashed_50_.pdf?1626792087,9
"Vincent A. Adams, badge #720505",St. Paul Police Department,https://d3n8a8pro7vhmx.cloudfront.net/cuapb/pages/270/attachments/original/1615680763/2018_RCAO_Decision_Memo_on_Death_of_William_J._Hughes.pdf?1615680763,10
"Matthew A. Jones, badge #327630",St. Paul Police Department,https://d3n8a8pro7vhmx.cloudfront.net/cuapb/pages/270/attachments/original/1615680763/2018_RCAO_Decision_Memo_on_Death_of_William_J._Hughes.pdf?1615680763,10
"Brandon Akers, badge #None",Brooklyn Center Police Department,https://d3n8a8pro7vhmx.cloudfront.net/cuapb/pages/270/attachments/original/1618243279/Officers_ID'd_in_Brooklyn_Center_fatal_shooting___MPR_News.pdf?1618243279,11
"Steven Holt, badge #None",Brooklyn Center Police Department,https://d3n8a8pro7vhmx.cloudfront.net/cuapb/pages/270/attachments/original/1618243279/Officers_ID'd_in_Brooklyn_Center_fatal_shooting___MPR_News.pdf?1618243279,11
"Cody Turner, badge #None",Brooklyn Center Police Department,https://d3n8a8pro7vhmx.cloudfront.net/cuapb/pages/270/attachments/original/1618243279/Officers_ID'd_in_Brooklyn_Center_fatal_shooting___MPR_News.pdf?1618243279,11
"Philip Alejandrino, badge #29",Minneapolis Police Department,https://d3n8a8pro7vhmx.cloudfront.net/cuapb/pages/270/attachments/original/1618166256/Krekelberg_Privacy_Lawsuit.pdf?1618166256,12
"Carlos Baires Escobar, badge #275",Minneapolis Police Department,https://d3n8a8pro7vhmx.cloudfront.net/cuapb/pages/270/attachments/original/1618166256/Krekelberg_Privacy_Lawsuit.pdf?1618166256,12
"Aaron Collins, badge #1259",Minneapolis Police Department,https://d3n8a8pro7vhmx.cloudfront.net/cuapb/pages/270/attachments/original/1618166256/Krekelberg_Privacy_Lawsuit.pdf?1618166256,12
"Brian Cummings, badge #1360",Minneapolis Police Department,https://d3n8a8pro7vhmx.cloudfront.net/cuapb/pages/270/attachments/original/1618166256/Krekelberg_Privacy_Lawsuit.pdf?1618166256,12
"Christopher Cushenbery, badge #1375",Minneapolis Police Department,https://d3n8a8pro7vhmx.cloudfront.net/cuapb/pages/270/attachments/original/1618166256/Krekelberg_Privacy_Lawsuit.pdf?1618166256,12
"Mark Durand, badge #1627",Minneapolis Police Department,https://d3n8a8pro7vhmx.cloudfront.net/cuapb/pages/270/attachments/original/1618166256/Krekelberg_Privacy_Lawsuit.pdf?1618166256,12
"David C. Elliott, badge #1755",Minneapolis Police Department,https://d3n8a8pro7vhmx.cloudfront.net/cuapb/pages/270/attachments/original/1618166256/Krekelberg_Privacy_Lawsuit.pdf?1618166256,12
"Andrew P. Enriquez, badge #1802",Minneapolis Police Department,https://d3n8a8pro7vhmx.cloudfront.net/cuapb/pages/270/attachments/original/1618166256/Krekelberg_Privacy_Lawsuit.pdf?1618166256,12
"Eric Faulconer, badge #1925",Minneapolis Police Department,https://d3n8a8pro7vhmx.cloudfront.net/cuapb/pages/270/attachments/original/1618166256/Krekelberg_Privacy_Lawsuit.pdf?1618166256,12
"Mark J. Gasior, badge #2228",Minneapolis Police Department,https://d3n8a8pro7vhmx.cloudfront.net/cuapb/pages/270/attachments/original/1618166256/Krekelberg_Privacy_Lawsuit.pdf?1618166256,12
"Scott L. Grabowski, badge #2366",Minneapolis Police Department,https://d3n8a8pro7vhmx.cloudfront.net/cuapb/pages/270/attachments/original/1618166256/Krekelberg_Privacy_Lawsuit.pdf?1618166256,12
"Dennis Hamilton, badge #2610",Minneapolis Police Department,https://d3n8a8pro7vhmx.cloudfront.net/cuapb/pages/270/attachments/original/1618166256/Krekelberg_Privacy_Lawsuit.pdf?1618166256,12
"Joseph Haspert, badge #2791",Minneapolis Police Department,https://d3n8a8pro7vhmx.cloudfront.net/cuapb/pages/270/attachments/original/1618166256/Krekelberg_Privacy_Lawsuit.pdf?1618166256,12
"Anna Hedberg, badge #2927",Minneapolis Police Department,https://d3n8a8pro7vhmx.cloudfront.net/cuapb/pages/270/attachments/original/1618166256/Krekelberg_Privacy_Lawsuit.pdf?1618166256,12
"Thomas Hendrickson, badge #2960",Minneapolis Police Department,https://d3n8a8pro7vhmx.cloudfront.net/cuapb/pages/270/attachments/original/1618166256/Krekelberg_Privacy_Lawsuit.pdf?1618166256,12
"Roland Hillstrom, badge #2986",Minneapolis Police Department,https://d3n8a8pro7vhmx.cloudfront.net/cuapb/pages/270/attachments/original/1618166256/Krekelberg_Privacy_Lawsuit.pdf?1618166256,12
"David Honican, badge #3135",Minneapolis Police Department,https://d3n8a8pro7vhmx.cloudfront.net/cuapb/pages/270/attachments/original/1618166256/Krekelberg_Privacy_Lawsuit.pdf?1618166256,12
"Daniel O. Horn, badge #212",Minneapolis Police Department,https://d3n8a8pro7vhmx.cloudfront.net/cuapb/pages/270/attachments/original/1618166256/Krekelberg_Privacy_Lawsuit.pdf?1618166256,12
"Christopher House, badge #3165",Minneapolis Police Department,https://d3n8a8pro7vhmx.cloudfront.net/cuapb/pages/270/attachments/original/1618166256/Krekelberg_Privacy_Lawsuit.pdf?1618166256,12
"Kurt S. Indehar, badge #3209",Minneapolis Police Department,https://d3n8a8pro7vhmx.cloudfront.net/cuapb/pages/270/attachments/original/1618166256/Krekelberg_Privacy_Lawsuit.pdf?1618166256,12
"Robert W. Illetschko, badge #3200",Minneapolis Police Department,https://d3n8a8pro7vhmx.cloudfront.net/cuapb/pages/270/attachments/original/1618166256/Krekelberg_Privacy_Lawsuit.pdf?1618166256,12
"Jennifer Lazarchic (Goodmanson), badge #2319",Minneapolis Police Department,https://d3n8a8pro7vhmx.cloudfront.net/cuapb/pages/270/attachments/original/1618166256/Krekelberg_Privacy_Lawsuit.pdf?1618166256,12
"Alan Liotta, badge #4196",Minneapolis Police Department,https://d3n8a8pro7vhmx.cloudfront.net/cuapb/pages/270/attachments/original/1618166256/Krekelberg_Privacy_Lawsuit.pdf?1618166256,12
"Thomas A. Lopez, badge #4238",Minneapolis Police Department,https://d3n8a8pro7vhmx.cloudfront.net/cuapb/pages/270/attachments/original/1618166256/Krekelberg_Privacy_Lawsuit.pdf?1618166256,12
"Oscar Macias, badge #4319",Minneapolis Police Department,https://d3n8a8pro7vhmx.cloudfront.net/cuapb/pages/270/attachments/original/1618166256/Krekelberg_Privacy_Lawsuit.pdf?1618166256,12
"Timothy J. Mattsson, badge #4490",Minneapolis Police Department,https://d3n8a8pro7vhmx.cloudfront.net/cuapb/pages/270/attachments/original/1618166256/Krekelberg_Privacy_Lawsuit.pdf?1618166256,12
"Matthew J. McLean, badge #4635",Minneapolis Police Department,https://d3n8a8pro7vhmx.cloudfront.net/cuapb/pages/270/attachments/original/1618166256/Krekelberg_Privacy_Lawsuit.pdf?1618166256,12
"Johnny Mercil, badge #4732",Minneapolis Police Department,https://d3n8a8pro7vhmx.cloudfront.net/cuapb/pages/270/attachments/original/1618166256/Krekelberg_Privacy_Lawsuit.pdf?1618166256,12
"Jamiel Mohammad, badge #5150",Minneapolis Police Department,https://d3n8a8pro7vhmx.cloudfront.net/cuapb/pages/270/attachments/original/1618166256/Krekelberg_Privacy_Lawsuit.pdf?1618166256,12
"Blake Moua, badge #4882",Minneapolis Police Department,https://d3n8a8pro7vhmx.cloudfront.net/cuapb/pages/270/attachments/original/1618166256/Krekelberg_Privacy_Lawsuit.pdf?1618166256,12
"Beth Mota (Letourneau), badge #4106",Minneapolis Police Department,https://d3n8a8pro7vhmx.cloudfront.net/cuapb/pages/270/attachments/original/1618166256/Krekelberg_Privacy_Lawsuit.pdf?1618166256,12
"David C. Neil, badge #4950",Minneapolis Police Department,https://d3n8a8pro7vhmx.cloudfront.net/cuapb/pages/270/attachments/original/1618166256/Krekelberg_Privacy_Lawsuit.pdf?1618166256,12
"Matthew G. Olson, badge #5305",Minneapolis Police Department,https://d3n8a8pro7vhmx.cloudfront.net/cuapb/pages/270/attachments/original/1618166256/Krekelberg_Privacy_Lawsuit.pdf?1618166256,12
"George J. Peltz, badge #5546",Minneapolis Police Department,https://d3n8a8pro7vhmx.cloudfront.net/cuapb/pages/270/attachments/original/1618166256/Krekelberg_Privacy_Lawsuit.pdf?1618166256,12
"Michael Pfaff, badge #5675",Minneapolis Police Department,https://d3n8a8pro7vhmx.cloudfront.net/cuapb/pages/270/attachments/original/1618166256/Krekelberg_Privacy_Lawsuit.pdf?1618166256,12
"Lucas Peterson, badge #5630",Minneapolis Police Department,https://d3n8a8pro7vhmx.cloudfront.net/cuapb/pages/270/attachments/original/1618166256/Krekelberg_Privacy_Lawsuit.pdf?1618166256,12
"Patrick S. Reuben, badge #5969",Minneapolis Police Department,https://d3n8a8pro7vhmx.cloudfront.net/cuapb/pages/270/attachments/original/1618166256/Krekelberg_Privacy_Lawsuit.pdf?1618166256,12
"Bryce Robinson, badge #6062",Minneapolis Police Department,https://d3n8a8pro7vhmx.cloudfront.net/cuapb/pages/270/attachments/original/1618166256/Krekelberg_Privacy_Lawsuit.pdf?1618166256,12
"Antonio San Roman, badge #6123",Minneapolis Police Department,https://d3n8a8pro7vhmx.cloudfront.net/cuapb/pages/270/attachments/original/1618166256/Krekelberg_Privacy_Lawsuit.pdf?1618166256,12
"Todd D. Sauvageau, badge #6309",Minneapolis Police Department,https://d3n8a8pro7vhmx.cloudfront.net/cuapb/pages/270/attachments/original/1618166256/Krekelberg_Privacy_Lawsuit.pdf?1618166256,12
"Sherral Schmidt (Miller-Graf), badge #4799",Minneapolis Police Department,https://d3n8a8pro7vhmx.cloudfront.net/cuapb/pages/270/attachments/original/1618166256/Krekelberg_Privacy_Lawsuit.pdf?1618166256,12
"Jarrod Silva, badge #6551",Minneapolis Police Department,https://d3n8a8pro7vhmx.cloudfront.net/cuapb/pages/270/attachments/original/1618166256/Krekelberg_Privacy_Lawsuit.pdf?1618166256,12
"John Staufenberg, badge #6765",Minneapolis Police Department,https://d3n8a8pro7vhmx.cloudfront.net/cuapb/pages/270/attachments/original/1618166256/Krekelberg_Privacy_Lawsuit.pdf?1618166256,12
"Patrick Windus, badge #7802",Minneapolis Police Department,https://d3n8a8pro7vhmx.cloudfront.net/cuapb/pages/270/attachments/original/1618166256/Krekelberg_Privacy_Lawsuit.pdf?1618166256,12
"Mark Wisocki, badge #7820",Minneapolis Police Department,https://d3n8a8pro7vhmx.cloudfront.net/cuapb/pages/270/attachments/original/1618166256/Krekelberg_Privacy_Lawsuit.pdf?1618166256,12
"Steve Wuorinen, badge #7876",Minneapolis Police Department,https://d3n8a8pro7vhmx.cloudfront.net/cuapb/pages/270/attachments/original/1618166256/Krekelberg_Privacy_Lawsuit.pdf?1618166256,12
"Jeffrey York, badge #7893",Minneapolis Police Department,https://d3n8a8pro7vhmx.cloudfront.net/cuapb/pages/270/attachments/original/1618166256/Krekelberg_Privacy_Lawsuit.pdf?1618166256,12
"Matthew J. Koncar, badge #359000",St. Paul Police Department,https://d3n8a8pro7vhmx.cloudfront.net/cuapb/pages/270/attachments/original/1618166256/Krekelberg_Privacy_Lawsuit.pdf?1618166256,12
"Joshua P. Lynaugh, badge #415550",St. Paul Police Department,https://d3n8a8pro7vhmx.cloudfront.net/cuapb/pages/270/attachments/original/1618166256/Krekelberg_Privacy_Lawsuit.pdf?1618166256,12
"Tong S. Yang, badge #750407",St. Paul Police Department,https://d3n8a8pro7vhmx.cloudfront.net/cuapb/pages/270/attachments/original/1618166256/Krekelberg_Privacy_Lawsuit.pdf?1618166256,12
"Salah Ahmed, badge #70",Metro Transit Police Department,https://d3n8a8pro7vhmx.cloudfront.net/cuapb/pages/270/attachments/original/1615994400/Rider's_Almanac_Blog.pdf?1615994400,13
"Mukhtar Abdulkadir, badge #353",Metro Transit Police Department,https://d3n8a8pro7vhmx.cloudfront.net/cuapb/pages/270/attachments/original/1615994400/Rider's_Almanac_Blog.pdf?1615994400,13
"Abdulkhayr  Hirse, badge #None",Metro Transit Police Department,https://d3n8a8pro7vhmx.cloudfront.net/cuapb/pages/270/attachments/original/1615994400/Rider's_Almanac_Blog.pdf?1615994400,13
"Waheid Siraach, badge #None",Metro Transit Police Department,https://d3n8a8pro7vhmx.cloudfront.net/cuapb/pages/270/attachments/original/1615994400/Rider's_Almanac_Blog.pdf?1615994400,13
"Ellen Allen, badge #3276",Minneapolis Police Department,https://assets.nationbuilder.com/cuapb/pages/1462/attachments/original/1647659325/RCA-2022-00187_-_Legal_Settlement_Workers'_Compensation_claim_of_Ellen_Allen.pdf?1647659325,14
"Vincent A. Adams, badge #720505",St. Paul Police Department,https://d3n8a8pro7vhmx.cloudfront.net/cuapb/pages/270/attachments/original/1615680635/2018_St._Paul_police_release_body-cam_footage_in_fatal_shooting_of_William_Hughes.pdf?1615680635,15
"Matthew A. Jones, badge #327630",St. Paul Police Department,https://d3n8a8pro7vhmx.cloudfront.net/cuapb/pages/270/attachments/original/1615680635/2018_St._Paul_police_release_body-cam_footage_in_fatal_shooting_of_William_Hughes.pdf?1615680635,15
"Philip Alejandrino, badge #29",Minneapolis Police Department,https://d3n8a8pro7vhmx.cloudfront.net/cuapb/pages/270/attachments/original/1618167547/2016_USCOURTS-mnd-0_13-cv-03562-1.pdf?1618167547,16
"Carlos Baires Escobar, badge #275",Minneapolis Police Department,https://d3n8a8pro7vhmx.cloudfront.net/cuapb/pages/270/attachments/original/1618167547/2016_USCOURTS-mnd-0_13-cv-03562-1.pdf?1618167547,16
"Aaron Collins, badge #1259",Minneapolis Police Department,https://d3n8a8pro7vhmx.cloudfront.net/cuapb/pages/270/attachments/original/1618167547/2016_USCOURTS-mnd-0_13-cv-03562-1.pdf?1618167547,16
"Brian Cummings, badge #1360",Minneapolis Police Department,https://d3n8a8pro7vhmx.cloudfront.net/cuapb/pages/270/attachments/original/1618167547/2016_USCOURTS-mnd-0_13-cv-03562-1.pdf?1618167547,16
"Christopher Cushenbery, badge #1375",Minneapolis Police Department,https://d3n8a8pro7vhmx.cloudfront.net/cuapb/pages/270/attachments/original/1618167547/2016_USCOURTS-mnd-0_13-cv-03562-1.pdf?1618167547,16
"Mark Durand, badge #1627",Minneapolis Police Department,https://d3n8a8pro7vhmx.cloudfront.net/cuapb/pages/270/attachments/original/1618167547/2016_USCOURTS-mnd-0_13-cv-03562-1.pdf?1618167547,16
"David C. Elliott, badge #1755",Minneapolis Police Department,https://d3n8a8pro7vhmx.cloudfront.net/cuapb/pages/270/attachments/original/1618167547/2016_USCOURTS-mnd-0_13-cv-03562-1.pdf?1618167547,16
"Andrew P. Enriquez, badge #1802",Minneapolis Police Department,https://d3n8a8pro7vhmx.cloudfront.net/cuapb/pages/270/attachments/original/1618167547/2016_USCOURTS-mnd-0_13-cv-03562-1.pdf?1618167547,16
"Eric Faulconer, badge #1925",Minneapolis Police Department,https://d3n8a8pro7vhmx.cloudfront.net/cuapb/pages/270/attachments/original/1618167547/2016_USCOURTS-mnd-0_13-cv-03562-1.pdf?1618167547,16
"Mark J. Gasior, badge #2228",Minneapolis Police Department,https://d3n8a8pro7vhmx.cloudfront.net/cuapb/pages/270/attachments/original/1618167547/2016_USCOURTS-mnd-0_13-cv-03562-1.pdf?1618167547,16
"Scott L. Grabowski, badge #2366",Minneapolis Police Department,https://d3n8a8pro7vhmx.cloudfront.net/cuapb/pages/270/attachments/original/1618167547/2016_USCOURTS-mnd-0_13-cv-03562-1.pdf?1618167547,16
"Dennis Hamilton, badge #2610",Minneapolis Police Department,https://d3n8a8pro7vhmx.cloudfront.net/cuapb/pages/270/attachments/original/1618167547/2016_USCOURTS-mnd-0_13-cv-03562-1.pdf?1618167547,16
"Joseph Haspert, badge #2791",Minneapolis Police Department,https://d3n8a8pro7vhmx.cloudfront.net/cuapb/pages/270/attachments/original/1618167547/2016_USCOURTS-mnd-0_13-cv-03562-1.pdf?1618167547,16
"Anna Hedberg, badge #2927",Minneapolis Police Department,https://d3n8a8pro7vhmx.cloudfront.net/cuapb/pages/270/attachments/original/1618167547/2016_USCOURTS-mnd-0_13-cv-03562-1.pdf?1618167547,16
"Thomas Hendrickson, badge #2960",Minneapolis Police Department,https://d3n8a8pro7vhmx.cloudfront.net/cuapb/pages/270/attachments/original/1618167547/2016_USCOURTS-mnd-0_13-cv-03562-1.pdf?1618167547,16
"Roland Hillstrom, badge #2986",Minneapolis Police Department,https://d3n8a8pro7vhmx.cloudfront.net/cuapb/pages/270/attachments/original/1618167547/2016_USCOURTS-mnd-0_13-cv-03562-1.pdf?1618167547,16
"David Honican, badge #3135",Minneapolis Police Department,https://d3n8a8pro7vhmx.cloudfront.net/cuapb/pages/270/attachments/original/1618167547/2016_USCOURTS-mnd-0_13-cv-03562-1.pdf?1618167547,16
"Daniel O. Horn, badge #212",Minneapolis Police Department,https://d3n8a8pro7vhmx.cloudfront.net/cuapb/pages/270/attachments/original/1618167547/2016_USCOURTS-mnd-0_13-cv-03562-1.pdf?1618167547,16
"Christopher House, badge #3165",Minneapolis Police Department,https://d3n8a8pro7vhmx.cloudfront.net/cuapb/pages/270/attachments/original/1618167547/2016_USCOURTS-mnd-0_13-cv-03562-1.pdf?1618167547,16
"Robert W. Illetschko, badge #3200",Minneapolis Police Department,https://d3n8a8pro7vhmx.cloudfront.net/cuapb/pages/270/attachments/original/1618167547/2016_USCOURTS-mnd-0_13-cv-03562-1.pdf?1618167547,16
"Kurt S. Indehar, badge #3209",Minneapolis Police Department,https://d3n8a8pro7vhmx.cloudfront.net/cuapb/pages/270/attachments/original/1618167547/2016_USCOURTS-mnd-0_13-cv-03562-1.pdf?1618167547,16
"Jennifer Lazarchic (Goodmanson), badge #2319",Minneapolis Police Department,https://d3n8a8pro7vhmx.cloudfront.net/cuapb/pages/270/attachments/original/1618167547/2016_USCOURTS-mnd-0_13-cv-03562-1.pdf?1618167547,16
"Alan Liotta, badge #4196",Minneapolis Police Department,https://d3n8a8pro7vhmx.cloudfront.net/cuapb/pages/270/attachments/original/1618167547/2016_USCOURTS-mnd-0_13-cv-03562-1.pdf?1618167547,16
"Thomas A. Lopez, badge #4238",Minneapolis Police Department,https://d3n8a8pro7vhmx.cloudfront.net/cuapb/pages/270/attachments/original/1618167547/2016_USCOURTS-mnd-0_13-cv-03562-1.pdf?1618167547,16
"Oscar Macias, badge #4319",Minneapolis Police Department,https://d3n8a8pro7vhmx.cloudfront.net/cuapb/pages/270/attachments/original/1618167547/2016_USCOURTS-mnd-0_13-cv-03562-1.pdf?1618167547,16
"Timothy J. Mattsson, badge #4490",Minneapolis Police Department,https://d3n8a8pro7vhmx.cloudfront.net/cuapb/pages/270/attachments/original/1618167547/2016_USCOURTS-mnd-0_13-cv-03562-1.pdf?1618167547,16
"Matthew J. McLean, badge #4635",Minneapolis Police Department,https://d3n8a8pro7vhmx.cloudfront.net/cuapb/pages/270/attachments/original/1618167547/2016_USCOURTS-mnd-0_13-cv-03562-1.pdf?1618167547,16
"Johnny Mercil, badge #4732",Minneapolis Police Department,https://d3n8a8pro7vhmx.cloudfront.net/cuapb/pages/270/attachments/original/1618167547/2016_USCOURTS-mnd-0_13-cv-03562-1.pdf?1618167547,16
"Jamiel Mohammad, badge #5150",Minneapolis Police Department,https://d3n8a8pro7vhmx.cloudfront.net/cuapb/pages/270/attachments/original/1618167547/2016_USCOURTS-mnd-0_13-cv-03562-1.pdf?1618167547,16
"Beth Mota (Letourneau), badge #4106",Minneapolis Police Department,https://d3n8a8pro7vhmx.cloudfront.net/cuapb/pages/270/attachments/original/1618167547/2016_USCOURTS-mnd-0_13-cv-03562-1.pdf?1618167547,16
"Blake Moua, badge #4882",Minneapolis Police Department,https://d3n8a8pro7vhmx.cloudfront.net/cuapb/pages/270/attachments/original/1618167547/2016_USCOURTS-mnd-0_13-cv-03562-1.pdf?1618167547,16
"David C. Neil, badge #4950",Minneapolis Police Department,https://d3n8a8pro7vhmx.cloudfront.net/cuapb/pages/270/attachments/original/1618167547/2016_USCOURTS-mnd-0_13-cv-03562-1.pdf?1618167547,16
"Matthew G. Olson, badge #5305",Minneapolis Police Department,https://d3n8a8pro7vhmx.cloudfront.net/cuapb/pages/270/attachments/original/1618167547/2016_USCOURTS-mnd-0_13-cv-03562-1.pdf?1618167547,16
"George J. Peltz, badge #5546",Minneapolis Police Department,https://d3n8a8pro7vhmx.cloudfront.net/cuapb/pages/270/attachments/original/1618167547/2016_USCOURTS-mnd-0_13-cv-03562-1.pdf?1618167547,16
"Lucas Peterson, badge #5630",Minneapolis Police Department,https://d3n8a8pro7vhmx.cloudfront.net/cuapb/pages/270/attachments/original/1618167547/2016_USCOURTS-mnd-0_13-cv-03562-1.pdf?1618167547,16
"Michael Pfaff, badge #5675",Minneapolis Police Department,https://d3n8a8pro7vhmx.cloudfront.net/cuapb/pages/270/attachments/original/1618167547/2016_USCOURTS-mnd-0_13-cv-03562-1.pdf?1618167547,16
"Patrick S. Reuben, badge #5969",Minneapolis Police Department,https://d3n8a8pro7vhmx.cloudfront.net/cuapb/pages/270/attachments/original/1618167547/2016_USCOURTS-mnd-0_13-cv-03562-1.pdf?1618167547,16
"Bryce Robinson, badge #6062",Minneapolis Police Department,https://d3n8a8pro7vhmx.cloudfront.net/cuapb/pages/270/attachments/original/1618167547/2016_USCOURTS-mnd-0_13-cv-03562-1.pdf?1618167547,16
"Antonio San Roman, badge #6123",Minneapolis Police Department,https://d3n8a8pro7vhmx.cloudfront.net/cuapb/pages/270/attachments/original/1618167547/2016_USCOURTS-mnd-0_13-cv-03562-1.pdf?1618167547,16
"Todd D. Sauvageau, badge #6309",Minneapolis Police Department,https://d3n8a8pro7vhmx.cloudfront.net/cuapb/pages/270/attachments/original/1618167547/2016_USCOURTS-mnd-0_13-cv-03562-1.pdf?1618167547,16
"Sherral Schmidt (Miller-Graf), badge #4799",Minneapolis Police Department,https://d3n8a8pro7vhmx.cloudfront.net/cuapb/pages/270/attachments/original/1618167547/2016_USCOURTS-mnd-0_13-cv-03562-1.pdf?1618167547,16
"Jarrod Silva, badge #6551",Minneapolis Police Department,https://d3n8a8pro7vhmx.cloudfront.net/cuapb/pages/270/attachments/original/1618167547/2016_USCOURTS-mnd-0_13-cv-03562-1.pdf?1618167547,16
"John Staufenberg, badge #6765",Minneapolis Police Department,https://d3n8a8pro7vhmx.cloudfront.net/cuapb/pages/270/attachments/original/1618167547/2016_USCOURTS-mnd-0_13-cv-03562-1.pdf?1618167547,16
"Patrick Windus, badge #7802",Minneapolis Police Department,https://d3n8a8pro7vhmx.cloudfront.net/cuapb/pages/270/attachments/original/1618167547/2016_USCOURTS-mnd-0_13-cv-03562-1.pdf?1618167547,16
"Mark Wisocki, badge #7820",Minneapolis Police Department,https://d3n8a8pro7vhmx.cloudfront.net/cuapb/pages/270/attachments/original/1618167547/2016_USCOURTS-mnd-0_13-cv-03562-1.pdf?1618167547,16
"Steve Wuorinen, badge #7876",Minneapolis Police Department,https://d3n8a8pro7vhmx.cloudfront.net/cuapb/pages/270/attachments/original/1618167547/2016_USCOURTS-mnd-0_13-cv-03562-1.pdf?1618167547,16
"Jeffrey York, badge #7893",Minneapolis Police Department,https://d3n8a8pro7vhmx.cloudfront.net/cuapb/pages/270/attachments/original/1618167547/2016_USCOURTS-mnd-0_13-cv-03562-1.pdf?1618167547,16
"Heather Young (Jorges), badge #3576",Minneapolis Police Department,https://d3n8a8pro7vhmx.cloudfront.net/cuapb/pages/270/attachments/original/1618167547/2016_USCOURTS-mnd-0_13-cv-03562-1.pdf?1618167547,16
"Matthew J. Koncar, badge #359000",St. Paul Police Department,https://d3n8a8pro7vhmx.cloudfront.net/cuapb/pages/270/attachments/original/1618167547/2016_USCOURTS-mnd-0_13-cv-03562-1.pdf?1618167547,16
"Joshua P. Lynaugh, badge #415550",St. Paul Police Department,https://d3n8a8pro7vhmx.cloudfront.net/cuapb/pages/270/attachments/original/1618167547/2016_USCOURTS-mnd-0_13-cv-03562-1.pdf?1618167547,16
"Tong S. Yang, badge #750407",St. Paul Police Department,https://d3n8a8pro7vhmx.cloudfront.net/cuapb/pages/270/attachments/original/1618167547/2016_USCOURTS-mnd-0_13-cv-03562-1.pdf?1618167547,16
"Matthew Alberts, badge #1287",Minneapolis Police Department,https://d3n8a8pro7vhmx.cloudfront.net/cuapb/pages/1462/attachments/original/1638637582/RCA-2021-01256_-_Legal_settlement_Workers'_Compensation_claim_of_Matthew_Alberts.pdf?1638637582,17
"Justin Ahrendt, badge #3220",Mankato Police Department,https://d3n8a8pro7vhmx.cloudfront.net/cuapb/pages/270/attachments/original/1615906010/TaylorMaeOlson_eebb7056-c434-4251-adc6-82e5c3d12636.pdf?1615906010,18
"Brandon Akers, badge #None",Brooklyn Center Police Department,https://d3n8a8pro7vhmx.cloudfront.net/cuapb/pages/270/attachments/original/1618243093/Hennepin_County_won't_file_charges_against_Brooklyn_Center_officers_in_fatal_shooting_-_StarTribune.com.pdf?1618243093,19
"Steven Holt, badge #None",Brooklyn Center Police Department,https://d3n8a8pro7vhmx.cloudfront.net/cuapb/pages/270/attachments/original/1618243093/Hennepin_County_won't_file_charges_against_Brooklyn_Center_officers_in_fatal_shooting_-_StarTribune.com.pdf?1618243093,19
"Cody Turner, badge #None",Brooklyn Center Police Department,https://d3n8a8pro7vhmx.cloudfront.net/cuapb/pages/270/attachments/original/1618243093/Hennepin_County_won't_file_charges_against_Brooklyn_Center_officers_in_fatal_shooting_-_StarTribune.com.pdf?1618243093,19
"Brandon Akers, badge #None",Brooklyn Center Police Department,https://d3n8a8pro7vhmx.cloudfront.net/cuapb/pages/270/attachments/original/1618243509/No_charges_for_officers_who_killed_Brooklyn_Center_man_with_Autism__mother_'appalled'_by_decision_-_Bring_Me_The_News.pdf?1618243509,20
"Steven Holt, badge #None",Brooklyn Center Police Department,https://d3n8a8pro7vhmx.cloudfront.net/cuapb/pages/270/attachments/original/1618243509/No_charges_for_officers_who_killed_Brooklyn_Center_man_with_Autism__mother_'appalled'_by_decision_-_Bring_Me_The_News.pdf?1618243509,20
"Cody Turner, badge #None",Brooklyn Center Police Department,https://d3n8a8pro7vhmx.cloudfront.net/cuapb/pages/270/attachments/original/1618243509/No_charges_for_officers_who_killed_Brooklyn_Center_man_with_Autism__mother_'appalled'_by_decision_-_Bring_Me_The_News.pdf?1618243509,20
"Scott Aikins, badge #22",Minneapolis Police Department,https://d3n8a8pro7vhmx.cloudfront.net/cuapb/pages/270/attachments/original/1615949083/Noor_trial__Fellow_officers_told_Noor_to_keep_quiet__contacted_union_officials_-_StarTribune.com.pdf?1615949083,21
"Shannon L. Barnette, badge #268",Minneapolis Police Department,https://d3n8a8pro7vhmx.cloudfront.net/cuapb/pages/270/attachments/original/1615949083/Noor_trial__Fellow_officers_told_Noor_to_keep_quiet__contacted_union_officials_-_StarTribune.com.pdf?1615949083,21
"Thomas P. Fahey, badge #277",Minneapolis Police Department,https://d3n8a8pro7vhmx.cloudfront.net/cuapb/pages/270/attachments/original/1615949083/Noor_trial__Fellow_officers_told_Noor_to_keep_quiet__contacted_union_officials_-_StarTribune.com.pdf?1615949083,21
"Matthew Harrity, badge #2792",Minneapolis Police Department,https://d3n8a8pro7vhmx.cloudfront.net/cuapb/pages/270/attachments/original/1615949083/Noor_trial__Fellow_officers_told_Noor_to_keep_quiet__contacted_union_officials_-_StarTribune.com.pdf?1615949083,21
"Jesse F. Lopez, badge #4237",Minneapolis Police Department,https://d3n8a8pro7vhmx.cloudfront.net/cuapb/pages/270/attachments/original/1615949083/Noor_trial__Fellow_officers_told_Noor_to_keep_quiet__contacted_union_officials_-_StarTribune.com.pdf?1615949083,21
"Mohamed Noor, badge #5159",Minneapolis Police Department,https://d3n8a8pro7vhmx.cloudfront.net/cuapb/pages/270/attachments/original/1615949083/Noor_trial__Fellow_officers_told_Noor_to_keep_quiet__contacted_union_officials_-_StarTribune.com.pdf?1615949083,21
"Mark Ringgenberg, badge #6030",Minneapolis Police Department,https://d3n8a8pro7vhmx.cloudfront.net/cuapb/pages/270/attachments/original/1615949083/Noor_trial__Fellow_officers_told_Noor_to_keep_quiet__contacted_union_officials_-_StarTribune.com.pdf?1615949083,21
"Mukhtar Abdulkadir, badge #47",Minneapolis Police Department,https://d3n8a8pro7vhmx.cloudfront.net/cuapb/pages/270/attachments/original/1615906867/How_the_officers_charged_in_George_Floyd's_death_could_get_their_jobs_back.pdf?1615906867,22
"Peter Brazeau, badge #750",Minneapolis Police Department,https://d3n8a8pro7vhmx.cloudfront.net/cuapb/pages/270/attachments/original/1615906867/How_the_officers_charged_in_George_Floyd's_death_could_get_their_jobs_back.pdf?1615906867,22
"Derek M. Chauvin, badge #1087",Minneapolis Police Department,https://d3n8a8pro7vhmx.cloudfront.net/cuapb/pages/270/attachments/original/1615906867/How_the_officers_charged_in_George_Floyd's_death_could_get_their_jobs_back.pdf?1615906867,22
"J Alexander Kueng, badge #3897",Minneapolis Police Department,https://d3n8a8pro7vhmx.cloudfront.net/cuapb/pages/270/attachments/original/1615906867/How_the_officers_charged_in_George_Floyd's_death_could_get_their_jobs_back.pdf?1615906867,22
"Thomas Lane, badge #3951",Minneapolis Police Department,https://d3n8a8pro7vhmx.cloudfront.net/cuapb/pages/270/attachments/original/1615906867/How_the_officers_charged_in_George_Floyd's_death_could_get_their_jobs_back.pdf?1615906867,22
"Tou Thao, badge #7162",Minneapolis Police Department,https://d3n8a8pro7vhmx.cloudfront.net/cuapb/pages/270/attachments/original/1615906867/How_the_officers_charged_in_George_Floyd's_death_could_get_their_jobs_back.pdf?1615906867,22
"Christopher Abbas, badge #2",Minneapolis Police Department,https://d3n8a8pro7vhmx.cloudfront.net/cuapb/pages/270/attachments/original/1626647661/USCOURTS-mnd-0_07-cr-00297-1.pdf?1626647661,23
"Christopher Abbas, badge #2",Minneapolis Police Department,https://d3n8a8pro7vhmx.cloudfront.net/cuapb/pages/270/attachments/original/1618324307/Police_Officers'_Fed._of_Minn._v._City_of_Minneapolis__Civil_No._99-1048_%28DWF_AJB%29___Casetext_Search___Citator.pdf?1618324307,24
"William J. Blake, badge #579",Minneapolis Police Department,https://d3n8a8pro7vhmx.cloudfront.net/cuapb/pages/270/attachments/original/1618324307/Police_Officers'_Fed._of_Minn._v._City_of_Minneapolis__Civil_No._99-1048_%28DWF_AJB%29___Casetext_Search___Citator.pdf?1618324307,24
"Christopher Karakostas, badge #3636",Minneapolis Police Department,https://d3n8a8pro7vhmx.cloudfront.net/cuapb/pages/270/attachments/original/1618324307/Police_Officers'_Fed._of_Minn._v._City_of_Minneapolis__Civil_No._99-1048_%28DWF_AJB%29___Casetext_Search___Citator.pdf?1618324307,24
"Richard O. Sheldon, badge #6483",Minneapolis Police Department,https://d3n8a8pro7vhmx.cloudfront.net/cuapb/pages/270/attachments/original/1618324307/Police_Officers'_Fed._of_Minn._v._City_of_Minneapolis__Civil_No._99-1048_%28DWF_AJB%29___Casetext_Search___Citator.pdf?1618324307,24
"Charles F. Adams, badge #9",Minneapolis Police Department,https://d3n8a8pro7vhmx.cloudfront.net/cuapb/pages/270/attachments/original/1615946180/2021_Open-Letter-From-Mpls-Police-Leaders-to-Everyone.pdf?1615946180,25
"Mohamed Abdullahi, badge #28",Minneapolis Police Department,https://d3n8a8pro7vhmx.cloudfront.net/cuapb/pages/270/attachments/original/1615946180/2021_Open-Letter-From-Mpls-Police-Leaders-to-Everyone.pdf?1615946180,25
"John C. Delmonico, badge #1491",Minneapolis Police Department,https://d3n8a8pro7vhmx.cloudfront.net/cuapb/pages/270/attachments/original/1615946180/2021_Open-Letter-From-Mpls-Police-Leaders-to-Everyone.pdf?1615946180,25
"Molly Fischer, badge #2023",Minneapolis Police Department,https://d3n8a8pro7vhmx.cloudfront.net/cuapb/pages/270/attachments/original/1615946180/2021_Open-Letter-From-Mpls-Police-Leaders-to-Everyone.pdf?1615946180,25
"Richard Jackson, badge #3245",Minneapolis Police Department,https://d3n8a8pro7vhmx.cloudfront.net/cuapb/pages/270/attachments/original/1615946180/2021_Open-Letter-From-Mpls-Police-Leaders-to-Everyone.pdf?1615946180,25
"Michael Kirchen, badge #3711",Minneapolis Police Department,https://d3n8a8pro7vhmx.cloudfront.net/cuapb/pages/270/attachments/original/1615946180/2021_Open-Letter-From-Mpls-Police-Leaders-to-Everyone.pdf?1615946180,25
"Mark Klukow, badge #3722",Minneapolis Police Department,https://d3n8a8pro7vhmx.cloudfront.net/cuapb/pages/270/attachments/original/1615946180/2021_Open-Letter-From-Mpls-Police-Leaders-to-Everyone.pdf?1615946180,25
"Darcy Klund, badge #3728",Minneapolis Police Department,https://d3n8a8pro7vhmx.cloudfront.net/cuapb/pages/270/attachments/original/1615946180/2021_Open-Letter-From-Mpls-Police-Leaders-to-Everyone.pdf?1615946180,25
"Stephen McCarty, badge #4523",Minneapolis Police Department,https://d3n8a8pro7vhmx.cloudfront.net/cuapb/pages/270/attachments/original/1615946180/2021_Open-Letter-From-Mpls-Police-Leaders-to-Everyone.pdf?1615946180,25
"Christie L. Nelson, badge #4959",Minneapolis Police Department,https://d3n8a8pro7vhmx.cloudfront.net/cuapb/pages/270/attachments/original/1615946180/2021_Open-Letter-From-Mpls-Police-Leaders-to-Everyone.pdf?1615946180,25
"Gary R. Nelson, badge #4973",Minneapolis Police Department,https://d3n8a8pro7vhmx.cloudfront.net/cuapb/pages/270/attachments/original/1615946180/2021_Open-Letter-From-Mpls-Police-Leaders-to-Everyone.pdf?1615946180,25
"Peter Stanton, badge #6762",Minneapolis Police Department,https://d3n8a8pro7vhmx.cloudfront.net/cuapb/pages/270/attachments/original/1615946180/2021_Open-Letter-From-Mpls-Police-Leaders-to-Everyone.pdf?1615946180,25
"Nicholas J. Torborg, badge #7247",Minneapolis Police Department,https://d3n8a8pro7vhmx.cloudfront.net/cuapb/pages/270/attachments/original/1615946180/2021_Open-Letter-From-Mpls-Police-Leaders-to-Everyone.pdf?1615946180,25
"Richard D. Zimmerman, badge #7961",Minneapolis Police Department,https://d3n8a8pro7vhmx.cloudfront.net/cuapb/pages/270/attachments/original/1615946180/2021_Open-Letter-From-Mpls-Police-Leaders-to-Everyone.pdf?1615946180,25
"Andrew Allen, badge #37",Minneapolis Police Department,https://d3n8a8pro7vhmx.cloudfront.net/cuapb/pages/270/attachments/original/1614808491/2015DanielFancherJudgent.pdf?1614808491,26
"Sokhom Klann, badge #3723",Minneapolis Police Department,https://d3n8a8pro7vhmx.cloudfront.net/cuapb/pages/270/attachments/original/1614808491/2015DanielFancherJudgent.pdf?1614808491,26
"Juan Alonzo, Jr., badge #77",Minneapolis Police Department,https://assets.nationbuilder.com/cuapb/pages/1608/attachments/original/1753998725/20-12979_Juan_Alonzo_Jr.pdf?1753998725,27
"Mukhtar Abdulkadir, badge #47",Minneapolis Police Department,https://d3n8a8pro7vhmx.cloudfront.net/cuapb/pages/270/attachments/original/1614609686/Chauvin_Many_Minnesota_Police_Officers_Remain_on_the_Force_Despite_Misconduct_-_WSJ.pdf?1614609686,28
"Derek M. Chauvin, badge #1087",Minneapolis Police Department,https://d3n8a8pro7vhmx.cloudfront.net/cuapb/pages/270/attachments/original/1614609686/Chauvin_Many_Minnesota_Police_Officers_Remain_on_the_Force_Despite_Misconduct_-_WSJ.pdf?1614609686,28
"Blayne Lehner, badge #4073",Minneapolis Police Department,https://d3n8a8pro7vhmx.cloudfront.net/cuapb/pages/270/attachments/original/1614609686/Chauvin_Many_Minnesota_Police_Officers_Remain_on_the_Force_Despite_Misconduct_-_WSJ.pdf?1614609686,28
"Brian Anderson, badge #91",Minneapolis Police Department,https://d3n8a8pro7vhmx.cloudfront.net/cuapb/pages/270/attachments/original/1618177328/Durand_USCOURTS-mnd-0_10-cv-02092-0.pdf?1618177328,29
"Kevin A. Angerhofer, badge #158",Minneapolis Police Department,https://d3n8a8pro7vhmx.cloudfront.net/cuapb/pages/270/attachments/original/1618177328/Durand_USCOURTS-mnd-0_10-cv-02092-0.pdf?1618177328,29
"Mark Durand, badge #1627",Minneapolis Police Department,https://d3n8a8pro7vhmx.cloudfront.net/cuapb/pages/270/attachments/original/1618177328/Durand_USCOURTS-mnd-0_10-cv-02092-0.pdf?1618177328,29
"Lonnie Hoffbeck, badge #3063",Minneapolis Police Department,https://d3n8a8pro7vhmx.cloudfront.net/cuapb/pages/270/attachments/original/1618177328/Durand_USCOURTS-mnd-0_10-cv-02092-0.pdf?1618177328,29
"Jeff Kading, badge #3598",Minneapolis Police Department,https://d3n8a8pro7vhmx.cloudfront.net/cuapb/pages/270/attachments/original/1618177328/Durand_USCOURTS-mnd-0_10-cv-02092-0.pdf?1618177328,29
"Brandon Kitzerow, badge #3712",Minneapolis Police Department,https://d3n8a8pro7vhmx.cloudfront.net/cuapb/pages/270/attachments/original/1618177328/Durand_USCOURTS-mnd-0_10-cv-02092-0.pdf?1618177328,29
"Peter C. Rud, badge #6200",Minneapolis Police Department,https://d3n8a8pro7vhmx.cloudfront.net/cuapb/pages/270/attachments/original/1618177328/Durand_USCOURTS-mnd-0_10-cv-02092-0.pdf?1618177328,29
"Mark T. Sletta, badge #6620",Minneapolis Police Department,https://d3n8a8pro7vhmx.cloudfront.net/cuapb/pages/270/attachments/original/1618177328/Durand_USCOURTS-mnd-0_10-cv-02092-0.pdf?1618177328,29
"David Voss, badge #7441",Minneapolis Police Department,https://d3n8a8pro7vhmx.cloudfront.net/cuapb/pages/270/attachments/original/1618177328/Durand_USCOURTS-mnd-0_10-cv-02092-0.pdf?1618177328,29
"Shawn Williams, badge #7777",Minneapolis Police Department,https://d3n8a8pro7vhmx.cloudfront.net/cuapb/pages/270/attachments/original/1618177328/Durand_USCOURTS-mnd-0_10-cv-02092-0.pdf?1618177328,29
"Vincent A. Adams, badge #720505",St. Paul Police Department,https://d3n8a8pro7vhmx.cloudfront.net/cuapb/pages/270/attachments/original/1615679865/2018_WJHughes_Family_of_man_shot_and_killed_by_St._Paul_police_demand_bodycam_footage.pdf?1615679865,30
"Matthew A. Jones, badge #327630",St. Paul Police Department,https://d3n8a8pro7vhmx.cloudfront.net/cuapb/pages/270/attachments/original/1615679865/2018_WJHughes_Family_of_man_shot_and_killed_by_St._Paul_police_demand_bodycam_footage.pdf?1615679865,30
"Brian Anderson, badge #91",Minneapolis Police Department,https://d3n8a8pro7vhmx.cloudfront.net/cuapb/pages/270/attachments/original/1615063804/2015LouisTate.pdf?1615063804,31
"Tracy Gross, badge #4070",Minneapolis Police Department,https://d3n8a8pro7vhmx.cloudfront.net/cuapb/pages/270/attachments/original/1615063804/2015LouisTate.pdf?1615063804,31
"Steven Lecy, badge #4057",Minneapolis Police Department,https://d3n8a8pro7vhmx.cloudfront.net/cuapb/pages/270/attachments/original/1615063804/2015LouisTate.pdf?1615063804,31
"Andrew Allen, badge #37",Minneapolis Police Department,https://d3n8a8pro7vhmx.cloudfront.net/cuapb/pages/270/attachments/original/1617635746/Another_MPD_officer_accused_of_using_racial_slur_in_Apple_Valley_fight_-_Bring_Me_The_News.pdf?1617635746,32
"Christopher Bennett, badge #413",Minneapolis Police Department,https://d3n8a8pro7vhmx.cloudfront.net/cuapb/pages/270/attachments/original/1617635746/Another_MPD_officer_accused_of_using_racial_slur_in_Apple_Valley_fight_-_Bring_Me_The_News.pdf?1617635746,32
"Juan Alonzo, Jr., badge #77",Minneapolis Police Department,https://assets.nationbuilder.com/cuapb/pages/1509/attachments/original/1753848409/EVT-269_Juan_Alonzo_Jr.pdf?1753848409,33
"Mukhtar Abdulkadir, badge #47",Minneapolis Police Department,https://d3n8a8pro7vhmx.cloudfront.net/cuapb/pages/270/attachments/original/1615903278/20120518.pdf?1615903278,34
"Mukhtar Abdulkadir, badge #47",Minneapolis Police Department,https://d3n8a8pro7vhmx.cloudfront.net/cuapb/pages/270/attachments/original/1614610838/Mussa_v._Abdulkadir_and_Yang.pdf?1614610838,35
"Ka Yang, badge #7891",Minneapolis Police Department,https://d3n8a8pro7vhmx.cloudfront.net/cuapb/pages/270/attachments/original/1614610838/Mussa_v._Abdulkadir_and_Yang.pdf?1614610838,35
"Vincent A. Adams, badge #720505",St. Paul Police Department,https://d3n8a8pro7vhmx.cloudfront.net/cuapb/pages/270/attachments/original/1626641431/St._Paul_Police_Officers_Not_Charged_in_the_Killing_of_Billy_Hughes_-_UNICORN_RIOT.pdf?1626641431,36
"Felix Alvarado, badge #79",Minneapolis Police Department,https://assets.nationbuilder.com/cuapb/pages/1608/attachments/original/1753998718/20-12185_Felix_Alvarado.pdf?1753998718,37
"Mukhtar Abdulkadir, badge #47",Minneapolis Police Department,https://d3n8a8pro7vhmx.cloudfront.net/cuapb/pages/270/attachments/original/1614610533/Abdulkadir_MPD_rehires_officer_fired_over_domestic_assault_charge_-_StarTribune.com.pdf?1614610533,38
"Richard C. Altonen, badge #66",Minneapolis Police Department,https://d3n8a8pro7vhmx.cloudfront.net/cuapb/pages/270/attachments/original/1614285311/2020_The_Bad_Cops__How_Minneapolis_protects_its_worst_police_officers_until_it%E2%80%99s_too_late_-_Minnesota_Reformer.pdf?1614285311,39
"Medaria Arradondo, badge #231",Minneapolis Police Department,https://d3n8a8pro7vhmx.cloudfront.net/cuapb/pages/270/attachments/original/1614285311/2020_The_Bad_Cops__How_Minneapolis_protects_its_worst_police_officers_until_it%E2%80%99s_too_late_-_Minnesota_Reformer.pdf?1614285311,39
"Richard Altonen, badge #2287",Minneapolis Police Department,https://d3n8a8pro7vhmx.cloudfront.net/cuapb/pages/270/attachments/original/1614285311/2020_The_Bad_Cops__How_Minneapolis_protects_its_worst_police_officers_until_it%E2%80%99s_too_late_-_Minnesota_Reformer.pdf?1614285311,39
"Tyrone Barze, badge #330",Minneapolis Police Department,https://d3n8a8pro7vhmx.cloudfront.net/cuapb/pages/270/attachments/original/1614285311/2020_The_Bad_Cops__How_Minneapolis_protects_its_worst_police_officers_until_it%E2%80%99s_too_late_-_Minnesota_Reformer.pdf?1614285311,39
"Peter Brazeau, badge #750",Minneapolis Police Department,https://d3n8a8pro7vhmx.cloudfront.net/cuapb/pages/270/attachments/original/1614285311/2020_The_Bad_Cops__How_Minneapolis_protects_its_worst_police_officers_until_it%E2%80%99s_too_late_-_Minnesota_Reformer.pdf?1614285311,39
"Alexander Brown, badge #820",Minneapolis Police Department,https://d3n8a8pro7vhmx.cloudfront.net/cuapb/pages/270/attachments/original/1614285311/2020_The_Bad_Cops__How_Minneapolis_protects_its_worst_police_officers_until_it%E2%80%99s_too_late_-_Minnesota_Reformer.pdf?1614285311,39
"Troy Carlson, badge #998",Minneapolis Police Department,https://d3n8a8pro7vhmx.cloudfront.net/cuapb/pages/270/attachments/original/1614285311/2020_The_Bad_Cops__How_Minneapolis_protects_its_worst_police_officers_until_it%E2%80%99s_too_late_-_Minnesota_Reformer.pdf?1614285311,39
"Derek M. Chauvin, badge #1087",Minneapolis Police Department,https://d3n8a8pro7vhmx.cloudfront.net/cuapb/pages/270/attachments/original/1614285311/2020_The_Bad_Cops__How_Minneapolis_protects_its_worst_police_officers_until_it%E2%80%99s_too_late_-_Minnesota_Reformer.pdf?1614285311,39
"Christopher Guelcher, badge #2513",Minneapolis Police Department,https://d3n8a8pro7vhmx.cloudfront.net/cuapb/pages/270/attachments/original/1614285311/2020_The_Bad_Cops__How_Minneapolis_protects_its_worst_police_officers_until_it%E2%80%99s_too_late_-_Minnesota_Reformer.pdf?1614285311,39
"John Haugland, badge #2813",Minneapolis Police Department,https://d3n8a8pro7vhmx.cloudfront.net/cuapb/pages/270/attachments/original/1614285311/2020_The_Bad_Cops__How_Minneapolis_protects_its_worst_police_officers_until_it%E2%80%99s_too_late_-_Minnesota_Reformer.pdf?1614285311,39
"Robert J. Kroll, badge #3874",Minneapolis Police Department,https://d3n8a8pro7vhmx.cloudfront.net/cuapb/pages/270/attachments/original/1614285311/2020_The_Bad_Cops__How_Minneapolis_protects_its_worst_police_officers_until_it%E2%80%99s_too_late_-_Minnesota_Reformer.pdf?1614285311,39
"Blayne Lehner, badge #4073",Minneapolis Police Department,https://d3n8a8pro7vhmx.cloudfront.net/cuapb/pages/270/attachments/original/1614285311/2020_The_Bad_Cops__How_Minneapolis_protects_its_worst_police_officers_until_it%E2%80%99s_too_late_-_Minnesota_Reformer.pdf?1614285311,39
"Christie L. Nelson, badge #4959",Minneapolis Police Department,https://d3n8a8pro7vhmx.cloudfront.net/cuapb/pages/270/attachments/original/1614285311/2020_The_Bad_Cops__How_Minneapolis_protects_its_worst_police_officers_until_it%E2%80%99s_too_late_-_Minnesota_Reformer.pdf?1614285311,39
"William Palmer, badge #5429",Minneapolis Police Department,https://d3n8a8pro7vhmx.cloudfront.net/cuapb/pages/270/attachments/original/1614285311/2020_The_Bad_Cops__How_Minneapolis_protects_its_worst_police_officers_until_it%E2%80%99s_too_late_-_Minnesota_Reformer.pdf?1614285311,39
"Michael R. Sauro, badge #6313",Minneapolis Police Department,https://d3n8a8pro7vhmx.cloudfront.net/cuapb/pages/270/attachments/original/1614285311/2020_The_Bad_Cops__How_Minneapolis_protects_its_worst_police_officers_until_it%E2%80%99s_too_late_-_Minnesota_Reformer.pdf?1614285311,39
"Heather Sterzinger, badge #4241",Minneapolis Police Department,https://d3n8a8pro7vhmx.cloudfront.net/cuapb/pages/270/attachments/original/1614285311/2020_The_Bad_Cops__How_Minneapolis_protects_its_worst_police_officers_until_it%E2%80%99s_too_late_-_Minnesota_Reformer.pdf?1614285311,39
"Kent Warnberg, badge #7570",Minneapolis Police Department,https://d3n8a8pro7vhmx.cloudfront.net/cuapb/pages/270/attachments/original/1614285311/2020_The_Bad_Cops__How_Minneapolis_protects_its_worst_police_officers_until_it%E2%80%99s_too_late_-_Minnesota_Reformer.pdf?1614285311,39
"Steve Wuorinen, badge #7876",Minneapolis Police Department,https://d3n8a8pro7vhmx.cloudfront.net/cuapb/pages/270/attachments/original/1614285311/2020_The_Bad_Cops__How_Minneapolis_protects_its_worst_police_officers_until_it%E2%80%99s_too_late_-_Minnesota_Reformer.pdf?1614285311,39
"Mukhtar Abdulkadir, badge #47",Minneapolis Police Department,https://d3n8a8pro7vhmx.cloudfront.net/cuapb/pages/270/attachments/original/1638294070/SRO_Article.pdf?1638294070,40
"Charles Adams, III, badge #59",Minneapolis Police Department,https://d3n8a8pro7vhmx.cloudfront.net/cuapb/pages/270/attachments/original/1638294070/SRO_Article.pdf?1638294070,40
"Derek M. Chauvin, badge #1087",Minneapolis Police Department,https://d3n8a8pro7vhmx.cloudfront.net/cuapb/pages/270/attachments/original/1638294070/SRO_Article.pdf?1638294070,40
"Abdiwahab Ali, badge #30",Minneapolis Police Department,https://d3n8a8pro7vhmx.cloudfront.net/cuapb/pages/270/attachments/original/1614647960/Ali_Cedar-Riverside_calls_for_greater_representation_mndaily.com.pdf?1614647960,41
"Mohamed Abdullahi, badge #28",Minneapolis Police Department,https://d3n8a8pro7vhmx.cloudfront.net/cuapb/pages/270/attachments/original/1614647960/Ali_Cedar-Riverside_calls_for_greater_representation_mndaily.com.pdf?1614647960,41
"Waheid Siraach, badge #None",Metro Transit Police Department,https://d3n8a8pro7vhmx.cloudfront.net/cuapb/pages/270/attachments/original/1615996089/Somali-American_officers_bridge_gap_between_police_and_community___MinnPost.pdf?1615996089,42
"Mukhtar Abdulkadir, badge #47",Minneapolis Police Department,https://d3n8a8pro7vhmx.cloudfront.net/cuapb/pages/270/attachments/original/1615996089/Somali-American_officers_bridge_gap_between_police_and_community___MinnPost.pdf?1615996089,42
"Abdiwahab Ali, badge #30",Minneapolis Police Department,https://d3n8a8pro7vhmx.cloudfront.net/cuapb/pages/270/attachments/original/1615996089/Somali-American_officers_bridge_gap_between_police_and_community___MinnPost.pdf?1615996089,42
"Kadra Mohamed, badge #None",St. Paul Police Department,https://d3n8a8pro7vhmx.cloudfront.net/cuapb/pages/270/attachments/original/1615996089/Somali-American_officers_bridge_gap_between_police_and_community___MinnPost.pdf?1615996089,42
"Abdiwahab Ali, badge #30",Minneapolis Police Department,https://d3n8a8pro7vhmx.cloudfront.net/cuapb/pages/270/attachments/original/1614613937/Ali_Minneapolis_cops_lauded_for_arresting_anti-Somali_attacker___The_Cities___Minnesota_Public_Radio_News.pdf?1614613937,43
"Mohamed Abdullahi, badge #28",Minneapolis Police Department,https://d3n8a8pro7vhmx.cloudfront.net/cuapb/pages/270/attachments/original/1614613937/Ali_Minneapolis_cops_lauded_for_arresting_anti-Somali_attacker___The_Cities___Minnesota_Public_Radio_News.pdf?1614613937,43
"Jeanine Brudenell, badge #845",Minneapolis Police Department,https://d3n8a8pro7vhmx.cloudfront.net/cuapb/pages/270/attachments/original/1614613937/Ali_Minneapolis_cops_lauded_for_arresting_anti-Somali_attacker___The_Cities___Minnesota_Public_Radio_News.pdf?1614613937,43
"Charles F. Adams, badge #9",Minneapolis Police Department,https://d3n8a8pro7vhmx.cloudfront.net/cuapb/pages/270/attachments/original/1617586455/Police_transfer_black_cops_amid_cries_of_racism_-_StarTribune.com.pdf?1617586455,44
"Brian Anderson, badge #91",Minneapolis Police Department,https://d3n8a8pro7vhmx.cloudfront.net/cuapb/pages/270/attachments/original/1626029959/38.pdf?1626029959,45
"Mark Durand, badge #1627",Minneapolis Police Department,https://d3n8a8pro7vhmx.cloudfront.net/cuapb/pages/270/attachments/original/1626029959/38.pdf?1626029959,45
"Lonnie Hoffbeck, badge #3063",Minneapolis Police Department,https://d3n8a8pro7vhmx.cloudfront.net/cuapb/pages/270/attachments/original/1626029959/38.pdf?1626029959,45
"Jeff Kading, badge #3598",Minneapolis Police Department,https://d3n8a8pro7vhmx.cloudfront.net/cuapb/pages/270/attachments/original/1626029959/38.pdf?1626029959,45
"Brandon Kitzerow, badge #3712",Minneapolis Police Department,https://d3n8a8pro7vhmx.cloudfront.net/cuapb/pages/270/attachments/original/1626029959/38.pdf?1626029959,45
"Peter C. Rud, badge #6200",Minneapolis Police Department,https://d3n8a8pro7vhmx.cloudfront.net/cuapb/pages/270/attachments/original/1626029959/38.pdf?1626029959,45
"Mark T. Sletta, badge #6620",Minneapolis Police Department,https://d3n8a8pro7vhmx.cloudfront.net/cuapb/pages/270/attachments/original/1626029959/38.pdf?1626029959,45
"David Voss, badge #7441",Minneapolis Police Department,https://d3n8a8pro7vhmx.cloudfront.net/cuapb/pages/270/attachments/original/1626029959/38.pdf?1626029959,45
"Shawn Williams, badge #7777",Minneapolis Police Department,https://d3n8a8pro7vhmx.cloudfront.net/cuapb/pages/270/attachments/original/1626029959/38.pdf?1626029959,45
"Abdiwahab Ali, badge #30",Minneapolis Police Department,https://d3n8a8pro7vhmx.cloudfront.net/cuapb/pages/270/attachments/original/1614613669/Abdullahi_Minneapolis_police's_Somali_outreach_gets_national_attention_-_StarTribune.com.pdf?1614613669,46
"Mohamed Abdullahi, badge #28",Minneapolis Police Department,https://d3n8a8pro7vhmx.cloudfront.net/cuapb/pages/270/attachments/original/1614613669/Abdullahi_Minneapolis_police's_Somali_outreach_gets_national_attention_-_StarTribune.com.pdf?1614613669,46
"Charles F. Adams, badge #9",Minneapolis Police Department,https://d3n8a8pro7vhmx.cloudfront.net/cuapb/pages/270/attachments/original/1615987082/2021Adams_New_Minneapolis_Fourth_Precinct_inspector's_story_is_one_of_the_North_Side.pdf?1615987082,47
"Vincent A. Adams, badge #720505",St. Paul Police Department,https://d3n8a8pro7vhmx.cloudfront.net/cuapb/pages/270/attachments/original/1615903601/BCA_investigation_complete_in_St._Paul_officer-involved_shooting_of_Billy_Hughes.pdf?1615903601,48
"Matthew A. Jones, badge #327630",St. Paul Police Department,https://d3n8a8pro7vhmx.cloudfront.net/cuapb/pages/270/attachments/original/1615903601/BCA_investigation_complete_in_St._Paul_officer-involved_shooting_of_Billy_Hughes.pdf?1615903601,48
"Walter Alvarado, badge #81",Minneapolis Police Department,https://d3n8a8pro7vhmx.cloudfront.net/cuapb/pages/270/attachments/original/1614985683/Foulkes_Man__3_Mpls._police_officers_who_traded_shots_are_identified_-_StarTribune.com.pdf?1614985683,49
"Omar Foulkes, badge #2077",Minneapolis Police Department,https://d3n8a8pro7vhmx.cloudfront.net/cuapb/pages/270/attachments/original/1614985683/Foulkes_Man__3_Mpls._police_officers_who_traded_shots_are_identified_-_StarTribune.com.pdf?1614985683,49
"Brandon Kitzerow, badge #3712",Minneapolis Police Department,https://d3n8a8pro7vhmx.cloudfront.net/cuapb/pages/270/attachments/original/1614985683/Foulkes_Man__3_Mpls._police_officers_who_traded_shots_are_identified_-_StarTribune.com.pdf?1614985683,49
"Mohamed Abdullahi, badge #28",Minneapolis Police Department,https://d3n8a8pro7vhmx.cloudfront.net/cuapb/pages/270/attachments/original/1615946416/Minneapolis_officers'_letter__rallies_add_to_voices_for_change_-_StarTribune.com.pdf?1615946416,50
"Charles F. Adams, badge #9",Minneapolis Police Department,https://d3n8a8pro7vhmx.cloudfront.net/cuapb/pages/270/attachments/original/1615946416/Minneapolis_officers'_letter__rallies_add_to_voices_for_change_-_StarTribune.com.pdf?1615946416,50
"John C. Delmonico, badge #1491",Minneapolis Police Department,https://d3n8a8pro7vhmx.cloudfront.net/cuapb/pages/270/attachments/original/1615946416/Minneapolis_officers'_letter__rallies_add_to_voices_for_change_-_StarTribune.com.pdf?1615946416,50
"Molly Fischer, badge #2023",Minneapolis Police Department,https://d3n8a8pro7vhmx.cloudfront.net/cuapb/pages/270/attachments/original/1615946416/Minneapolis_officers'_letter__rallies_add_to_voices_for_change_-_StarTribune.com.pdf?1615946416,50
"Richard Jackson, badge #3245",Minneapolis Police Department,https://d3n8a8pro7vhmx.cloudfront.net/cuapb/pages/270/attachments/original/1615946416/Minneapolis_officers'_letter__rallies_add_to_voices_for_change_-_StarTribune.com.pdf?1615946416,50
"Michael Kirchen, badge #3711",Minneapolis Police Department,https://d3n8a8pro7vhmx.cloudfront.net/cuapb/pages/270/attachments/original/1615946416/Minneapolis_officers'_letter__rallies_add_to_voices_for_change_-_StarTribune.com.pdf?1615946416,50
"Mark Klukow, badge #3722",Minneapolis Police Department,https://d3n8a8pro7vhmx.cloudfront.net/cuapb/pages/270/attachments/original/1615946416/Minneapolis_officers'_letter__rallies_add_to_voices_for_change_-_StarTribune.com.pdf?1615946416,50
"Darcy Klund, badge #3728",Minneapolis Police Department,https://d3n8a8pro7vhmx.cloudfront.net/cuapb/pages/270/attachments/original/1615946416/Minneapolis_officers'_letter__rallies_add_to_voices_for_change_-_StarTribune.com.pdf?1615946416,50
"Stephen McCarty, badge #4523",Minneapolis Police Department,https://d3n8a8pro7vhmx.cloudfront.net/cuapb/pages/270/attachments/original/1615946416/Minneapolis_officers'_letter__rallies_add_to_voices_for_change_-_StarTribune.com.pdf?1615946416,50
"Christie L. Nelson, badge #4959",Minneapolis Police Department,https://d3n8a8pro7vhmx.cloudfront.net/cuapb/pages/270/attachments/original/1615946416/Minneapolis_officers'_letter__rallies_add_to_voices_for_change_-_StarTribune.com.pdf?1615946416,50
"Gary R. Nelson, badge #4973",Minneapolis Police Department,https://d3n8a8pro7vhmx.cloudfront.net/cuapb/pages/270/attachments/original/1615946416/Minneapolis_officers'_letter__rallies_add_to_voices_for_change_-_StarTribune.com.pdf?1615946416,50
"Peter Stanton, badge #6762",Minneapolis Police Department,https://d3n8a8pro7vhmx.cloudfront.net/cuapb/pages/270/attachments/original/1615946416/Minneapolis_officers'_letter__rallies_add_to_voices_for_change_-_StarTribune.com.pdf?1615946416,50
"Nicholas J. Torborg, badge #7247",Minneapolis Police Department,https://d3n8a8pro7vhmx.cloudfront.net/cuapb/pages/270/attachments/original/1615946416/Minneapolis_officers'_letter__rallies_add_to_voices_for_change_-_StarTribune.com.pdf?1615946416,50
"Richard D. Zimmerman, badge #7961",Minneapolis Police Department,https://d3n8a8pro7vhmx.cloudfront.net/cuapb/pages/270/attachments/original/1615946416/Minneapolis_officers'_letter__rallies_add_to_voices_for_change_-_StarTribune.com.pdf?1615946416,50
"Christopher Abbas, badge #2",Minneapolis Police Department,https://d3n8a8pro7vhmx.cloudfront.net/cuapb/pages/270/attachments/original/1615906257/Abbas_Financial_crimes_task_force_is_leaderless___MPR_News.pdf?1615906257,51
"Charles Adams, III, badge #59",Minneapolis Police Department,https://d3n8a8pro7vhmx.cloudfront.net/cuapb/pages/270/attachments/original/1615987734/2020Adams_North_football_coach_Adams_leaving_Mpls._police_to_direct_security_for_Twins.pdf?1615987734,52
"Brian Anderson, badge #91",Minneapolis Police Department,https://assets.nationbuilder.com/cuapb/pages/1462/attachments/original/1647659324/RCA-2022-00173_-_Legal_Settlement_Workers'_Compensation_claim_of_Brian_Anderson.pdf?1647659324,53
"Mukhtar Abdulkadir, badge #47",Minneapolis Police Department,https://d3n8a8pro7vhmx.cloudfront.net/cuapb/pages/270/attachments/original/1614610239/Abdulkadir_Minneapolis_cop_accused_of_attacking_his_wife_%E2%80%93_Twin_Cities.pdf?1614610239,54
"Steve J. Anderson, badge #17250",St. Paul Police Department,https://d3n8a8pro7vhmx.cloudfront.net/cuapb/pages/270/attachments/original/1626451973/St._Paul_reaches_settlement_with_man_who_claimed_he_was_kicked_and_tasered_by_police.pdf?1626451973,55
"Abraham T. Cyr, badge #139000",St. Paul Police Department,https://d3n8a8pro7vhmx.cloudfront.net/cuapb/pages/270/attachments/original/1626451973/St._Paul_reaches_settlement_with_man_who_claimed_he_was_kicked_and_tasered_by_police.pdf?1626451973,55
"Soren M. Mahowald, badge #435000",St. Paul Police Department,https://d3n8a8pro7vhmx.cloudfront.net/cuapb/pages/270/attachments/original/1626451973/St._Paul_reaches_settlement_with_man_who_claimed_he_was_kicked_and_tasered_by_police.pdf?1626451973,55
"John E. Pyka, badge #556010",St. Paul Police Department,https://d3n8a8pro7vhmx.cloudfront.net/cuapb/pages/270/attachments/original/1626451973/St._Paul_reaches_settlement_with_man_who_claimed_he_was_kicked_and_tasered_by_police.pdf?1626451973,55
"Craig D. Rhode, badge #569900",St. Paul Police Department,https://d3n8a8pro7vhmx.cloudfront.net/cuapb/pages/270/attachments/original/1626451973/St._Paul_reaches_settlement_with_man_who_claimed_he_was_kicked_and_tasered_by_police.pdf?1626451973,55
"Tobias Anderson, badge #132",Minneapolis Police Department,https://www.govinfo.gov/content/pkg/USCOURTS-mnd-0_11-cv-01520/pdf/USCOURTS-mnd-0_11-cv-01520-0.pdf,56
"Joseph Klimmek, badge #3735",Minneapolis Police Department,https://www.govinfo.gov/content/pkg/USCOURTS-mnd-0_11-cv-01520/pdf/USCOURTS-mnd-0_11-cv-01520-0.pdf,56
"Aaron Apitz, badge #None",Itasca County Sheriff's Department,https://assets.nationbuilder.com/cuapb/pages/1472/attachments/original/1669428027/Apitz_Itasca_Co._sheriff's_deputy_charged_with_videotaping_girl_in_bathroom.pdf?1669428027,57
"Daniel Anderson, badge #94",Minneapolis Police Department,https://d3n8a8pro7vhmx.cloudfront.net/cuapb/pages/270/attachments/original/1626626433/Man_shot_by_Minneapolis_police_in_theft_is_charged_%E2%80%93_Twin_Cities.pdf?1626626433,58
"Gretchen Bloss, badge #611",Minneapolis Police Department,https://d3n8a8pro7vhmx.cloudfront.net/cuapb/pages/270/attachments/original/1626626433/Man_shot_by_Minneapolis_police_in_theft_is_charged_%E2%80%93_Twin_Cities.pdf?1626626433,58
"Danielle Evans, badge #4020",Minneapolis Police Department,https://d3n8a8pro7vhmx.cloudfront.net/cuapb/pages/270/attachments/original/1626626433/Man_shot_by_Minneapolis_police_in_theft_is_charged_%E2%80%93_Twin_Cities.pdf?1626626433,58
"Richard Taylor, badge #7152",Minneapolis Police Department,https://d3n8a8pro7vhmx.cloudfront.net/cuapb/pages/270/attachments/original/1626626433/Man_shot_by_Minneapolis_police_in_theft_is_charged_%E2%80%93_Twin_Cities.pdf?1626626433,58
"Aaron Apitz, badge #None",Itasca County Sheriff's Department,https://assets.nationbuilder.com/cuapb/pages/1472/attachments/original/1669100798/Apitz_Aaron-14-007-11506.pdf?1669100798,59
"Aaron Apitz, badge #None",Itasca County Sheriff's Department,https://assets.nationbuilder.com/cuapb/pages/1472/attachments/original/1669428030/Apitz_Ex-Itasca_County_deputy_pleads_guilty_to_trying_to_record_girl_in_shower_-_Duluth_News_Tribune_News__weather__and_sports_from_Duluth__Minnesota.pdf?1669428030,60
"Sherry R. Appledorn, badge #214",Minneapolis Police Department,https://d3n8a8pro7vhmx.cloudfront.net/cuapb/pages/270/attachments/original/1615090957/Minneapolis_settles_cop_brutality_case_-_StarTribune.com.pdf?1615090957,61
"Aaron Apitz, badge #None",Itasca County Sheriff's Department,https://assets.nationbuilder.com/cuapb/pages/1472/attachments/original/1669428472/John_Lom__Appellant__v._Itasca_County__et_al.__Respondents._C2-01-1603__Court_of_Appeals_Unpublished__February_26__2002..pdf?1669428472,62
"Sherry R. Appledorn, badge #214",Minneapolis Police Department,https://assets.nationbuilder.com/cuapb/pages/1462/attachments/original/1647659326/RCA-2022-00188_-_Legal_Settlement_Workers'_Compensation_claim_of_Sherry_Appledorn.pdf?1647659326,63
"Tobias Anderson, badge #132",Minneapolis Police Department,https://assets.nationbuilder.com/cuapb/pages/1509/attachments/original/1753847392/17-15133_Tobias_Anderson.pdf?1753847392,64
"Abdiwahab Ali, badge #30",Minneapolis Police Department,https://d3n8a8pro7vhmx.cloudfront.net/cuapb/pages/270/attachments/original/1598164921/17-03832_Part_1.pdf?1598164921,65
"Thomas D. Arnold, badge #21850",St. Paul Police Department,https://d3n8a8pro7vhmx.cloudfront.net/cuapb/pages/270/attachments/original/1616253660/2008Arnold_St._Paul_officer's_record_now_at_issue.pdf?1616253660,66
"Sherry R. Appledorn, badge #214",Minneapolis Police Department,https://d3n8a8pro7vhmx.cloudfront.net/cuapb/pages/270/attachments/original/1626548059/BARIBEAU_v._CITY_OF_MINNEAPOLIS___FindLaw.pdf?1626548059,67
"John A. Billington, badge #556",Minneapolis Police Department,https://d3n8a8pro7vhmx.cloudfront.net/cuapb/pages/270/attachments/original/1626548059/BARIBEAU_v._CITY_OF_MINNEAPOLIS___FindLaw.pdf?1626548059,67
"Jeanine Brudenell, badge #845",Minneapolis Police Department,https://d3n8a8pro7vhmx.cloudfront.net/cuapb/pages/270/attachments/original/1626548059/BARIBEAU_v._CITY_OF_MINNEAPOLIS___FindLaw.pdf?1626548059,67
"Erika Christensen, badge #1097",Minneapolis Police Department,https://d3n8a8pro7vhmx.cloudfront.net/cuapb/pages/270/attachments/original/1626548059/BARIBEAU_v._CITY_OF_MINNEAPOLIS___FindLaw.pdf?1626548059,67
"Robert Greer, badge #2441",Minneapolis Police Department,https://d3n8a8pro7vhmx.cloudfront.net/cuapb/pages/270/attachments/original/1626548059/BARIBEAU_v._CITY_OF_MINNEAPOLIS___FindLaw.pdf?1626548059,67
"Timothy J. Hoeppner, badge #3051",Minneapolis Police Department,https://d3n8a8pro7vhmx.cloudfront.net/cuapb/pages/270/attachments/original/1626548059/BARIBEAU_v._CITY_OF_MINNEAPOLIS___FindLaw.pdf?1626548059,67
"Timothy J. Merkel, badge #4744",Minneapolis Police Department,https://d3n8a8pro7vhmx.cloudfront.net/cuapb/pages/270/attachments/original/1626548059/BARIBEAU_v._CITY_OF_MINNEAPOLIS___FindLaw.pdf?1626548059,67
"Edward T. Nelson, badge #4970",Minneapolis Police Department,https://d3n8a8pro7vhmx.cloudfront.net/cuapb/pages/270/attachments/original/1626548059/BARIBEAU_v._CITY_OF_MINNEAPOLIS___FindLaw.pdf?1626548059,67
"Daniel Pommerenke, badge #5774",Minneapolis Police Department,https://d3n8a8pro7vhmx.cloudfront.net/cuapb/pages/270/attachments/original/1626548059/BARIBEAU_v._CITY_OF_MINNEAPOLIS___FindLaw.pdf?1626548059,67
"Roderick Weber, badge #7612",Minneapolis Police Department,https://d3n8a8pro7vhmx.cloudfront.net/cuapb/pages/270/attachments/original/1626548059/BARIBEAU_v._CITY_OF_MINNEAPOLIS___FindLaw.pdf?1626548059,67
"Philip Alejandrino, badge #29",Minneapolis Police Department,https://d3n8a8pro7vhmx.cloudfront.net/cuapb/pages/270/attachments/original/1618168204/Cop_Gets__585K_After_Colleagues_Snooped_on_Her_DMV_Data___WIRED.pdf?1618168204,68
"Carlos Baires Escobar, badge #275",Minneapolis Police Department,https://d3n8a8pro7vhmx.cloudfront.net/cuapb/pages/270/attachments/original/1618168204/Cop_Gets__585K_After_Colleagues_Snooped_on_Her_DMV_Data___WIRED.pdf?1618168204,68
"Brian Cummings, badge #1360",Minneapolis Police Department,https://d3n8a8pro7vhmx.cloudfront.net/cuapb/pages/270/attachments/original/1618168204/Cop_Gets__585K_After_Colleagues_Snooped_on_Her_DMV_Data___WIRED.pdf?1618168204,68
"Christopher Cushenbery, badge #1375",Minneapolis Police Department,https://d3n8a8pro7vhmx.cloudfront.net/cuapb/pages/270/attachments/original/1618168204/Cop_Gets__585K_After_Colleagues_Snooped_on_Her_DMV_Data___WIRED.pdf?1618168204,68
"Mark Durand, badge #1627",Minneapolis Police Department,https://d3n8a8pro7vhmx.cloudfront.net/cuapb/pages/270/attachments/original/1618168204/Cop_Gets__585K_After_Colleagues_Snooped_on_Her_DMV_Data___WIRED.pdf?1618168204,68
"Aaron Collins, badge #1259",Minneapolis Police Department,https://d3n8a8pro7vhmx.cloudfront.net/cuapb/pages/270/attachments/original/1618168204/Cop_Gets__585K_After_Colleagues_Snooped_on_Her_DMV_Data___WIRED.pdf?1618168204,68
"David C. Elliott, badge #1755",Minneapolis Police Department,https://d3n8a8pro7vhmx.cloudfront.net/cuapb/pages/270/attachments/original/1618168204/Cop_Gets__585K_After_Colleagues_Snooped_on_Her_DMV_Data___WIRED.pdf?1618168204,68
"Andrew P. Enriquez, badge #1802",Minneapolis Police Department,https://d3n8a8pro7vhmx.cloudfront.net/cuapb/pages/270/attachments/original/1618168204/Cop_Gets__585K_After_Colleagues_Snooped_on_Her_DMV_Data___WIRED.pdf?1618168204,68
"Eric Faulconer, badge #1925",Minneapolis Police Department,https://d3n8a8pro7vhmx.cloudfront.net/cuapb/pages/270/attachments/original/1618168204/Cop_Gets__585K_After_Colleagues_Snooped_on_Her_DMV_Data___WIRED.pdf?1618168204,68
"Mark J. Gasior, badge #2228",Minneapolis Police Department,https://d3n8a8pro7vhmx.cloudfront.net/cuapb/pages/270/attachments/original/1618168204/Cop_Gets__585K_After_Colleagues_Snooped_on_Her_DMV_Data___WIRED.pdf?1618168204,68
"Scott L. Grabowski, badge #2366",Minneapolis Police Department,https://d3n8a8pro7vhmx.cloudfront.net/cuapb/pages/270/attachments/original/1618168204/Cop_Gets__585K_After_Colleagues_Snooped_on_Her_DMV_Data___WIRED.pdf?1618168204,68
"Dennis Hamilton, badge #2610",Minneapolis Police Department,https://d3n8a8pro7vhmx.cloudfront.net/cuapb/pages/270/attachments/original/1618168204/Cop_Gets__585K_After_Colleagues_Snooped_on_Her_DMV_Data___WIRED.pdf?1618168204,68
"Anna Hedberg, badge #2927",Minneapolis Police Department,https://d3n8a8pro7vhmx.cloudfront.net/cuapb/pages/270/attachments/original/1618168204/Cop_Gets__585K_After_Colleagues_Snooped_on_Her_DMV_Data___WIRED.pdf?1618168204,68
"Thomas Hendrickson, badge #2960",Minneapolis Police Department,https://d3n8a8pro7vhmx.cloudfront.net/cuapb/pages/270/attachments/original/1618168204/Cop_Gets__585K_After_Colleagues_Snooped_on_Her_DMV_Data___WIRED.pdf?1618168204,68
"Joseph Haspert, badge #2791",Minneapolis Police Department,https://d3n8a8pro7vhmx.cloudfront.net/cuapb/pages/270/attachments/original/1618168204/Cop_Gets__585K_After_Colleagues_Snooped_on_Her_DMV_Data___WIRED.pdf?1618168204,68
"David Honican, badge #3135",Minneapolis Police Department,https://d3n8a8pro7vhmx.cloudfront.net/cuapb/pages/270/attachments/original/1618168204/Cop_Gets__585K_After_Colleagues_Snooped_on_Her_DMV_Data___WIRED.pdf?1618168204,68
"Roland Hillstrom, badge #2986",Minneapolis Police Department,https://d3n8a8pro7vhmx.cloudfront.net/cuapb/pages/270/attachments/original/1618168204/Cop_Gets__585K_After_Colleagues_Snooped_on_Her_DMV_Data___WIRED.pdf?1618168204,68
"Christopher House, badge #3165",Minneapolis Police Department,https://d3n8a8pro7vhmx.cloudfront.net/cuapb/pages/270/attachments/original/1618168204/Cop_Gets__585K_After_Colleagues_Snooped_on_Her_DMV_Data___WIRED.pdf?1618168204,68
"Kurt S. Indehar, badge #3209",Minneapolis Police Department,https://d3n8a8pro7vhmx.cloudfront.net/cuapb/pages/270/attachments/original/1618168204/Cop_Gets__585K_After_Colleagues_Snooped_on_Her_DMV_Data___WIRED.pdf?1618168204,68
"Daniel O. Horn, badge #212",Minneapolis Police Department,https://d3n8a8pro7vhmx.cloudfront.net/cuapb/pages/270/attachments/original/1618168204/Cop_Gets__585K_After_Colleagues_Snooped_on_Her_DMV_Data___WIRED.pdf?1618168204,68
"Robert W. Illetschko, badge #3200",Minneapolis Police Department,https://d3n8a8pro7vhmx.cloudfront.net/cuapb/pages/270/attachments/original/1618168204/Cop_Gets__585K_After_Colleagues_Snooped_on_Her_DMV_Data___WIRED.pdf?1618168204,68
"Jennifer Lazarchic (Goodmanson), badge #2319",Minneapolis Police Department,https://d3n8a8pro7vhmx.cloudfront.net/cuapb/pages/270/attachments/original/1618168204/Cop_Gets__585K_After_Colleagues_Snooped_on_Her_DMV_Data___WIRED.pdf?1618168204,68
"Oscar Macias, badge #4319",Minneapolis Police Department,https://d3n8a8pro7vhmx.cloudfront.net/cuapb/pages/270/attachments/original/1618168204/Cop_Gets__585K_After_Colleagues_Snooped_on_Her_DMV_Data___WIRED.pdf?1618168204,68
"Thomas A. Lopez, badge #4238",Minneapolis Police Department,https://d3n8a8pro7vhmx.cloudfront.net/cuapb/pages/270/attachments/original/1618168204/Cop_Gets__585K_After_Colleagues_Snooped_on_Her_DMV_Data___WIRED.pdf?1618168204,68
"Alan Liotta, badge #4196",Minneapolis Police Department,https://d3n8a8pro7vhmx.cloudfront.net/cuapb/pages/270/attachments/original/1618168204/Cop_Gets__585K_After_Colleagues_Snooped_on_Her_DMV_Data___WIRED.pdf?1618168204,68
"Timothy J. Mattsson, badge #4490",Minneapolis Police Department,https://d3n8a8pro7vhmx.cloudfront.net/cuapb/pages/270/attachments/original/1618168204/Cop_Gets__585K_After_Colleagues_Snooped_on_Her_DMV_Data___WIRED.pdf?1618168204,68
"Matthew J. McLean, badge #4635",Minneapolis Police Department,https://d3n8a8pro7vhmx.cloudfront.net/cuapb/pages/270/attachments/original/1618168204/Cop_Gets__585K_After_Colleagues_Snooped_on_Her_DMV_Data___WIRED.pdf?1618168204,68
"Johnny Mercil, badge #4732",Minneapolis Police Department,https://d3n8a8pro7vhmx.cloudfront.net/cuapb/pages/270/attachments/original/1618168204/Cop_Gets__585K_After_Colleagues_Snooped_on_Her_DMV_Data___WIRED.pdf?1618168204,68
"Jamiel Mohammad, badge #5150",Minneapolis Police Department,https://d3n8a8pro7vhmx.cloudfront.net/cuapb/pages/270/attachments/original/1618168204/Cop_Gets__585K_After_Colleagues_Snooped_on_Her_DMV_Data___WIRED.pdf?1618168204,68
"Blake Moua, badge #4882",Minneapolis Police Department,https://d3n8a8pro7vhmx.cloudfront.net/cuapb/pages/270/attachments/original/1618168204/Cop_Gets__585K_After_Colleagues_Snooped_on_Her_DMV_Data___WIRED.pdf?1618168204,68
"Beth Mota (Letourneau), badge #4106",Minneapolis Police Department,https://d3n8a8pro7vhmx.cloudfront.net/cuapb/pages/270/attachments/original/1618168204/Cop_Gets__585K_After_Colleagues_Snooped_on_Her_DMV_Data___WIRED.pdf?1618168204,68
"Matthew G. Olson, badge #5305",Minneapolis Police Department,https://d3n8a8pro7vhmx.cloudfront.net/cuapb/pages/270/attachments/original/1618168204/Cop_Gets__585K_After_Colleagues_Snooped_on_Her_DMV_Data___WIRED.pdf?1618168204,68
"David C. Neil, badge #4950",Minneapolis Police Department,https://d3n8a8pro7vhmx.cloudfront.net/cuapb/pages/270/attachments/original/1618168204/Cop_Gets__585K_After_Colleagues_Snooped_on_Her_DMV_Data___WIRED.pdf?1618168204,68
"George J. Peltz, badge #5546",Minneapolis Police Department,https://d3n8a8pro7vhmx.cloudfront.net/cuapb/pages/270/attachments/original/1618168204/Cop_Gets__585K_After_Colleagues_Snooped_on_Her_DMV_Data___WIRED.pdf?1618168204,68
"Michael Pfaff, badge #5675",Minneapolis Police Department,https://d3n8a8pro7vhmx.cloudfront.net/cuapb/pages/270/attachments/original/1618168204/Cop_Gets__585K_After_Colleagues_Snooped_on_Her_DMV_Data___WIRED.pdf?1618168204,68
"Lucas Peterson, badge #5630",Minneapolis Police Department,https://d3n8a8pro7vhmx.cloudfront.net/cuapb/pages/270/attachments/original/1618168204/Cop_Gets__585K_After_Colleagues_Snooped_on_Her_DMV_Data___WIRED.pdf?1618168204,68
"Patrick S. Reuben, badge #5969",Minneapolis Police Department,https://d3n8a8pro7vhmx.cloudfront.net/cuapb/pages/270/attachments/original/1618168204/Cop_Gets__585K_After_Colleagues_Snooped_on_Her_DMV_Data___WIRED.pdf?1618168204,68
"Bryce Robinson, badge #6062",Minneapolis Police Department,https://d3n8a8pro7vhmx.cloudfront.net/cuapb/pages/270/attachments/original/1618168204/Cop_Gets__585K_After_Colleagues_Snooped_on_Her_DMV_Data___WIRED.pdf?1618168204,68
"Antonio San Roman, badge #6123",Minneapolis Police Department,https://d3n8a8pro7vhmx.cloudfront.net/cuapb/pages/270/attachments/original/1618168204/Cop_Gets__585K_After_Colleagues_Snooped_on_Her_DMV_Data___WIRED.pdf?1618168204,68
"Todd D. Sauvageau, badge #6309",Minneapolis Police Department,https://d3n8a8pro7vhmx.cloudfront.net/cuapb/pages/270/attachments/original/1618168204/Cop_Gets__585K_After_Colleagues_Snooped_on_Her_DMV_Data___WIRED.pdf?1618168204,68
"Sherral Schmidt (Miller-Graf), badge #4799",Minneapolis Police Department,https://d3n8a8pro7vhmx.cloudfront.net/cuapb/pages/270/attachments/original/1618168204/Cop_Gets__585K_After_Colleagues_Snooped_on_Her_DMV_Data___WIRED.pdf?1618168204,68
"Jarrod Silva, badge #6551",Minneapolis Police Department,https://d3n8a8pro7vhmx.cloudfront.net/cuapb/pages/270/attachments/original/1618168204/Cop_Gets__585K_After_Colleagues_Snooped_on_Her_DMV_Data___WIRED.pdf?1618168204,68
"John Staufenberg, badge #6765",Minneapolis Police Department,https://d3n8a8pro7vhmx.cloudfront.net/cuapb/pages/270/attachments/original/1618168204/Cop_Gets__585K_After_Colleagues_Snooped_on_Her_DMV_Data___WIRED.pdf?1618168204,68
"Mark Wisocki, badge #7820",Minneapolis Police Department,https://d3n8a8pro7vhmx.cloudfront.net/cuapb/pages/270/attachments/original/1618168204/Cop_Gets__585K_After_Colleagues_Snooped_on_Her_DMV_Data___WIRED.pdf?1618168204,68
"Patrick Windus, badge #7802",Minneapolis Police Department,https://d3n8a8pro7vhmx.cloudfront.net/cuapb/pages/270/attachments/original/1618168204/Cop_Gets__585K_After_Colleagues_Snooped_on_Her_DMV_Data___WIRED.pdf?1618168204,68
"Jeffrey York, badge #7893",Minneapolis Police Department,https://d3n8a8pro7vhmx.cloudfront.net/cuapb/pages/270/attachments/original/1618168204/Cop_Gets__585K_After_Colleagues_Snooped_on_Her_DMV_Data___WIRED.pdf?1618168204,68
"Steve Wuorinen, badge #7876",Minneapolis Police Department,https://d3n8a8pro7vhmx.cloudfront.net/cuapb/pages/270/attachments/original/1618168204/Cop_Gets__585K_After_Colleagues_Snooped_on_Her_DMV_Data___WIRED.pdf?1618168204,68
"Matthew J. Koncar, badge #359000",St. Paul Police Department,https://d3n8a8pro7vhmx.cloudfront.net/cuapb/pages/270/attachments/original/1618168204/Cop_Gets__585K_After_Colleagues_Snooped_on_Her_DMV_Data___WIRED.pdf?1618168204,68
"Joshua P. Lynaugh, badge #415550",St. Paul Police Department,https://d3n8a8pro7vhmx.cloudfront.net/cuapb/pages/270/attachments/original/1618168204/Cop_Gets__585K_After_Colleagues_Snooped_on_Her_DMV_Data___WIRED.pdf?1618168204,68
"Tong S. Yang, badge #750407",St. Paul Police Department,https://d3n8a8pro7vhmx.cloudfront.net/cuapb/pages/270/attachments/original/1618168204/Cop_Gets__585K_After_Colleagues_Snooped_on_Her_DMV_Data___WIRED.pdf?1618168204,68
"Abdiwahab Ali, badge #30",Minneapolis Police Department,https://d3n8a8pro7vhmx.cloudfront.net/cuapb/pages/270/attachments/original/1598165216/17-03832_Part_4.pdf?1598165216,69
"Kristine Arneson, badge #211",Minneapolis Police Department,https://d3n8a8pro7vhmx.cloudfront.net/cuapb/pages/270/attachments/original/1614187746/How_to_Spend_Millions_Settling_Lawsuits_%28City_Pages_2005%29.pdf?1614187746,70
"Jeffrey Boeltl, badge #653",Minneapolis Police Department,https://d3n8a8pro7vhmx.cloudfront.net/cuapb/pages/270/attachments/original/1614187746/How_to_Spend_Millions_Settling_Lawsuits_%28City_Pages_2005%29.pdf?1614187746,70
"Mark Bohnsack, badge #656",Minneapolis Police Department,https://d3n8a8pro7vhmx.cloudfront.net/cuapb/pages/270/attachments/original/1614187746/How_to_Spend_Millions_Settling_Lawsuits_%28City_Pages_2005%29.pdf?1614187746,70
"Scott R. Gerlicher, badge #2238",Minneapolis Police Department,https://d3n8a8pro7vhmx.cloudfront.net/cuapb/pages/270/attachments/original/1614187746/How_to_Spend_Millions_Settling_Lawsuits_%28City_Pages_2005%29.pdf?1614187746,70
"Michael M. Kaneko, badge #3620",Minneapolis Police Department,https://d3n8a8pro7vhmx.cloudfront.net/cuapb/pages/270/attachments/original/1614187746/How_to_Spend_Millions_Settling_Lawsuits_%28City_Pages_2005%29.pdf?1614187746,70
"Robert J. Kroll, badge #3874",Minneapolis Police Department,https://d3n8a8pro7vhmx.cloudfront.net/cuapb/pages/270/attachments/original/1614187746/How_to_Spend_Millions_Settling_Lawsuits_%28City_Pages_2005%29.pdf?1614187746,70
"Patrick McCarver, badge #4526",Minneapolis Police Department,https://d3n8a8pro7vhmx.cloudfront.net/cuapb/pages/270/attachments/original/1614187746/How_to_Spend_Millions_Settling_Lawsuits_%28City_Pages_2005%29.pdf?1614187746,70
"Sean McGinty, badge #4591",Minneapolis Police Department,https://d3n8a8pro7vhmx.cloudfront.net/cuapb/pages/270/attachments/original/1614187746/How_to_Spend_Millions_Settling_Lawsuits_%28City_Pages_2005%29.pdf?1614187746,70
"David Menter, badge #4721",Minneapolis Police Department,https://d3n8a8pro7vhmx.cloudfront.net/cuapb/pages/270/attachments/original/1614187746/How_to_Spend_Millions_Settling_Lawsuits_%28City_Pages_2005%29.pdf?1614187746,70
"Victor Mills, badge #4800",Minneapolis Police Department,https://d3n8a8pro7vhmx.cloudfront.net/cuapb/pages/270/attachments/original/1614187746/How_to_Spend_Millions_Settling_Lawsuits_%28City_Pages_2005%29.pdf?1614187746,70
"Robert Mooney, badge #4841",Minneapolis Police Department,https://d3n8a8pro7vhmx.cloudfront.net/cuapb/pages/270/attachments/original/1614187746/How_to_Spend_Millions_Settling_Lawsuits_%28City_Pages_2005%29.pdf?1614187746,70
"Gary R. Nelson, badge #4973",Minneapolis Police Department,https://d3n8a8pro7vhmx.cloudfront.net/cuapb/pages/270/attachments/original/1614187746/How_to_Spend_Millions_Settling_Lawsuits_%28City_Pages_2005%29.pdf?1614187746,70
"William Palmer, badge #5429",Minneapolis Police Department,https://d3n8a8pro7vhmx.cloudfront.net/cuapb/pages/270/attachments/original/1614187746/How_to_Spend_Millions_Settling_Lawsuits_%28City_Pages_2005%29.pdf?1614187746,70
"Michael D. Roberts, badge #6056",Minneapolis Police Department,https://d3n8a8pro7vhmx.cloudfront.net/cuapb/pages/270/attachments/original/1614187746/How_to_Spend_Millions_Settling_Lawsuits_%28City_Pages_2005%29.pdf?1614187746,70
"Andrew Stender, badge #6791",Minneapolis Police Department,https://d3n8a8pro7vhmx.cloudfront.net/cuapb/pages/270/attachments/original/1614187746/How_to_Spend_Millions_Settling_Lawsuits_%28City_Pages_2005%29.pdf?1614187746,70
"Steven Tatro, badge #7130",Minneapolis Police Department,https://d3n8a8pro7vhmx.cloudfront.net/cuapb/pages/270/attachments/original/1614187746/How_to_Spend_Millions_Settling_Lawsuits_%28City_Pages_2005%29.pdf?1614187746,70
"Richard K. Thomas, badge #7182",Minneapolis Police Department,https://d3n8a8pro7vhmx.cloudfront.net/cuapb/pages/270/attachments/original/1614187746/How_to_Spend_Millions_Settling_Lawsuits_%28City_Pages_2005%29.pdf?1614187746,70
"Thomas D. Arnold, badge #21850",St. Paul Police Department,https://d3n8a8pro7vhmx.cloudfront.net/cuapb/pages/270/attachments/original/1616262921/2017_Donahue_St._Paul_man_sues_police_after_detainment.pdf?1616262921,71
"Bobby J. Donahue, badge #157350",St. Paul Police Department,https://d3n8a8pro7vhmx.cloudfront.net/cuapb/pages/270/attachments/original/1616262921/2017_Donahue_St._Paul_man_sues_police_after_detainment.pdf?1616262921,71
"Marshall B. Titus, badge #688855",St. Paul Police Department,https://d3n8a8pro7vhmx.cloudfront.net/cuapb/pages/270/attachments/original/1616262921/2017_Donahue_St._Paul_man_sues_police_after_detainment.pdf?1616262921,71
"Walter Alvarado, badge #81",Minneapolis Police Department,https://d3n8a8pro7vhmx.cloudfront.net/cuapb/pages/270/attachments/original/1614985536/2016DavidTEmbaye.pdf?1614985536,72
"Omar Foulkes, badge #2077",Minneapolis Police Department,https://d3n8a8pro7vhmx.cloudfront.net/cuapb/pages/270/attachments/original/1614985536/2016DavidTEmbaye.pdf?1614985536,72
"Brandon Kitzerow, badge #3712",Minneapolis Police Department,https://d3n8a8pro7vhmx.cloudfront.net/cuapb/pages/270/attachments/original/1614985536/2016DavidTEmbaye.pdf?1614985536,72
"Sherry R. Appledorn, badge #214",Minneapolis Police Department,https://d3n8a8pro7vhmx.cloudfront.net/cuapb/pages/270/attachments/original/1626278994/Despite_continuing_controversy__Minneapolis_police_still_sold_on_value_of_Tasers___MinnPost.pdf?1626278994,73
"Todd L. Lappegaard, badge #3968",Minneapolis Police Department,https://d3n8a8pro7vhmx.cloudfront.net/cuapb/pages/270/attachments/original/1626278994/Despite_continuing_controversy__Minneapolis_police_still_sold_on_value_of_Tasers___MinnPost.pdf?1626278994,73
"William Palmer, badge #5429",Minneapolis Police Department,https://d3n8a8pro7vhmx.cloudfront.net/cuapb/pages/270/attachments/original/1626278994/Despite_continuing_controversy__Minneapolis_police_still_sold_on_value_of_Tasers___MinnPost.pdf?1626278994,73
"Jaime Arriola, badge #224",Minneapolis Police Department,https://assets.nationbuilder.com/cuapb/pages/1608/attachments/original/1753998783/21-03803_Jaime_Arriola.pdf?1753998783,74
"Michael Artmann, badge #None",Hennepin County Sheriff's Department,https://assets.nationbuilder.com/cuapb/pages/1473/attachments/original/1671254295/20211214_Artmann.pdf?1671254295,75
"Sherry R. Appledorn, badge #214",Minneapolis Police Department,https://d3n8a8pro7vhmx.cloudfront.net/cuapb/pages/270/attachments/original/1625788148/Symone_Taylor_case_-_2006.pdf?1625788148,76
"Kurt Mencil, badge #4719",Minneapolis Police Department,https://d3n8a8pro7vhmx.cloudfront.net/cuapb/pages/270/attachments/original/1625788148/Symone_Taylor_case_-_2006.pdf?1625788148,76
"Aaron C. Morrison, badge #4859",Minneapolis Police Department,https://d3n8a8pro7vhmx.cloudfront.net/cuapb/pages/270/attachments/original/1625788148/Symone_Taylor_case_-_2006.pdf?1625788148,76
"Gary R. Nelson, badge #4973",Minneapolis Police Department,https://d3n8a8pro7vhmx.cloudfront.net/cuapb/pages/270/attachments/original/1625788148/Symone_Taylor_case_-_2006.pdf?1625788148,76
"Lucas Peterson, badge #5630",Minneapolis Police Department,https://d3n8a8pro7vhmx.cloudfront.net/cuapb/pages/270/attachments/original/1625788148/Symone_Taylor_case_-_2006.pdf?1625788148,76
"Thomas E. Schmid, badge #6357",Minneapolis Police Department,https://d3n8a8pro7vhmx.cloudfront.net/cuapb/pages/270/attachments/original/1625788148/Symone_Taylor_case_-_2006.pdf?1625788148,76
"Thomas D. Arnold, badge #21850",St. Paul Police Department,https://d3n8a8pro7vhmx.cloudfront.net/cuapb/pages/270/attachments/original/1616263400/2019_Judge_dismisses_lawsuit_brought_by_St._Paul_man_detained_in_a_hot_police_squad.pdf?1616263400,77
"Bobby J. Donahue, badge #157350",St. Paul Police Department,https://d3n8a8pro7vhmx.cloudfront.net/cuapb/pages/270/attachments/original/1616263400/2019_Judge_dismisses_lawsuit_brought_by_St._Paul_man_detained_in_a_hot_police_squad.pdf?1616263400,77
"Marshall B. Titus, badge #688855",St. Paul Police Department,https://d3n8a8pro7vhmx.cloudfront.net/cuapb/pages/270/attachments/original/1616263400/2019_Judge_dismisses_lawsuit_brought_by_St._Paul_man_detained_in_a_hot_police_squad.pdf?1616263400,77
"Thomas D. Arnold, badge #21850",St. Paul Police Department,https://d3n8a8pro7vhmx.cloudfront.net/cuapb/pages/270/attachments/original/1616253943/2008_Arnold_St._Paul_cop%E2%80%99s_loaded_gun_stolen_from_his_car.pdf?1616253943,78
"Thomas D. Arnold, badge #21850",St. Paul Police Department,https://d3n8a8pro7vhmx.cloudfront.net/cuapb/pages/270/attachments/original/1616247267/St._Paul_man_was_unlawfully_detained_in_hot_police_car__lawsuit_alleges.pdf?1616247267,79
"Bobby J. Donahue, badge #157350",St. Paul Police Department,https://d3n8a8pro7vhmx.cloudfront.net/cuapb/pages/270/attachments/original/1616247267/St._Paul_man_was_unlawfully_detained_in_hot_police_car__lawsuit_alleges.pdf?1616247267,79
"Marshall B. Titus, badge #688855",St. Paul Police Department,https://d3n8a8pro7vhmx.cloudfront.net/cuapb/pages/270/attachments/original/1616247267/St._Paul_man_was_unlawfully_detained_in_hot_police_car__lawsuit_alleges.pdf?1616247267,79
"Thomas D. Arnold, badge #21850",St. Paul Police Department,https://d3n8a8pro7vhmx.cloudfront.net/cuapb/pages/270/attachments/original/1616264837/JOSEPH_v._DONAHUE.pdf?1616264837,80
"Bobby J. Donahue, badge #157350",St. Paul Police Department,https://d3n8a8pro7vhmx.cloudfront.net/cuapb/pages/270/attachments/original/1616264837/JOSEPH_v._DONAHUE.pdf?1616264837,80
"Marshall B. Titus, badge #688855",St. Paul Police Department,https://d3n8a8pro7vhmx.cloudfront.net/cuapb/pages/270/attachments/original/1616264837/JOSEPH_v._DONAHUE.pdf?1616264837,80
"Sherry R. Appledorn, badge #214",Minneapolis Police Department,https://d3n8a8pro7vhmx.cloudfront.net/cuapb/pages/1461/attachments/original/1638002737/13-30015_Appledorn_Pt_5.pdf?1638002737,81
"Todd Babekuhl, badge #246",Minneapolis Police Department,https://d3n8a8pro7vhmx.cloudfront.net/cuapb/pages/270/attachments/original/1618069835/April_6__Family_wins__225_000_settlement_against_Minneapolis_police_-_StarTribune.com.pdf?1618069835,82
"Mark E. Beaupre, badge #362",Minneapolis Police Department,https://d3n8a8pro7vhmx.cloudfront.net/cuapb/pages/270/attachments/original/1618069835/April_6__Family_wins__225_000_settlement_against_Minneapolis_police_-_StarTribune.com.pdf?1618069835,82
"Kendall A. Chambers, badge #1078",Minneapolis Police Department,https://d3n8a8pro7vhmx.cloudfront.net/cuapb/pages/270/attachments/original/1618069835/April_6__Family_wins__225_000_settlement_against_Minneapolis_police_-_StarTribune.com.pdf?1618069835,82
"Scott Creighton, badge #1331",Minneapolis Police Department,https://d3n8a8pro7vhmx.cloudfront.net/cuapb/pages/270/attachments/original/1618069835/April_6__Family_wins__225_000_settlement_against_Minneapolis_police_-_StarTribune.com.pdf?1618069835,82
"Chad Fuchs, badge #2145",Minneapolis Police Department,https://d3n8a8pro7vhmx.cloudfront.net/cuapb/pages/270/attachments/original/1618069835/April_6__Family_wins__225_000_settlement_against_Minneapolis_police_-_StarTribune.com.pdf?1618069835,82
"Christopher Garbisch, badge #2214",Minneapolis Police Department,https://d3n8a8pro7vhmx.cloudfront.net/cuapb/pages/270/attachments/original/1618069835/April_6__Family_wins__225_000_settlement_against_Minneapolis_police_-_StarTribune.com.pdf?1618069835,82
"Mark Kaspszak, badge #3642",Minneapolis Police Department,https://d3n8a8pro7vhmx.cloudfront.net/cuapb/pages/270/attachments/original/1618069835/April_6__Family_wins__225_000_settlement_against_Minneapolis_police_-_StarTribune.com.pdf?1618069835,82
"Steven Lynch, badge #4303",Minneapolis Police Department,https://d3n8a8pro7vhmx.cloudfront.net/cuapb/pages/270/attachments/original/1618069835/April_6__Family_wins__225_000_settlement_against_Minneapolis_police_-_StarTribune.com.pdf?1618069835,82
"Aaron C. Morrison, badge #4859",Minneapolis Police Department,https://d3n8a8pro7vhmx.cloudfront.net/cuapb/pages/270/attachments/original/1618069835/April_6__Family_wins__225_000_settlement_against_Minneapolis_police_-_StarTribune.com.pdf?1618069835,82
"Steven W. Mosey, badge #4875",Minneapolis Police Department,https://d3n8a8pro7vhmx.cloudfront.net/cuapb/pages/270/attachments/original/1618069835/April_6__Family_wins__225_000_settlement_against_Minneapolis_police_-_StarTribune.com.pdf?1618069835,82
"Mark L. Osland, badge #5376",Minneapolis Police Department,https://d3n8a8pro7vhmx.cloudfront.net/cuapb/pages/270/attachments/original/1618069835/April_6__Family_wins__225_000_settlement_against_Minneapolis_police_-_StarTribune.com.pdf?1618069835,82
"George J. Peltz, badge #5546",Minneapolis Police Department,https://d3n8a8pro7vhmx.cloudfront.net/cuapb/pages/270/attachments/original/1618069835/April_6__Family_wins__225_000_settlement_against_Minneapolis_police_-_StarTribune.com.pdf?1618069835,82
"Lucas Peterson, badge #5630",Minneapolis Police Department,https://d3n8a8pro7vhmx.cloudfront.net/cuapb/pages/270/attachments/original/1618069835/April_6__Family_wins__225_000_settlement_against_Minneapolis_police_-_StarTribune.com.pdf?1618069835,82
"Nicholas H. Rowe, badge #6179",Minneapolis Police Department,https://d3n8a8pro7vhmx.cloudfront.net/cuapb/pages/270/attachments/original/1618069835/April_6__Family_wins__225_000_settlement_against_Minneapolis_police_-_StarTribune.com.pdf?1618069835,82
"Peter C. Rud, badge #6200",Minneapolis Police Department,https://d3n8a8pro7vhmx.cloudfront.net/cuapb/pages/270/attachments/original/1618069835/April_6__Family_wins__225_000_settlement_against_Minneapolis_police_-_StarTribune.com.pdf?1618069835,82
"Julio Baez, badge #None",Kasson Police Department,https://assets.nationbuilder.com/cuapb/pages/1472/attachments/original/1669100920/Baez_Julio-18-012-16987.pdf?1669100920,83
"Kelly D. Backman, badge #None",Otter Tail County Sheriff's Office,https://d3n8a8pro7vhmx.cloudfront.net/cuapb/pages/270/attachments/original/1636432211/Prosecutor_forced_to_drop_a_dozen_cases_after_Fergus_Falls_deputy_charged.pdf?1636432211,84
"Kelly D. Backman, badge #None",Otter Tail County Sheriff's Office,https://d3n8a8pro7vhmx.cloudfront.net/cuapb/pages/270/attachments/original/1636432006/Backman_pleads_guilty_to_misconduct_charges.pdf?1636432006,85
"Todd Babekuhl, badge #246",Minneapolis Police Department,https://d3n8a8pro7vhmx.cloudfront.net/cuapb/pages/270/attachments/original/1618074509/Todd_Babekuhl_4.pdf?1618074509,86
"Steven W. Mosey, badge #4875",Minneapolis Police Department,https://d3n8a8pro7vhmx.cloudfront.net/cuapb/pages/270/attachments/original/1618074509/Todd_Babekuhl_4.pdf?1618074509,86
"Todd Babekuhl, badge #246",Minneapolis Police Department,https://d3n8a8pro7vhmx.cloudfront.net/cuapb/pages/270/attachments/original/1614710513/Jindra_MPR__Feds_won't_prosecute_Minneapolis_officers_in_plunger_case.pdf?1614710513,87
"Jeffrey R. Jindra, badge #3289",Minneapolis Police Department,https://d3n8a8pro7vhmx.cloudfront.net/cuapb/pages/270/attachments/original/1614710513/Jindra_MPR__Feds_won't_prosecute_Minneapolis_officers_in_plunger_case.pdf?1614710513,87
"Kelly D. Backman, badge #None",Otter Tail County Sheriff's Office,https://d3n8a8pro7vhmx.cloudfront.net/cuapb/pages/270/attachments/original/1614039081/Kelly_Bachman_High_During_High_Speed_Chase.pdf?1614039081,88
"Carlos Baires Escobar, badge #275",Minneapolis Police Department,https://d3n8a8pro7vhmx.cloudfront.net/cuapb/pages/270/attachments/original/1625952487/Cop_Immunity_on_Taser_Death_Affirmed_by_8th___Courthouse_News_Service.pdf?1625952487,89
"Shawn Brandt, badge #746",Minneapolis Police Department,https://d3n8a8pro7vhmx.cloudfront.net/cuapb/pages/270/attachments/original/1625952487/Cop_Immunity_on_Taser_Death_Affirmed_by_8th___Courthouse_News_Service.pdf?1625952487,89
"Timothy E. Devick, badge #1526",Minneapolis Police Department,https://d3n8a8pro7vhmx.cloudfront.net/cuapb/pages/270/attachments/original/1625952487/Cop_Immunity_on_Taser_Death_Affirmed_by_8th___Courthouse_News_Service.pdf?1625952487,89
"Christopher Humphrey, badge #3188",Minneapolis Police Department,https://d3n8a8pro7vhmx.cloudfront.net/cuapb/pages/270/attachments/original/1625952487/Cop_Immunity_on_Taser_Death_Affirmed_by_8th___Courthouse_News_Service.pdf?1625952487,89
"Nicholas McCarthy, badge #4521",Minneapolis Police Department,https://d3n8a8pro7vhmx.cloudfront.net/cuapb/pages/270/attachments/original/1625952487/Cop_Immunity_on_Taser_Death_Affirmed_by_8th___Courthouse_News_Service.pdf?1625952487,89
"Jeff Bailey, badge #None",Bloomington Police Department,https://assets.nationbuilder.com/cuapb/pages/270/attachments/original/1671993107/Bloomington_police_identify_officers_involved_in_fatal_shooting_MPR_News.pdf?1671993107,90
"Anthony Kiehl, badge #None",Bloomington Police Department,https://assets.nationbuilder.com/cuapb/pages/270/attachments/original/1671993107/Bloomington_police_identify_officers_involved_in_fatal_shooting_MPR_News.pdf?1671993107,90
"Mike Perron, badge #None",Bloomington Police Department,https://assets.nationbuilder.com/cuapb/pages/270/attachments/original/1671993107/Bloomington_police_identify_officers_involved_in_fatal_shooting_MPR_News.pdf?1671993107,90
"Mike Smith, badge #None",Bloomington Police Department,https://assets.nationbuilder.com/cuapb/pages/270/attachments/original/1671993107/Bloomington_police_identify_officers_involved_in_fatal_shooting_MPR_News.pdf?1671993107,90
"Todd Babekuhl, badge #246",Minneapolis Police Department,https://d3n8a8pro7vhmx.cloudfront.net/cuapb/pages/270/attachments/original/1618074910/Todd_Babekuhl_3.pdf?1618074910,91
"Jeffrey R. Jindra, badge #3289",Minneapolis Police Department,https://d3n8a8pro7vhmx.cloudfront.net/cuapb/pages/270/attachments/original/1618074910/Todd_Babekuhl_3.pdf?1618074910,91
"Ashlee Bahl, badge #407",Chaska Police Department,https://d3n8a8pro7vhmx.cloudfront.net/cuapb/pages/270/attachments/original/1617327618/Ashlee_Bahl_3.pdf?1617327618,92
"Kenneth Baker, badge #3144",Mankato Police Department,https://d3n8a8pro7vhmx.cloudfront.net/cuapb/pages/270/attachments/original/1618017854/Kenneth_Baker_3.pdf?1618017854,93
"Carlos Baires Escobar, badge #275",Minneapolis Police Department,https://d3n8a8pro7vhmx.cloudfront.net/cuapb/pages/270/attachments/original/1626641138/Shawn_Brandt.pdf?1626641138,94
"Shawn Brandt, badge #746",Minneapolis Police Department,https://d3n8a8pro7vhmx.cloudfront.net/cuapb/pages/270/attachments/original/1626641138/Shawn_Brandt.pdf?1626641138,94
"Timothy E. Devick, badge #1526",Minneapolis Police Department,https://d3n8a8pro7vhmx.cloudfront.net/cuapb/pages/270/attachments/original/1626641138/Shawn_Brandt.pdf?1626641138,94
"Christopher Humphrey, badge #3188",Minneapolis Police Department,https://d3n8a8pro7vhmx.cloudfront.net/cuapb/pages/270/attachments/original/1626641138/Shawn_Brandt.pdf?1626641138,94
"Nicholas McCarthy, badge #4521",Minneapolis Police Department,https://d3n8a8pro7vhmx.cloudfront.net/cuapb/pages/270/attachments/original/1626641138/Shawn_Brandt.pdf?1626641138,94
"Donald R. Banham, badge #266",Minneapolis Police Department,https://d3n8a8pro7vhmx.cloudfront.net/cuapb/pages/270/attachments/original/1617987793/Donald_Banham_2.pdf?1617987793,95
"Kenneth Baker, badge #3144",Mankato Police Department,https://d3n8a8pro7vhmx.cloudfront.net/cuapb/pages/270/attachments/original/1618017678/Kenneth_Baker_2.pdf?1618017678,96
"Donald W. Banick, badge #31687",St. Paul Police Department,https://d3n8a8pro7vhmx.cloudfront.net/cuapb/pages/270/attachments/original/1617991761/Donald_Banick.pdf?1617991761,97
"Kenneth Baker, badge #3144",Mankato Police Department,https://d3n8a8pro7vhmx.cloudfront.net/cuapb/pages/270/attachments/original/1618018749/Kenneth_Baker_5_%281%29.pdf?1618018749,98
"Craig Frericks, badge #3102",Mankato Police Department,https://d3n8a8pro7vhmx.cloudfront.net/cuapb/pages/270/attachments/original/1618018749/Kenneth_Baker_5_%281%29.pdf?1618018749,98
"Sherry R. Appledorn, badge #214",Minneapolis Police Department,https://d3n8a8pro7vhmx.cloudfront.net/cuapb/pages/1461/attachments/original/1638002727/13-30015_Appledorn_Pt_3.pdf?1638002727,99
"Todd Babekuhl, badge #246",Minneapolis Police Department,https://d3n8a8pro7vhmx.cloudfront.net/cuapb/pages/270/attachments/original/1618071259/Minneapolis_pit_bull_shooting_results_in__225K_in_settlement_%E2%80%93_Southwest_Journal.pdf?1618071259,100
"Mark E. Beaupre, badge #362",Minneapolis Police Department,https://d3n8a8pro7vhmx.cloudfront.net/cuapb/pages/270/attachments/original/1618071259/Minneapolis_pit_bull_shooting_results_in__225K_in_settlement_%E2%80%93_Southwest_Journal.pdf?1618071259,100
"Kendall A. Chambers, badge #1078",Minneapolis Police Department,https://d3n8a8pro7vhmx.cloudfront.net/cuapb/pages/270/attachments/original/1618071259/Minneapolis_pit_bull_shooting_results_in__225K_in_settlement_%E2%80%93_Southwest_Journal.pdf?1618071259,100
"Scott Creighton, badge #1331",Minneapolis Police Department,https://d3n8a8pro7vhmx.cloudfront.net/cuapb/pages/270/attachments/original/1618071259/Minneapolis_pit_bull_shooting_results_in__225K_in_settlement_%E2%80%93_Southwest_Journal.pdf?1618071259,100
"Chad Fuchs, badge #2145",Minneapolis Police Department,https://d3n8a8pro7vhmx.cloudfront.net/cuapb/pages/270/attachments/original/1618071259/Minneapolis_pit_bull_shooting_results_in__225K_in_settlement_%E2%80%93_Southwest_Journal.pdf?1618071259,100
"Christopher Garbisch, badge #2214",Minneapolis Police Department,https://d3n8a8pro7vhmx.cloudfront.net/cuapb/pages/270/attachments/original/1618071259/Minneapolis_pit_bull_shooting_results_in__225K_in_settlement_%E2%80%93_Southwest_Journal.pdf?1618071259,100
"Mark Kaspszak, badge #3642",Minneapolis Police Department,https://d3n8a8pro7vhmx.cloudfront.net/cuapb/pages/270/attachments/original/1618071259/Minneapolis_pit_bull_shooting_results_in__225K_in_settlement_%E2%80%93_Southwest_Journal.pdf?1618071259,100
"Steven Lynch, badge #4303",Minneapolis Police Department,https://d3n8a8pro7vhmx.cloudfront.net/cuapb/pages/270/attachments/original/1618071259/Minneapolis_pit_bull_shooting_results_in__225K_in_settlement_%E2%80%93_Southwest_Journal.pdf?1618071259,100
"Aaron C. Morrison, badge #4859",Minneapolis Police Department,https://d3n8a8pro7vhmx.cloudfront.net/cuapb/pages/270/attachments/original/1618071259/Minneapolis_pit_bull_shooting_results_in__225K_in_settlement_%E2%80%93_Southwest_Journal.pdf?1618071259,100
"Steven W. Mosey, badge #4875",Minneapolis Police Department,https://d3n8a8pro7vhmx.cloudfront.net/cuapb/pages/270/attachments/original/1618071259/Minneapolis_pit_bull_shooting_results_in__225K_in_settlement_%E2%80%93_Southwest_Journal.pdf?1618071259,100
"Mark L. Osland, badge #5376",Minneapolis Police Department,https://d3n8a8pro7vhmx.cloudfront.net/cuapb/pages/270/attachments/original/1618071259/Minneapolis_pit_bull_shooting_results_in__225K_in_settlement_%E2%80%93_Southwest_Journal.pdf?1618071259,100
"George J. Peltz, badge #5546",Minneapolis Police Department,https://d3n8a8pro7vhmx.cloudfront.net/cuapb/pages/270/attachments/original/1618071259/Minneapolis_pit_bull_shooting_results_in__225K_in_settlement_%E2%80%93_Southwest_Journal.pdf?1618071259,100
"Lucas Peterson, badge #5630",Minneapolis Police Department,https://d3n8a8pro7vhmx.cloudfront.net/cuapb/pages/270/attachments/original/1618071259/Minneapolis_pit_bull_shooting_results_in__225K_in_settlement_%E2%80%93_Southwest_Journal.pdf?1618071259,100
"Peter C. Rud, badge #6200",Minneapolis Police Department,https://d3n8a8pro7vhmx.cloudfront.net/cuapb/pages/270/attachments/original/1618071259/Minneapolis_pit_bull_shooting_results_in__225K_in_settlement_%E2%80%93_Southwest_Journal.pdf?1618071259,100
"Nicholas H. Rowe, badge #6179",Minneapolis Police Department,https://d3n8a8pro7vhmx.cloudfront.net/cuapb/pages/270/attachments/original/1618071259/Minneapolis_pit_bull_shooting_results_in__225K_in_settlement_%E2%80%93_Southwest_Journal.pdf?1618071259,100
"Russell J. Bankey, badge #None",Mille Lacs County Sheriff's Department,https://assets.nationbuilder.com/cuapb/pages/270/attachments/original/1649604741/Russell_James_Bankey_Sexual_Assault_Charge.pdf?1649604741,101
"Julio Baez, badge #None",Kasson Police Department,https://d3n8a8pro7vhmx.cloudfront.net/cuapb/pages/270/attachments/original/1618010608/Julio_Baez.pdf?1618010608,102
"Carlos Baires Escobar, badge #275",Minneapolis Police Department,https://d3n8a8pro7vhmx.cloudfront.net/cuapb/pages/270/attachments/original/1626363612/Cook_-_excessive_force_-_Quincy_Smith_2005.pdf?1626363612,103
"Shawn Brandt, badge #746",Minneapolis Police Department,https://d3n8a8pro7vhmx.cloudfront.net/cuapb/pages/270/attachments/original/1626363612/Cook_-_excessive_force_-_Quincy_Smith_2005.pdf?1626363612,103
"Calvin Cook, badge #1295",Minneapolis Police Department,https://d3n8a8pro7vhmx.cloudfront.net/cuapb/pages/270/attachments/original/1626363612/Cook_-_excessive_force_-_Quincy_Smith_2005.pdf?1626363612,103
"Timothy E. Devick, badge #1526",Minneapolis Police Department,https://d3n8a8pro7vhmx.cloudfront.net/cuapb/pages/270/attachments/original/1626363612/Cook_-_excessive_force_-_Quincy_Smith_2005.pdf?1626363612,103
"Christopher Humphrey, badge #3188",Minneapolis Police Department,https://d3n8a8pro7vhmx.cloudfront.net/cuapb/pages/270/attachments/original/1626363612/Cook_-_excessive_force_-_Quincy_Smith_2005.pdf?1626363612,103
"Nicholas McCarthy, badge #4521",Minneapolis Police Department,https://d3n8a8pro7vhmx.cloudfront.net/cuapb/pages/270/attachments/original/1626363612/Cook_-_excessive_force_-_Quincy_Smith_2005.pdf?1626363612,103
"Ryan Atkinson, badge #244",Minneapolis Police Department,https://assets.nationbuilder.com/cuapb/pages/1509/attachments/original/1753847998/18-15517_Ryan_Atkinson.pdf?1753847998,104
"Shannon L. Barnette, badge #268",Minneapolis Police Department,https://d3n8a8pro7vhmx.cloudfront.net/cuapb/pages/1462/attachments/original/1638637585/RCA-2021-00434_-_Legal_Settlement_Workers'_Compensation_claim_of_Shannon_Barnette.pdf?1638637585,105
"Anthony Barragan, badge #315",Minneapolis Police Department,https://d3n8a8pro7vhmx.cloudfront.net/cuapb/pages/270/attachments/original/1617887477/Anthony_M_Barragan_Indictment.pdf?1617887477,106
"Sherry R. Appledorn, badge #214",Minneapolis Police Department,https://d3n8a8pro7vhmx.cloudfront.net/cuapb/pages/1461/attachments/original/1638002754/13-30015_Appledorn_Pt_2.pdf?1638002754,107
"Ryan Atkinson, badge #244",Minneapolis Police Department,https://d3n8a8pro7vhmx.cloudfront.net/cuapb/pages/270/attachments/original/1629744423/Dylan-Pearson-Public-Personnel-File---redacted.pdf?1629744423,108
"Dylan Pearson, badge #5498",Minneapolis Police Department,https://d3n8a8pro7vhmx.cloudfront.net/cuapb/pages/270/attachments/original/1629744423/Dylan-Pearson-Public-Personnel-File---redacted.pdf?1629744423,108
"Pamela M. Barragan, badge #236500",St. Paul Police Department,https://assets.nationbuilder.com/cuapb/pages/270/attachments/original/1667360360/Barragan_-_Personnel_Information.pdf?1667360360,109
"Sherry R. Appledorn, badge #214",Minneapolis Police Department,https://d3n8a8pro7vhmx.cloudfront.net/cuapb/pages/1461/attachments/original/1638002747/13-30015_Appledorn_Pt_1.pdf?1638002747,110
"Sherry R. Appledorn, badge #214",Minneapolis Police Department,https://d3n8a8pro7vhmx.cloudfront.net/cuapb/pages/1461/attachments/original/1638002741/13-30015_Appledorn_Pt_6.pdf?1638002741,111
"Shannon L. Barnette, badge #268",Minneapolis Police Department,https://assets.nationbuilder.com/cuapb/pages/1509/attachments/original/1753851699/17-10527_Shannon_Barnette-Discipline_Memo.pdf?1753851699,112
"Donald R. Banham, badge #266",Minneapolis Police Department,https://d3n8a8pro7vhmx.cloudfront.net/cuapb/pages/270/attachments/original/1617987804/Donald_Banham_3.pdf?1617987804,113
"Brandon Bartholomew, badge #324",Minneapolis Police Department,https://d3n8a8pro7vhmx.cloudfront.net/cuapb/pages/270/attachments/original/1626285181/Judge__Federal_suit_should_be_tossed_in_fatal_police_shooting_-_StarTribune.com.pdf?1626285181,114
"Chad Conner, badge #1263",Minneapolis Police Department,https://d3n8a8pro7vhmx.cloudfront.net/cuapb/pages/270/attachments/original/1626285181/Judge__Federal_suit_should_be_tossed_in_fatal_police_shooting_-_StarTribune.com.pdf?1626285181,114
"Christopher Garbisch, badge #2214",Minneapolis Police Department,https://d3n8a8pro7vhmx.cloudfront.net/cuapb/pages/270/attachments/original/1626285181/Judge__Federal_suit_should_be_tossed_in_fatal_police_shooting_-_StarTribune.com.pdf?1626285181,114
"Jeffrey Newman, badge #5097",Minneapolis Police Department,https://d3n8a8pro7vhmx.cloudfront.net/cuapb/pages/270/attachments/original/1626285181/Judge__Federal_suit_should_be_tossed_in_fatal_police_shooting_-_StarTribune.com.pdf?1626285181,114
"Shawn Powell, badge #5792",Minneapolis Police Department,https://d3n8a8pro7vhmx.cloudfront.net/cuapb/pages/270/attachments/original/1626285181/Judge__Federal_suit_should_be_tossed_in_fatal_police_shooting_-_StarTribune.com.pdf?1626285181,114
"Christopher D. Tucker, badge #7856",Minneapolis Police Department,https://d3n8a8pro7vhmx.cloudfront.net/cuapb/pages/270/attachments/original/1626285181/Judge__Federal_suit_should_be_tossed_in_fatal_police_shooting_-_StarTribune.com.pdf?1626285181,114
"Brandon Bartholomew, badge #324",Minneapolis Police Department,https://d3n8a8pro7vhmx.cloudfront.net/cuapb/pages/270/attachments/original/1625952983/shawn-powell-lawsuit-motion-to-dismiss.pdf?1625952983,115
"Chad Conner, badge #1263",Minneapolis Police Department,https://d3n8a8pro7vhmx.cloudfront.net/cuapb/pages/270/attachments/original/1625952983/shawn-powell-lawsuit-motion-to-dismiss.pdf?1625952983,115
"Christopher Garbisch, badge #2214",Minneapolis Police Department,https://d3n8a8pro7vhmx.cloudfront.net/cuapb/pages/270/attachments/original/1625952983/shawn-powell-lawsuit-motion-to-dismiss.pdf?1625952983,115
"Jeffrey Newman, badge #5097",Minneapolis Police Department,https://d3n8a8pro7vhmx.cloudfront.net/cuapb/pages/270/attachments/original/1625952983/shawn-powell-lawsuit-motion-to-dismiss.pdf?1625952983,115
"Shawn Powell, badge #5792",Minneapolis Police Department,https://d3n8a8pro7vhmx.cloudfront.net/cuapb/pages/270/attachments/original/1625952983/shawn-powell-lawsuit-motion-to-dismiss.pdf?1625952983,115
"Christopher D. Tucker, badge #7856",Minneapolis Police Department,https://d3n8a8pro7vhmx.cloudfront.net/cuapb/pages/270/attachments/original/1625952983/shawn-powell-lawsuit-motion-to-dismiss.pdf?1625952983,115
"Tyrone Barze, badge #330",Minneapolis Police Department,https://d3n8a8pro7vhmx.cloudfront.net/cuapb/pages/270/attachments/original/1615081444/2018Barze_Lawsuit_claims_Minneapolis_officer_knocked_woman_unconscious_-_Bring_Me_The_News.pdf?1615081444,116
"Tyrone Barze, badge #330",Minneapolis Police Department,https://d3n8a8pro7vhmx.cloudfront.net/cuapb/pages/270/attachments/original/1613595973/Barze_Lawsuit_Synopsis.pdf?1613595973,117
"Tyrone Barze, badge #330",Minneapolis Police Department,https://d3n8a8pro7vhmx.cloudfront.net/cuapb/pages/270/attachments/original/1614267803/Lawsuit_over_Minneapolis_police_officer_who's_cost_city__320_000_is_settled_-_StarTribune.com.pdf?1614267803,118
"Tyrone Barze, badge #330",Minneapolis Police Department,https://d3n8a8pro7vhmx.cloudfront.net/cuapb/pages/270/attachments/original/1614268893/2015Tyrone_Barze_City_Pages_Article.pdf?1614268893,119
"Tyrone Barze, badge #330",Minneapolis Police Department,https://d3n8a8pro7vhmx.cloudfront.net/cuapb/pages/270/attachments/original/1614440368/2015MadelynMiltonCityAction.pdf?1614440368,120
"Tyrone Barze, badge #330",Minneapolis Police Department,https://d3n8a8pro7vhmx.cloudfront.net/cuapb/pages/270/attachments/original/1614450573/Milton_v._Barze_Document_17_Order_of_Dismissal_City_of_Mpls.pdf?1614450573,121
"Tyrone Barze, badge #330",Minneapolis Police Department,https://d3n8a8pro7vhmx.cloudfront.net/cuapb/pages/270/attachments/original/1614450707/Milton_v._Barze_Document_18_Judgment.pdf?1614450707,122
"Brandon Bartholomew, badge #324",Minneapolis Police Department,https://d3n8a8pro7vhmx.cloudfront.net/cuapb/pages/270/attachments/original/1626284837/shawn-powell-wrongful-death-lawsuit.pdf?1626284837,123
"Chad Conner, badge #1263",Minneapolis Police Department,https://d3n8a8pro7vhmx.cloudfront.net/cuapb/pages/270/attachments/original/1626284837/shawn-powell-wrongful-death-lawsuit.pdf?1626284837,123
"Christopher Garbisch, badge #2214",Minneapolis Police Department,https://d3n8a8pro7vhmx.cloudfront.net/cuapb/pages/270/attachments/original/1626284837/shawn-powell-wrongful-death-lawsuit.pdf?1626284837,123
"Jeffrey Newman, badge #5097",Minneapolis Police Department,https://d3n8a8pro7vhmx.cloudfront.net/cuapb/pages/270/attachments/original/1626284837/shawn-powell-wrongful-death-lawsuit.pdf?1626284837,123
"Shawn Powell, badge #5792",Minneapolis Police Department,https://d3n8a8pro7vhmx.cloudfront.net/cuapb/pages/270/attachments/original/1626284837/shawn-powell-wrongful-death-lawsuit.pdf?1626284837,123
"Christopher D. Tucker, badge #7856",Minneapolis Police Department,https://d3n8a8pro7vhmx.cloudfront.net/cuapb/pages/270/attachments/original/1626284837/shawn-powell-wrongful-death-lawsuit.pdf?1626284837,123
"Tyrone Barze, badge #330",Minneapolis Police Department,https://d3n8a8pro7vhmx.cloudfront.net/cuapb/pages/270/attachments/original/1613852031/Milton_v_Barze_Article.pdf?1613852031,124
"Derrick E. Barnes, badge #267",Minneapolis Police Department,https://assets.nationbuilder.com/cuapb/pages/1509/attachments/original/1753847776/18-08779_Derrick_Barnes.pdf?1753847776,125
"Andrew Schroeder, badge #6385",Minneapolis Police Department,https://assets.nationbuilder.com/cuapb/pages/1509/attachments/original/1753847771/18-08779_Andrew_Schroeder.pdf?1753847771,125
"Tyrone Barze, badge #330",Minneapolis Police Department,https://d3n8a8pro7vhmx.cloudfront.net/cuapb/pages/270/attachments/original/1614450438/Document_14_Stipulation_of_Dismissal.pdf?1614450438,126
"Tyrone Barze, badge #330",Minneapolis Police Department,https://d3n8a8pro7vhmx.cloudfront.net/cuapb/pages/270/attachments/original/1626028989/jeff_kading_judgement_2.pdf?1626028989,127
"Aaron L. Biard, badge #542",Minneapolis Police Department,https://d3n8a8pro7vhmx.cloudfront.net/cuapb/pages/270/attachments/original/1626028989/jeff_kading_judgement_2.pdf?1626028989,127
"Jeff Kading, badge #3598",Minneapolis Police Department,https://d3n8a8pro7vhmx.cloudfront.net/cuapb/pages/270/attachments/original/1626028989/jeff_kading_judgement_2.pdf?1626028989,127
"Brandon Kitzerow, badge #3712",Minneapolis Police Department,https://d3n8a8pro7vhmx.cloudfront.net/cuapb/pages/270/attachments/original/1626028989/jeff_kading_judgement_2.pdf?1626028989,127
"Steven J. Laux, badge #4035",Minneapolis Police Department,https://d3n8a8pro7vhmx.cloudfront.net/cuapb/pages/270/attachments/original/1626028989/jeff_kading_judgement_2.pdf?1626028989,127
"Aaron C. Morrison, badge #4859",Minneapolis Police Department,https://d3n8a8pro7vhmx.cloudfront.net/cuapb/pages/270/attachments/original/1626028989/jeff_kading_judgement_2.pdf?1626028989,127
"Brian Thole, badge #7166",Minneapolis Police Department,https://d3n8a8pro7vhmx.cloudfront.net/cuapb/pages/270/attachments/original/1626028989/jeff_kading_judgement_2.pdf?1626028989,127
"Shannon L. Barnette, badge #268",Minneapolis Police Department,https://assets.nationbuilder.com/cuapb/pages/1509/attachments/original/1753851707/17-10527_Shannon_Barnette-Investigative_Report.pdf?1753851707,128
"Brandon Bartholomew, badge #324",Minneapolis Police Department,https://d3n8a8pro7vhmx.cloudfront.net/cuapb/pages/1461/attachments/original/1638005024/13-30551_Bartholomew_and_Robinson_Pt_7.pdf?1638005024,129
"David M. Robinson, badge #6060",Minneapolis Police Department,https://d3n8a8pro7vhmx.cloudfront.net/cuapb/pages/1461/attachments/original/1638005024/13-30551_Bartholomew_and_Robinson_Pt_7.pdf?1638005024,129
"Tyrone Barze, badge #330",Minneapolis Police Department,https://d3n8a8pro7vhmx.cloudfront.net/cuapb/pages/270/attachments/original/1626027728/jeff_kading_complaint_2.pdf?1626027728,130
"Aaron L. Biard, badge #542",Minneapolis Police Department,https://d3n8a8pro7vhmx.cloudfront.net/cuapb/pages/270/attachments/original/1626027728/jeff_kading_complaint_2.pdf?1626027728,130
"Jeff Kading, badge #3598",Minneapolis Police Department,https://d3n8a8pro7vhmx.cloudfront.net/cuapb/pages/270/attachments/original/1626027728/jeff_kading_complaint_2.pdf?1626027728,130
"Brandon Kitzerow, badge #3712",Minneapolis Police Department,https://d3n8a8pro7vhmx.cloudfront.net/cuapb/pages/270/attachments/original/1626027728/jeff_kading_complaint_2.pdf?1626027728,130
"Steven J. Laux, badge #4035",Minneapolis Police Department,https://d3n8a8pro7vhmx.cloudfront.net/cuapb/pages/270/attachments/original/1626027728/jeff_kading_complaint_2.pdf?1626027728,130
"Aaron C. Morrison, badge #4859",Minneapolis Police Department,https://d3n8a8pro7vhmx.cloudfront.net/cuapb/pages/270/attachments/original/1626027728/jeff_kading_complaint_2.pdf?1626027728,130
"Brian Thole, badge #7166",Minneapolis Police Department,https://d3n8a8pro7vhmx.cloudfront.net/cuapb/pages/270/attachments/original/1626027728/jeff_kading_complaint_2.pdf?1626027728,130
"Tyrone Barze, badge #330",Minneapolis Police Department,https://d3n8a8pro7vhmx.cloudfront.net/cuapb/pages/270/attachments/original/1613854071/MCTC_Email_Exchange_re_Barze.pdf?1613854071,131
"Brandon Bartholomew, badge #324",Minneapolis Police Department,https://d3n8a8pro7vhmx.cloudfront.net/cuapb/pages/1461/attachments/original/1638005030/13-30551_Bartholomew_and_Robinson_Pt_8.pdf?1638005030,132
"David M. Robinson, badge #6060",Minneapolis Police Department,https://d3n8a8pro7vhmx.cloudfront.net/cuapb/pages/1461/attachments/original/1638005030/13-30551_Bartholomew_and_Robinson_Pt_8.pdf?1638005030,132
"Tyrone Barze, badge #330",Minneapolis Police Department,https://d3n8a8pro7vhmx.cloudfront.net/cuapb/pages/270/attachments/original/1613854074/MCTC_Letter_re_Barze.pdf?1613854074,133
"Tyrone Barze, badge #330",Minneapolis Police Department,https://d3n8a8pro7vhmx.cloudfront.net/cuapb/pages/1462/attachments/original/1638637604/RCA-2021-01087_-_Legal_settlement_Workers'_Compensation_claim_of_Tyrone_Barze.pdf?1638637604,134
"Brandon Bartholomew, badge #324",Minneapolis Police Department,https://d3n8a8pro7vhmx.cloudfront.net/cuapb/pages/1461/attachments/original/1638005006/13-30551_Bartholomew_and_Robinson_Pt_4.pdf?1638005006,135
"David M. Robinson, badge #6060",Minneapolis Police Department,https://d3n8a8pro7vhmx.cloudfront.net/cuapb/pages/1461/attachments/original/1638005006/13-30551_Bartholomew_and_Robinson_Pt_4.pdf?1638005006,135
"Tyrone Barze, badge #330",Minneapolis Police Department,https://d3n8a8pro7vhmx.cloudfront.net/cuapb/pages/1461/attachments/original/1638033686/13-32434_Barze_Part_1.pdf?1638033686,136
"Tyrone Barze, badge #330",Minneapolis Police Department,https://d3n8a8pro7vhmx.cloudfront.net/cuapb/pages/1461/attachments/original/1638033680/13-32434_Barze_Part_2.pdf?1638033680,137
"Kenneth Baker, badge #3144",Mankato Police Department,https://d3n8a8pro7vhmx.cloudfront.net/cuapb/pages/270/attachments/original/1618017845/Kenneth_Baker.pdf?1618017845,138
"William Reinbold, badge #3118",Mankato Police Department,https://d3n8a8pro7vhmx.cloudfront.net/cuapb/pages/270/attachments/original/1618017845/Kenneth_Baker.pdf?1618017845,138
"James F Archer, badge #177",Minneapolis Police Department,https://d3n8a8pro7vhmx.cloudfront.net/cuapb/pages/270/attachments/original/1596606486/04-2155_Archer.pdf?1596606486,139
"T.J. Bean, badge #66",Hennepin County Sheriff's Department,https://assets.nationbuilder.com/cuapb/pages/1473/attachments/original/1671254236/20220503_Bean.pdf?1671254236,140
"Sherry R. Appledorn, badge #214",Minneapolis Police Department,https://d3n8a8pro7vhmx.cloudfront.net/cuapb/pages/1461/attachments/original/1638002735/13-30015_Appledorn_Pt_4.pdf?1638002735,141
"Aine M. Bebeau, badge #35000",St. Paul Police Department,https://d3n8a8pro7vhmx.cloudfront.net/cuapb/pages/270/attachments/original/1617289551/Aine_Bebeau.pdf?1617289551,142
"Eugene P. Polyak, badge #548400",St. Paul Police Department,https://d3n8a8pro7vhmx.cloudfront.net/cuapb/pages/270/attachments/original/1617289551/Aine_Bebeau.pdf?1617289551,142
"Brandon Bartholomew, badge #324",Minneapolis Police Department,https://d3n8a8pro7vhmx.cloudfront.net/cuapb/pages/1461/attachments/original/1638005033/13-30551_Bartholomew_and_Robinson_Pt_1.pdf?1638005033,143
"David M. Robinson, badge #6060",Minneapolis Police Department,https://d3n8a8pro7vhmx.cloudfront.net/cuapb/pages/1461/attachments/original/1638005033/13-30551_Bartholomew_and_Robinson_Pt_1.pdf?1638005033,143
"Jonathan Beecham, badge #374",Minneapolis Police Department,https://d3n8a8pro7vhmx.cloudfront.net/cuapb/pages/270/attachments/original/1618007853/Jonathan_Beecham.pdf?1618007853,144
"Charles E. McCree, badge #4544",Minneapolis Police Department,https://d3n8a8pro7vhmx.cloudfront.net/cuapb/pages/270/attachments/original/1618007853/Jonathan_Beecham.pdf?1618007853,144
"Flavio Becerra, badge #304",St. Paul Police Department,https://d3n8a8pro7vhmx.cloudfront.net/cuapb/pages/270/attachments/original/1617369658/AG_Ellison's_office__Washington_County_attorney_to_review_shooting_by_St._Paul_cop___MPR_News.pdf?1617369658,145
"Kathleen M. Brown, badge #81200",St. Paul Police Department,https://d3n8a8pro7vhmx.cloudfront.net/cuapb/pages/270/attachments/original/1617369658/AG_Ellison's_office__Washington_County_attorney_to_review_shooting_by_St._Paul_cop___MPR_News.pdf?1617369658,145
"Anthony W. Dean, badge #146501",St. Paul Police Department,https://d3n8a8pro7vhmx.cloudfront.net/cuapb/pages/270/attachments/original/1617369658/AG_Ellison's_office__Washington_County_attorney_to_review_shooting_by_St._Paul_cop___MPR_News.pdf?1617369658,145
"Daniel Barlow, badge #334",Minneapolis Police Department,https://d3n8a8pro7vhmx.cloudfront.net/cuapb/pages/270/attachments/original/1629760580/Barlow_-Daniel-%2819-04570%29-pages-13-18.pdf?1629760580,146
"Anthijuan Beeks, Sr., badge #375",Minneapolis Police Department,https://d3n8a8pro7vhmx.cloudfront.net/cuapb/pages/270/attachments/original/1617327630/Anthinjuan_Beeks_Sr.pdf?1617327630,147
"Daniel Barlow, badge #334",Minneapolis Police Department,https://d3n8a8pro7vhmx.cloudfront.net/cuapb/pages/270/attachments/original/1629760670/Barlow_-Daniel-%2819-04570%29-pages-19-24.pdf?1629760670,148
"Samantha Belcourt, badge #386",Minneapolis Police Department,https://assets.nationbuilder.com/cuapb/pages/1462/attachments/original/1647659326/RCA-2022-00189_-_Legal_Settlement_Workers'_Compensation_claim_of_Samantha_Belcourt.pdf?1647659326,149
"Samantha Belcourt, badge #386",Minneapolis Police Department,https://d3n8a8pro7vhmx.cloudfront.net/cuapb/pages/270/attachments/original/1626640467/Samantha_Belcourt_2_.pdf?1626640467,150
"Cornelius W. Benner, badge #43900",St. Paul Police Department,https://d3n8a8pro7vhmx.cloudfront.net/cuapb/pages/270/attachments/original/1617976069/Cornelius_Benner_.pdf?1617976069,151
"Brandon Bartholomew, badge #324",Minneapolis Police Department,https://d3n8a8pro7vhmx.cloudfront.net/cuapb/pages/1461/attachments/original/1638005013/13-30551_Bartholomew_and_Robinson_Pt_5.pdf?1638005013,152
"David M. Robinson, badge #6060",Minneapolis Police Department,https://d3n8a8pro7vhmx.cloudfront.net/cuapb/pages/1461/attachments/original/1638005013/13-30551_Bartholomew_and_Robinson_Pt_5.pdf?1638005013,152
"Christopher Bennett, badge #413",Minneapolis Police Department,https://d3n8a8pro7vhmx.cloudfront.net/cuapb/pages/1462/attachments/original/1638637601/RCA-2021-01076_-_Legal_settlement_Workers'_Compensation_claim_of_Christopher_Bennett.pdf?1638637601,153
"Brandon Bartholomew, badge #324",Minneapolis Police Department,https://d3n8a8pro7vhmx.cloudfront.net/cuapb/pages/1461/attachments/original/1638005020/13-30551_Bartholomew_and_Robinson_Pt_6.pdf?1638005020,154
"David M. Robinson, badge #6060",Minneapolis Police Department,https://d3n8a8pro7vhmx.cloudfront.net/cuapb/pages/1461/attachments/original/1638005020/13-30551_Bartholomew_and_Robinson_Pt_6.pdf?1638005020,154
"Brandon Bartholomew, badge #324",Minneapolis Police Department,https://d3n8a8pro7vhmx.cloudfront.net/cuapb/pages/1461/attachments/original/1638004987/13-30551_Bartholomew_and_Robinson_Pt_2.pdf?1638004987,155
"David M. Robinson, badge #6060",Minneapolis Police Department,https://d3n8a8pro7vhmx.cloudfront.net/cuapb/pages/1461/attachments/original/1638004987/13-30551_Bartholomew_and_Robinson_Pt_2.pdf?1638004987,155
"John E. Bennett, badge #406",Minneapolis Police Department,https://d3n8a8pro7vhmx.cloudfront.net/cuapb/pages/270/attachments/original/1615593079/1997_Friendly_Fire.pdf?1615593079,156
"Lyall B. Delaney, badge #1489",Minneapolis Police Department,https://d3n8a8pro7vhmx.cloudfront.net/cuapb/pages/270/attachments/original/1615593079/1997_Friendly_Fire.pdf?1615593079,156
"Arthur Knight, badge #3740",Minneapolis Police Department,https://d3n8a8pro7vhmx.cloudfront.net/cuapb/pages/270/attachments/original/1615593079/1997_Friendly_Fire.pdf?1615593079,156
"Scott A. Kossan, badge #3786",Minneapolis Police Department,https://d3n8a8pro7vhmx.cloudfront.net/cuapb/pages/270/attachments/original/1615593079/1997_Friendly_Fire.pdf?1615593079,156
"Mark Lanasa, badge #3948",Minneapolis Police Department,https://d3n8a8pro7vhmx.cloudfront.net/cuapb/pages/270/attachments/original/1615593079/1997_Friendly_Fire.pdf?1615593079,156
"James Novak, badge #5219",Minneapolis Police Department,https://d3n8a8pro7vhmx.cloudfront.net/cuapb/pages/270/attachments/original/1615593079/1997_Friendly_Fire.pdf?1615593079,156
"Darrin Waletzki, badge #7454",Minneapolis Police Department,https://d3n8a8pro7vhmx.cloudfront.net/cuapb/pages/270/attachments/original/1615593079/1997_Friendly_Fire.pdf?1615593079,156
"John E. Bennett, badge #406",Minneapolis Police Department,https://d3n8a8pro7vhmx.cloudfront.net/cuapb/pages/270/attachments/original/1618005760/John_Bennett_.pdf?1618005760,157
"Bruce S. Johnson, badge #3298",Minneapolis Police Department,https://d3n8a8pro7vhmx.cloudfront.net/cuapb/pages/270/attachments/original/1618005760/John_Bennett_.pdf?1618005760,157
"Samantha Belcourt, badge #386",Minneapolis Police Department,https://assets.nationbuilder.com/cuapb/pages/1472/attachments/original/1670712355/Belcourt_The_Minneapolis_police_officer_who_maced_protesters_and_bystanders_is_unmasked_by_court_documents_-_Minnesota_Reformer.pdf?1670712355,158
"Andrew Benson, badge #460",Minneapolis Police Department,https://d3n8a8pro7vhmx.cloudfront.net/cuapb/pages/1462/attachments/original/1638637581/RCA-2021-01232_-_Legal_settlement_Workers'_Compensation_claim_of_Andrew_Benson.pdf?1638637581,159
"Brandon Bartholomew, badge #324",Minneapolis Police Department,https://d3n8a8pro7vhmx.cloudfront.net/cuapb/pages/1461/attachments/original/1638004996/13-30551_Bartholomew_and_Robinson_Pt_3.pdf?1638004996,160
"David M. Robinson, badge #6060",Minneapolis Police Department,https://d3n8a8pro7vhmx.cloudfront.net/cuapb/pages/1461/attachments/original/1638004996/13-30551_Bartholomew_and_Robinson_Pt_3.pdf?1638004996,160
"Matthew Berens, badge #None",Bloomington Police Department,https://d3n8a8pro7vhmx.cloudfront.net/cuapb/pages/270/attachments/original/1626789568/In_Minnesota__racial_discrimination_cases_often_hit_dead_end.pdf?1626789568,161
"Joshua Seifert, badge #None",Bloomington Police Department,https://d3n8a8pro7vhmx.cloudfront.net/cuapb/pages/270/attachments/original/1626789568/In_Minnesota__racial_discrimination_cases_often_hit_dead_end.pdf?1626789568,161
"Daniel Best, badge #3116",Mankato Police Department,https://d3n8a8pro7vhmx.cloudfront.net/cuapb/pages/270/attachments/original/1617981157/Daniel_Best_.pdf?1617981157,162
"Brian Bennett, badge #405",Minneapolis Police Department,https://d3n8a8pro7vhmx.cloudfront.net/cuapb/pages/270/attachments/original/1617888234/Brian_Bennett.pdf?1617888234,163
"Michael Meath, badge #4686",Minneapolis Police Department,https://d3n8a8pro7vhmx.cloudfront.net/cuapb/pages/270/attachments/original/1617888234/Brian_Bennett.pdf?1617888234,163
"Aaron L. Biard, badge #542",Minneapolis Police Department,https://d3n8a8pro7vhmx.cloudfront.net/cuapb/pages/270/attachments/original/1617289573/Aaron_Biard_.pdf?1617289573,164
"Mark Bohnsack, badge #656",Minneapolis Police Department,https://d3n8a8pro7vhmx.cloudfront.net/cuapb/pages/270/attachments/original/1617289573/Aaron_Biard_.pdf?1617289573,164
"Brandy Steberg, badge #6767",Minneapolis Police Department,https://d3n8a8pro7vhmx.cloudfront.net/cuapb/pages/270/attachments/original/1617289573/Aaron_Biard_.pdf?1617289573,164
"Katie Blackwell, badge #664",Minneapolis Police Department,https://d3n8a8pro7vhmx.cloudfront.net/cuapb/pages/270/attachments/original/1615663524/Cook_v._House_et_al_USCOURTS-mnd-0_06-cv-00579-0.pdf?1615663524,165
"Bevan Blauert, badge #585",Minneapolis Police Department,https://d3n8a8pro7vhmx.cloudfront.net/cuapb/pages/270/attachments/original/1615663524/Cook_v._House_et_al_USCOURTS-mnd-0_06-cv-00579-0.pdf?1615663524,165
"Timothy Hanks, badge #2660",Minneapolis Police Department,https://d3n8a8pro7vhmx.cloudfront.net/cuapb/pages/270/attachments/original/1615663524/Cook_v._House_et_al_USCOURTS-mnd-0_06-cv-00579-0.pdf?1615663524,165
"Christopher House, badge #3165",Minneapolis Police Department,https://d3n8a8pro7vhmx.cloudfront.net/cuapb/pages/270/attachments/original/1615663524/Cook_v._House_et_al_USCOURTS-mnd-0_06-cv-00579-0.pdf?1615663524,165
"Mark A. Johnson, badge #3459",Minneapolis Police Department,https://d3n8a8pro7vhmx.cloudfront.net/cuapb/pages/270/attachments/original/1615663524/Cook_v._House_et_al_USCOURTS-mnd-0_06-cv-00579-0.pdf?1615663524,165
"Jason King, badge #3704",Minneapolis Police Department,https://d3n8a8pro7vhmx.cloudfront.net/cuapb/pages/270/attachments/original/1615663524/Cook_v._House_et_al_USCOURTS-mnd-0_06-cv-00579-0.pdf?1615663524,165
"Robert J. Kroll, badge #3874",Minneapolis Police Department,https://d3n8a8pro7vhmx.cloudfront.net/cuapb/pages/270/attachments/original/1615663524/Cook_v._House_et_al_USCOURTS-mnd-0_06-cv-00579-0.pdf?1615663524,165
"Christie L. Nelson, badge #4959",Minneapolis Police Department,https://d3n8a8pro7vhmx.cloudfront.net/cuapb/pages/270/attachments/original/1615663524/Cook_v._House_et_al_USCOURTS-mnd-0_06-cv-00579-0.pdf?1615663524,165
"Jonathan Petron, badge #5671",Minneapolis Police Department,https://d3n8a8pro7vhmx.cloudfront.net/cuapb/pages/270/attachments/original/1615663524/Cook_v._House_et_al_USCOURTS-mnd-0_06-cv-00579-0.pdf?1615663524,165
"Roger D. Smith, badge #6689",Minneapolis Police Department,https://d3n8a8pro7vhmx.cloudfront.net/cuapb/pages/270/attachments/original/1615663524/Cook_v._House_et_al_USCOURTS-mnd-0_06-cv-00579-0.pdf?1615663524,165
"Katherine Smulski, badge #468",Minneapolis Police Department,https://d3n8a8pro7vhmx.cloudfront.net/cuapb/pages/270/attachments/original/1615663524/Cook_v._House_et_al_USCOURTS-mnd-0_06-cv-00579-0.pdf?1615663524,165
"Donald Smulski, Jr., badge #6696",Minneapolis Police Department,https://d3n8a8pro7vhmx.cloudfront.net/cuapb/pages/270/attachments/original/1615663524/Cook_v._House_et_al_USCOURTS-mnd-0_06-cv-00579-0.pdf?1615663524,165
"Geoffrey Toscano, badge #7257",Minneapolis Police Department,https://d3n8a8pro7vhmx.cloudfront.net/cuapb/pages/270/attachments/original/1615663524/Cook_v._House_et_al_USCOURTS-mnd-0_06-cv-00579-0.pdf?1615663524,165
"Gary Westlund, badge #7674",Minneapolis Police Department,https://d3n8a8pro7vhmx.cloudfront.net/cuapb/pages/270/attachments/original/1615663524/Cook_v._House_et_al_USCOURTS-mnd-0_06-cv-00579-0.pdf?1615663524,165
"William Willner, badge #7783",Minneapolis Police Department,https://d3n8a8pro7vhmx.cloudfront.net/cuapb/pages/270/attachments/original/1615663524/Cook_v._House_et_al_USCOURTS-mnd-0_06-cv-00579-0.pdf?1615663524,165
"Carl Blad, badge #580",Minneapolis Police Department,https://d3n8a8pro7vhmx.cloudfront.net/cuapb/pages/270/attachments/original/1626029562/jeff_kading_judgement_3.pdf?1626029562,166
"Timothy E. Devick, badge #1526",Minneapolis Police Department,https://d3n8a8pro7vhmx.cloudfront.net/cuapb/pages/270/attachments/original/1626029562/jeff_kading_judgement_3.pdf?1626029562,166
"Griffin Hillbo, badge #2999",Minneapolis Police Department,https://d3n8a8pro7vhmx.cloudfront.net/cuapb/pages/270/attachments/original/1626029562/jeff_kading_judgement_3.pdf?1626029562,166
"Jeff Kading, badge #3598",Minneapolis Police Department,https://d3n8a8pro7vhmx.cloudfront.net/cuapb/pages/270/attachments/original/1626029562/jeff_kading_judgement_3.pdf?1626029562,166
"Mark Kaspszak, badge #3642",Minneapolis Police Department,https://d3n8a8pro7vhmx.cloudfront.net/cuapb/pages/270/attachments/original/1626029562/jeff_kading_judgement_3.pdf?1626029562,166
"Ricardo Muro, badge #4899",Minneapolis Police Department,https://d3n8a8pro7vhmx.cloudfront.net/cuapb/pages/270/attachments/original/1626029562/jeff_kading_judgement_3.pdf?1626029562,166
"Bill Peterson, badge #5561",Minneapolis Police Department,https://d3n8a8pro7vhmx.cloudfront.net/cuapb/pages/270/attachments/original/1626029562/jeff_kading_judgement_3.pdf?1626029562,166
"John Sheneman, badge #6484",Minneapolis Police Department,https://d3n8a8pro7vhmx.cloudfront.net/cuapb/pages/270/attachments/original/1626029562/jeff_kading_judgement_3.pdf?1626029562,166
"William Bjork, badge #573",Minneapolis Police Department,https://d3n8a8pro7vhmx.cloudfront.net/cuapb/pages/270/attachments/original/1617589087/Lawsuit_against_city_for_police_abuse_headed_for_payout_%E2%80%93_The_Journal.pdf?1617589087,167
"Lance Christianson, badge #1104",Minneapolis Police Department,https://d3n8a8pro7vhmx.cloudfront.net/cuapb/pages/270/attachments/original/1617589087/Lawsuit_against_city_for_police_abuse_headed_for_payout_%E2%80%93_The_Journal.pdf?1617589087,167
"Lance F. Christianson, badge #114630",St. Paul Police Department,https://d3n8a8pro7vhmx.cloudfront.net/cuapb/pages/270/attachments/original/1617589087/Lawsuit_against_city_for_police_abuse_headed_for_payout_%E2%80%93_The_Journal.pdf?1617589087,167
"Ashley Bergersen, badge #3302",Minneapolis Police Department,https://assets.nationbuilder.com/cuapb/pages/1509/attachments/original/1753848032/19-03501_Ashley_Bergersen.pdf?1753848032,168
"Dylan Pearson, badge #5498",Minneapolis Police Department,https://assets.nationbuilder.com/cuapb/pages/1509/attachments/original/1753848275/19-03501_Dylan_Pearson.pdf?1753848275,168
"Kyle Pond, badge #5775",Minneapolis Police Department,https://assets.nationbuilder.com/cuapb/pages/1509/attachments/original/1753848310/19-03501_Kyle_Pond.pdf?1753848310,168
"Carl Blad, badge #580",Minneapolis Police Department,https://d3n8a8pro7vhmx.cloudfront.net/cuapb/pages/270/attachments/original/1626026084/jeff_kading_complaint_3.pdf?1626026084,169
"Timothy E. Devick, badge #1526",Minneapolis Police Department,https://d3n8a8pro7vhmx.cloudfront.net/cuapb/pages/270/attachments/original/1626026084/jeff_kading_complaint_3.pdf?1626026084,169
"Griffin Hillbo, badge #2999",Minneapolis Police Department,https://d3n8a8pro7vhmx.cloudfront.net/cuapb/pages/270/attachments/original/1626026084/jeff_kading_complaint_3.pdf?1626026084,169
"Jeff Kading, badge #3598",Minneapolis Police Department,https://d3n8a8pro7vhmx.cloudfront.net/cuapb/pages/270/attachments/original/1626026084/jeff_kading_complaint_3.pdf?1626026084,169
"Mark Kaspszak, badge #3642",Minneapolis Police Department,https://d3n8a8pro7vhmx.cloudfront.net/cuapb/pages/270/attachments/original/1626026084/jeff_kading_complaint_3.pdf?1626026084,169
"Ricardo Muro, badge #4899",Minneapolis Police Department,https://d3n8a8pro7vhmx.cloudfront.net/cuapb/pages/270/attachments/original/1626026084/jeff_kading_complaint_3.pdf?1626026084,169
"Bill Peterson, badge #5561",Minneapolis Police Department,https://d3n8a8pro7vhmx.cloudfront.net/cuapb/pages/270/attachments/original/1626026084/jeff_kading_complaint_3.pdf?1626026084,169
"John Sheneman, badge #6484",Minneapolis Police Department,https://d3n8a8pro7vhmx.cloudfront.net/cuapb/pages/270/attachments/original/1626026084/jeff_kading_complaint_3.pdf?1626026084,169
"Heath Bird, badge #None",Plymouth Police Department,https://d3n8a8pro7vhmx.cloudfront.net/cuapb/pages/270/attachments/original/1632228289/2020-Heath_Bird_-_City_of_Plymouth.pdf?1632228289,170
"Gordon Blackey, badge #584",Minneapolis Police Department,https://d3n8a8pro7vhmx.cloudfront.net/cuapb/pages/270/attachments/original/1626625963/a041050scA.pdf?1626625963,171
"Thomas E. Schmid, badge #6357",Minneapolis Police Department,https://d3n8a8pro7vhmx.cloudfront.net/cuapb/pages/270/attachments/original/1626625963/a041050scA.pdf?1626625963,171
"Matthew Blade, badge #582",Minneapolis Police Department,https://d3n8a8pro7vhmx.cloudfront.net/cuapb/pages/1462/attachments/original/1638637600/RCA-2021-01072_-_Legal_settlement_Workers'_Compensation_claim_of_Matthew_Blade.pdf?1638637600,172
"Matthew Blade, badge #582",Minneapolis Police Department,https://d3n8a8pro7vhmx.cloudfront.net/cuapb/pages/270/attachments/original/1618024317/SANDERS_v._CITY_OF_MINNEAPOLIS_MINNESOTA___FindLaw.pdf?1618024317,173
"Hien Q. Dinh, badge #1551",Minneapolis Police Department,https://d3n8a8pro7vhmx.cloudfront.net/cuapb/pages/270/attachments/original/1618024317/SANDERS_v._CITY_OF_MINNEAPOLIS_MINNESOTA___FindLaw.pdf?1618024317,173
"Valerie S. Goligowski, badge #2312",Minneapolis Police Department,https://d3n8a8pro7vhmx.cloudfront.net/cuapb/pages/270/attachments/original/1618024317/SANDERS_v._CITY_OF_MINNEAPOLIS_MINNESOTA___FindLaw.pdf?1618024317,173
"Lupe Herrera, badge #2973",Minneapolis Police Department,https://d3n8a8pro7vhmx.cloudfront.net/cuapb/pages/270/attachments/original/1618024317/SANDERS_v._CITY_OF_MINNEAPOLIS_MINNESOTA___FindLaw.pdf?1618024317,173
"Steven Manhood, badge #4323",Minneapolis Police Department,https://d3n8a8pro7vhmx.cloudfront.net/cuapb/pages/270/attachments/original/1618024317/SANDERS_v._CITY_OF_MINNEAPOLIS_MINNESOTA___FindLaw.pdf?1618024317,173
"Carl Blad, badge #580",Minneapolis Police Department,https://d3n8a8pro7vhmx.cloudfront.net/cuapb/pages/270/attachments/original/1617890031/Carl_Blad_.pdf?1617890031,174
"Joel Kimmerle, badge #3703",Minneapolis Police Department,https://d3n8a8pro7vhmx.cloudfront.net/cuapb/pages/270/attachments/original/1617890031/Carl_Blad_.pdf?1617890031,174
"Christopher N. Leum, badge #4100",Minneapolis Police Department,https://d3n8a8pro7vhmx.cloudfront.net/cuapb/pages/270/attachments/original/1617890031/Carl_Blad_.pdf?1617890031,174
"Daniel Best, badge #3116",Mankato Police Department,https://d3n8a8pro7vhmx.cloudfront.net/cuapb/pages/270/attachments/original/1617981852/Daniel_Best_2_.pdf?1617981852,175
"Matthew Blade, badge #582",Minneapolis Police Department,https://d3n8a8pro7vhmx.cloudfront.net/cuapb/pages/270/attachments/original/1615592109/2005_SANDERS_v._CITY_OF_MINNEAPOLIS_MINNESOTA___FindLaw.pdf?1615592109,176
"Hien Q. Dinh, badge #1551",Minneapolis Police Department,https://d3n8a8pro7vhmx.cloudfront.net/cuapb/pages/270/attachments/original/1615592109/2005_SANDERS_v._CITY_OF_MINNEAPOLIS_MINNESOTA___FindLaw.pdf?1615592109,176
"Valerie S. Goligowski, badge #2312",Minneapolis Police Department,https://d3n8a8pro7vhmx.cloudfront.net/cuapb/pages/270/attachments/original/1615592109/2005_SANDERS_v._CITY_OF_MINNEAPOLIS_MINNESOTA___FindLaw.pdf?1615592109,176
"Lupe Herrera, badge #2973",Minneapolis Police Department,https://d3n8a8pro7vhmx.cloudfront.net/cuapb/pages/270/attachments/original/1615592109/2005_SANDERS_v._CITY_OF_MINNEAPOLIS_MINNESOTA___FindLaw.pdf?1615592109,176
"Steven Manhood, badge #4323",Minneapolis Police Department,https://d3n8a8pro7vhmx.cloudfront.net/cuapb/pages/270/attachments/original/1615592109/2005_SANDERS_v._CITY_OF_MINNEAPOLIS_MINNESOTA___FindLaw.pdf?1615592109,176
"Daniel Anderson, badge #94",Minneapolis Police Department,https://d3n8a8pro7vhmx.cloudfront.net/cuapb/pages/270/attachments/original/1596611354/09-2696_O'Connor_and_Anderson.pdf?1596611354,177
"David  O'Connor, badge #5269",Minneapolis Police Department,https://d3n8a8pro7vhmx.cloudfront.net/cuapb/pages/270/attachments/original/1596611354/09-2696_O'Connor_and_Anderson.pdf?1596611354,177
"Jeffrey Boeltl, badge #653",Minneapolis Police Department,https://d3n8a8pro7vhmx.cloudfront.net/cuapb/pages/270/attachments/original/1618003600/STATE_v._BEARDEMPHL___FindLaw.pdf?1618003600,178
"Andrew P. Enriquez, badge #1802",Minneapolis Police Department,https://d3n8a8pro7vhmx.cloudfront.net/cuapb/pages/270/attachments/original/1618003600/STATE_v._BEARDEMPHL___FindLaw.pdf?1618003600,178
"Timothy A. Bohn, badge #64820",St. Paul Police Department,https://d3n8a8pro7vhmx.cloudfront.net/cuapb/pages/270/attachments/original/1626646663/Timothy_Bohn_.pdf?1626646663,179
"Darryl R. Boerger, badge #64550",St. Paul Police Department,https://d3n8a8pro7vhmx.cloudfront.net/cuapb/pages/270/attachments/original/1617984815/Darryl_Boerger.pdf?1617984815,180
"Chad L. Degree, badge #149850",St. Paul Police Department,https://d3n8a8pro7vhmx.cloudfront.net/cuapb/pages/270/attachments/original/1617984815/Darryl_Boerger.pdf?1617984815,180
"Darryl R. Boerger, badge #64550",St. Paul Police Department,https://d3n8a8pro7vhmx.cloudfront.net/cuapb/pages/270/attachments/original/1617984470/Darryl_Boerger_2_.pdf?1617984470,181
"Chad L. Degree, badge #149850",St. Paul Police Department,https://d3n8a8pro7vhmx.cloudfront.net/cuapb/pages/270/attachments/original/1617984470/Darryl_Boerger_2_.pdf?1617984470,181
"Timothy A. Bohn, badge #64820",St. Paul Police Department,https://d3n8a8pro7vhmx.cloudfront.net/cuapb/pages/270/attachments/original/1626646880/Timothy_Bohn_3_.pdf?1626646880,182
"Mark Bohnsack, badge #656",Minneapolis Police Department,https://d3n8a8pro7vhmx.cloudfront.net/cuapb/pages/270/attachments/original/1618022669/Mark_Bohnsack_.pdf?1618022669,183
"Arthur R. Blakey, badge #None",MN State Fair Police Department,https://assets.nationbuilder.com/cuapb/pages/1472/attachments/original/1669100366/Blakey_Arthur-04-003-1548.pdf?1669100366,184
"Derrick D. Boone, badge #67500",St. Paul Police Department,https://d3n8a8pro7vhmx.cloudfront.net/cuapb/pages/270/attachments/original/1617987176/Derrick_Boone.pdf?1617987176,185
"Steven F. Boser, badge #None",Pierz Police Department,https://d3n8a8pro7vhmx.cloudfront.net/cuapb/pages/270/attachments/original/1626642260/Steve_Boser.pdf?1626642260,186
"John K. Biederman, badge #548",Minneapolis Police Department,https://d3n8a8pro7vhmx.cloudfront.net/cuapb/pages/270/attachments/original/1618006928/John_Biederman_.pdf?1618006928,187
"Sarah Blonk Buck, badge #469",Hennepin County Sheriff's Department,https://assets.nationbuilder.com/cuapb/pages/1473/attachments/original/1671254296/20211214_Blonk_Buck.pdf?1671254296,188
"Matthew D. Bostrom, badge #69100",St. Paul Police Department,https://d3n8a8pro7vhmx.cloudfront.net/cuapb/pages/270/attachments/original/1618025031/Matthew_Bostrom_2.pdf?1618025031,189
"James Boyd, badge #725",Minneapolis Police Department,https://d3n8a8pro7vhmx.cloudfront.net/cuapb/pages/270/attachments/original/1614954929/2016Boyd_JonGauthierComplaint.pdf?1614954929,190
"Jordan Davis, badge #1434",Minneapolis Police Department,https://d3n8a8pro7vhmx.cloudfront.net/cuapb/pages/270/attachments/original/1614954929/2016Boyd_JonGauthierComplaint.pdf?1614954929,190
"Kristina M. Bottolfson, badge #710",Minneapolis Police Department,https://d3n8a8pro7vhmx.cloudfront.net/cuapb/pages/270/attachments/original/1618019259/Kristina_Bottolfson.pdf?1618019259,191
"Oscar Macias, badge #4319",Minneapolis Police Department,https://d3n8a8pro7vhmx.cloudfront.net/cuapb/pages/270/attachments/original/1618019259/Kristina_Bottolfson.pdf?1618019259,191
"Kimberly Bonilla, badge #624",Minneapolis Police Department,https://assets.nationbuilder.com/cuapb/pages/1608/attachments/original/1753998733/20-12979_Kimberly_Bonilla.pdf?1753998733,192
"Stephen R. Bobrowski, badge #64401",St. Paul Police Department,https://d3n8a8pro7vhmx.cloudfront.net/cuapb/pages/270/attachments/original/1626641783/Stephen_Bobrowski.pdf?1626641783,193
"James Boyd, badge #725",Minneapolis Police Department,https://d3n8a8pro7vhmx.cloudfront.net/cuapb/pages/1462/attachments/original/1638637590/RCA-2021-00674_-_Legal_Settlement_Workers'_Compensation_claim_of_James_Boyd.pdf?1638637590,194
"James Boyd, badge #725",Minneapolis Police Department,https://d3n8a8pro7vhmx.cloudfront.net/cuapb/pages/270/attachments/original/1614955528/Boyd_Minneapolis_poised_to_approve_settlements_in_suits_alleging_excessive_force_-_StarTribune.com.pdf?1614955528,195
"Jordan Davis, badge #1434",Minneapolis Police Department,https://d3n8a8pro7vhmx.cloudfront.net/cuapb/pages/270/attachments/original/1614955528/Boyd_Minneapolis_poised_to_approve_settlements_in_suits_alleging_excessive_force_-_StarTribune.com.pdf?1614955528,195
"Joshua Federly, badge #1962",Minneapolis Police Department,https://d3n8a8pro7vhmx.cloudfront.net/cuapb/pages/270/attachments/original/1614955528/Boyd_Minneapolis_poised_to_approve_settlements_in_suits_alleging_excessive_force_-_StarTribune.com.pdf?1614955528,195
"Michael Gustafson, Jr., badge #2537",Minneapolis Police Department,https://d3n8a8pro7vhmx.cloudfront.net/cuapb/pages/270/attachments/original/1614955528/Boyd_Minneapolis_poised_to_approve_settlements_in_suits_alleging_excessive_force_-_StarTribune.com.pdf?1614955528,195
"Sean McTaggart, badge #4657",Minneapolis Police Department,https://d3n8a8pro7vhmx.cloudfront.net/cuapb/pages/270/attachments/original/1614955528/Boyd_Minneapolis_poised_to_approve_settlements_in_suits_alleging_excessive_force_-_StarTribune.com.pdf?1614955528,195
"Robert Thunder, badge #7232",Minneapolis Police Department,https://d3n8a8pro7vhmx.cloudfront.net/cuapb/pages/270/attachments/original/1614955528/Boyd_Minneapolis_poised_to_approve_settlements_in_suits_alleging_excessive_force_-_StarTribune.com.pdf?1614955528,195
"Anthijuan Beeks, Sr., badge #375",Minneapolis Police Department,https://d3n8a8pro7vhmx.cloudfront.net/cuapb/pages/1461/attachments/original/1638034638/14-01705_Beeks_Part_1.pdf?1638034638,196
"Matthew D. Bostrom, badge #69100",St. Paul Police Department,https://d3n8a8pro7vhmx.cloudfront.net/cuapb/pages/270/attachments/original/1616273040/Fired_deputies_sue_Ramsey_County_sheriff__claim_election_retaliation_%E2%80%93_Twin_Cities.pdf?1616273040,197
"Alexander Graham, badge #510",St. Paul Police Department,https://d3n8a8pro7vhmx.cloudfront.net/cuapb/pages/270/attachments/original/1616273040/Fired_deputies_sue_Ramsey_County_sheriff__claim_election_retaliation_%E2%80%93_Twin_Cities.pdf?1616273040,197
"Steven T. Boyer, badge #730",Minneapolis Police Department,https://d3n8a8pro7vhmx.cloudfront.net/cuapb/pages/270/attachments/original/1626642863/Steven_Boyer.pdf?1626642863,198
"Derrick D. Boone, badge #67500",St. Paul Police Department,https://d3n8a8pro7vhmx.cloudfront.net/cuapb/pages/270/attachments/original/1617986837/Derrick_Boone_2_.pdf?1617986837,199
"Jon J. Loretz, badge #409925",St. Paul Police Department,https://d3n8a8pro7vhmx.cloudfront.net/cuapb/pages/270/attachments/original/1617986837/Derrick_Boone_2_.pdf?1617986837,199
"Colby D. Bragg, badge #73500",St. Paul Police Department,https://d3n8a8pro7vhmx.cloudfront.net/cuapb/pages/270/attachments/original/1626451704/Mom_feared_tragic_end_for_son_shot_by_St._Paul_police_-_StarTribune.com.pdf?1626451704,200
"Joshua E. Raichert, badge #571150",St. Paul Police Department,https://d3n8a8pro7vhmx.cloudfront.net/cuapb/pages/270/attachments/original/1626451704/Mom_feared_tragic_end_for_son_shot_by_St._Paul_police_-_StarTribune.com.pdf?1626451704,200
"Justin L. Rangel, badge #559775",St. Paul Police Department,https://d3n8a8pro7vhmx.cloudfront.net/cuapb/pages/270/attachments/original/1626451704/Mom_feared_tragic_end_for_son_shot_by_St._Paul_police_-_StarTribune.com.pdf?1626451704,200
"Cregg A. Brackman, badge #72211",St. Paul Police Department,https://d3n8a8pro7vhmx.cloudfront.net/cuapb/pages/270/attachments/original/1617976401/Cregg_Brackman_.pdf?1617976401,201
"Christopher Bennett, badge #413",Minneapolis Police Department,https://d3n8a8pro7vhmx.cloudfront.net/cuapb/pages/1461/attachments/original/1638035181/13-31500_Woodis_and_Bennett_Part_4.pdf?1638035181,202
"Shawn Brandt, badge #746",Minneapolis Police Department,https://d3n8a8pro7vhmx.cloudfront.net/cuapb/pages/270/attachments/original/1614470349/Document_22_JesseMcLemoreSettlement.pdf?1614470349,203
"Christopher Steward, badge #6823",Minneapolis Police Department,https://d3n8a8pro7vhmx.cloudfront.net/cuapb/pages/270/attachments/original/1614470349/Document_22_JesseMcLemoreSettlement.pdf?1614470349,203
"Jer Yang, badge #7889",Minneapolis Police Department,https://d3n8a8pro7vhmx.cloudfront.net/cuapb/pages/270/attachments/original/1614470349/Document_22_JesseMcLemoreSettlement.pdf?1614470349,203
"Shawn Brandt, badge #746",Minneapolis Police Department,https://d3n8a8pro7vhmx.cloudfront.net/cuapb/pages/270/attachments/original/1614470346/Document_13_JesseMcLemoreComplaint.pdf?1614470346,204
"Christopher Steward, badge #6823",Minneapolis Police Department,https://d3n8a8pro7vhmx.cloudfront.net/cuapb/pages/270/attachments/original/1614470346/Document_13_JesseMcLemoreComplaint.pdf?1614470346,204
"Jer Yang, badge #7889",Minneapolis Police Department,https://d3n8a8pro7vhmx.cloudfront.net/cuapb/pages/270/attachments/original/1614470346/Document_13_JesseMcLemoreComplaint.pdf?1614470346,204
"Katie Blackwell, badge #664",Minneapolis Police Department,https://d3n8a8pro7vhmx.cloudfront.net/cuapb/pages/270/attachments/original/1617590320/NEWSMD_Special_Report__The_risks_of_police_restraint___Echo_Press.pdf?1617590320,205
"Robert L. Berry, badge #521",Minneapolis Police Department,https://assets.nationbuilder.com/cuapb/pages/1509/attachments/original/1753847462/17-20672_Robert_Berry.pdf?1753847462,206
"Matthew D. Bostrom, badge #69100",St. Paul Police Department,https://d3n8a8pro7vhmx.cloudfront.net/cuapb/pages/270/attachments/original/1618025233/Matthew_Bostrom.pdf?1618025233,207
"Shawn Brandt, badge #746",Minneapolis Police Department,https://d3n8a8pro7vhmx.cloudfront.net/cuapb/pages/270/attachments/original/1613850983/McLemore_vs_Brandt__Stewart__Yang_Lawsuit_Article.pdf?1613850983,208
"Christopher Steward, badge #6823",Minneapolis Police Department,https://d3n8a8pro7vhmx.cloudfront.net/cuapb/pages/270/attachments/original/1613850983/McLemore_vs_Brandt__Stewart__Yang_Lawsuit_Article.pdf?1613850983,208
"Jer Yang, badge #7889",Minneapolis Police Department,https://d3n8a8pro7vhmx.cloudfront.net/cuapb/pages/270/attachments/original/1613850983/McLemore_vs_Brandt__Stewart__Yang_Lawsuit_Article.pdf?1613850983,208
"Jeffrey J. Boyle, badge #70790",St. Paul Police Department,https://d3n8a8pro7vhmx.cloudfront.net/cuapb/pages/270/attachments/original/1618004099/Jeffrey_Boyle_.pdf?1618004099,209
"Shawn Brandt, badge #746",Minneapolis Police Department,https://d3n8a8pro7vhmx.cloudfront.net/cuapb/pages/270/attachments/original/1614470342/2016JesseMcLemoreCityAction.pdf?1614470342,210
"Christopher Steward, badge #6823",Minneapolis Police Department,https://d3n8a8pro7vhmx.cloudfront.net/cuapb/pages/270/attachments/original/1614470342/2016JesseMcLemoreCityAction.pdf?1614470342,210
"Jer Yang, badge #7889",Minneapolis Police Department,https://d3n8a8pro7vhmx.cloudfront.net/cuapb/pages/270/attachments/original/1614470342/2016JesseMcLemoreCityAction.pdf?1614470342,210
"Peter Brazeau, badge #750",Minneapolis Police Department,https://d3n8a8pro7vhmx.cloudfront.net/cuapb/pages/270/attachments/original/1617289536/Alexander_Brown_2.pdf?1617289536,211
"Peter Brazeau, badge #750",Minneapolis Police Department,https://d3n8a8pro7vhmx.cloudfront.net/cuapb/pages/270/attachments/original/1618188030/Fired_Minnesota_officers_have_a_proven_career_saver__arbitration_-_StarTribune.com.pdf?1618188030,212
"Nate Kinsey, badge #None",Richfield Police Department,https://d3n8a8pro7vhmx.cloudfront.net/cuapb/pages/270/attachments/original/1618188030/Fired_Minnesota_officers_have_a_proven_career_saver__arbitration_-_StarTribune.com.pdf?1618188030,212
"Matthew J. Bravo, badge #74560",St. Paul Police Department,https://d3n8a8pro7vhmx.cloudfront.net/cuapb/pages/270/attachments/original/1618062278/Matthew_Bravo_.pdf?1618062278,213
"Anthony T. Spencer, badge #651650",St. Paul Police Department,https://d3n8a8pro7vhmx.cloudfront.net/cuapb/pages/270/attachments/original/1618062278/Matthew_Bravo_.pdf?1618062278,213
"Daniel Barlow, badge #334",Minneapolis Police Department,https://d3n8a8pro7vhmx.cloudfront.net/cuapb/pages/270/attachments/original/1629760126/Barlow_-Daniel-%2819-04570%29-pages-1-12.pdf?1629760126,214
"Peter Brazeau, badge #750",Minneapolis Police Department,https://d3n8a8pro7vhmx.cloudfront.net/cuapb/pages/270/attachments/original/1631804075/2019-Peter_Brazeau_and_Alexander_Brown-Minneapolis.pdf?1631804075,215
"John E. Bennett, badge #406",Minneapolis Police Department,https://d3n8a8pro7vhmx.cloudfront.net/cuapb/pages/1461/attachments/original/1638037219/13-30687_Bennett_Part_2.pdf?1638037219,216
"Jordan Brenny, badge #767",Minneapolis Police Department,https://assets.nationbuilder.com/cuapb/pages/1608/attachments/original/1753998911/21-03803_Jordan_Brenny.pdf?1753998911,217
"Mark Bohnsack, badge #656",Minneapolis Police Department,https://assets.nationbuilder.com/cuapb/pages/1509/attachments/original/1753847142/15-23900_Mark_Bohnsack.pdf?1753847142,218
"Sundiata Bronson, badge #805",Minneapolis Police Department,https://d3n8a8pro7vhmx.cloudfront.net/cuapb/pages/270/attachments/original/1626645205/Sundiata_Bronson_2.pdf?1626645205,219
"Sundiata Bronson, badge #805",Minneapolis Police Department,https://d3n8a8pro7vhmx.cloudfront.net/cuapb/pages/270/attachments/original/1626645114/Sundiata_Bronson.pdf?1626645114,220
"Joshua Stewart, badge #6824",Minneapolis Police Department,https://d3n8a8pro7vhmx.cloudfront.net/cuapb/pages/270/attachments/original/1626645114/Sundiata_Bronson.pdf?1626645114,220
"Gregory L. Brolsma, badge #None",Fairmont Police Department,https://d3n8a8pro7vhmx.cloudfront.net/cuapb/pages/270/attachments/original/1617992144/POST140319Brolsma.pdf?1617992144,221
"Jason A. Brodt, badge #79240",St. Paul Police Department,https://d3n8a8pro7vhmx.cloudfront.net/cuapb/pages/270/attachments/original/1617992556/Jason_A_Brodt_.pdf?1617992556,222
"Brett R. Palkowitsch, badge #520305",St. Paul Police Department,https://d3n8a8pro7vhmx.cloudfront.net/cuapb/pages/270/attachments/original/1617992556/Jason_A_Brodt_.pdf?1617992556,222
"Alexander Brown, badge #820",Minneapolis Police Department,https://d3n8a8pro7vhmx.cloudfront.net/cuapb/pages/270/attachments/original/1617289530/Alexander_Brown.pdf?1617289530,223
"Sundiata Bronson, badge #805",Minneapolis Police Department,https://d3n8a8pro7vhmx.cloudfront.net/cuapb/pages/270/attachments/original/1626749158/USCOURTS-mnd-0_11-cv-03225-0.pdf?1626749158,224
"Matthew Brake, badge #740",Minneapolis Police Department,https://d3n8a8pro7vhmx.cloudfront.net/cuapb/pages/270/attachments/original/1626614434/Kennedy-Bey_v._Metro._Council__Court_File_No._15-cv-2627_%28DWF_LIB%29___Casetext_Search___Citator.pdf?1626614434,225
"Emmanuel Martinez-Cruz, badge #445401",St. Paul Police Department,https://d3n8a8pro7vhmx.cloudfront.net/cuapb/pages/270/attachments/original/1626614434/Kennedy-Bey_v._Metro._Council__Court_File_No._15-cv-2627_%28DWF_LIB%29___Casetext_Search___Citator.pdf?1626614434,225
"Gregory L. Brolsma, badge #None",Fairmont Police Department,https://d3n8a8pro7vhmx.cloudfront.net/cuapb/pages/270/attachments/original/1617991964/Gregory_Brolsma_2.pdf?1617991964,226
"James K. Brickley, badge #771",Minneapolis Police Department,https://d3n8a8pro7vhmx.cloudfront.net/cuapb/pages/270/attachments/original/1613776255/Duane_Mumm_Lawsuit.pdf?1613776255,227
"Lance D. DuPaul, badge #1623",Minneapolis Police Department,https://d3n8a8pro7vhmx.cloudfront.net/cuapb/pages/270/attachments/original/1613776255/Duane_Mumm_Lawsuit.pdf?1613776255,227
"Todd L. Lappegaard, badge #3968",Minneapolis Police Department,https://d3n8a8pro7vhmx.cloudfront.net/cuapb/pages/270/attachments/original/1613776255/Duane_Mumm_Lawsuit.pdf?1613776255,227
"Christopher Bennett, badge #413",Minneapolis Police Department,https://d3n8a8pro7vhmx.cloudfront.net/cuapb/pages/270/attachments/original/1596610931/09-2649_Bennett.pdf?1596610931,228
"Peter Brazeau, badge #750",Minneapolis Police Department,https://d3n8a8pro7vhmx.cloudfront.net/cuapb/pages/270/attachments/original/1618081565/Peter_Brazeau_2.pdf?1618081565,229
"Alexander Brown, badge #820",Minneapolis Police Department,https://d3n8a8pro7vhmx.cloudfront.net/cuapb/pages/270/attachments/original/1618081565/Peter_Brazeau_2.pdf?1618081565,229
"Anthijuan Beeks, Sr., badge #375",Minneapolis Police Department,https://d3n8a8pro7vhmx.cloudfront.net/cuapb/pages/1461/attachments/original/1638034633/14-01705_Beeks_Part_2.pdf?1638034633,230
"Alexander Brown, badge #820",Minneapolis Police Department,https://d3n8a8pro7vhmx.cloudfront.net/cuapb/pages/1462/attachments/original/1638637580/RCA-2021-01230_-_Legal_settlement_Workers'_Compensation_claim_of_Alexander_Brown.pdf?1638637580,231
"Matthew Berens, badge #None",Bloomington Police Department,https://d3n8a8pro7vhmx.cloudfront.net/cuapb/pages/270/attachments/original/1626789467/MCRO_27-CV-19-1504_Summons_and_Complaint_2019-01-27_20210509085133.pdf?1626789467,232
"Joshua Seifert, badge #None",Bloomington Police Department,https://d3n8a8pro7vhmx.cloudfront.net/cuapb/pages/270/attachments/original/1626789467/MCRO_27-CV-19-1504_Summons_and_Complaint_2019-01-27_20210509085133.pdf?1626789467,232
"James Boyd, badge #725",Minneapolis Police Department,https://d3n8a8pro7vhmx.cloudfront.net/cuapb/pages/1461/attachments/original/1638067887/14-02302_Boyd_Part_1.pdf?1638067887,233
"Craig Brown, badge #832",Minneapolis Police Department,https://assets.nationbuilder.com/cuapb/pages/1608/attachments/original/1753998655/20-02268_Craig_Brown.pdf?1753998655,234
"Jared M. Taylor, badge #None",Bloomington Police Department,https://d3n8a8pro7vhmx.cloudfront.net/cuapb/pages/270/attachments/original/1627757085/Minnesota_police_officers_convicted_of_serious_crimes_still_on_the_job_-_StarTribune.com.pdf?1627757085,235
"Steven J. Brown, badge #None",MN State Fair Police Department,https://d3n8a8pro7vhmx.cloudfront.net/cuapb/pages/270/attachments/original/1627757085/Minnesota_police_officers_convicted_of_serious_crimes_still_on_the_job_-_StarTribune.com.pdf?1627757085,235
"Richard D. Ohren, badge #None",Mahnomen County Sheriff's Department,https://d3n8a8pro7vhmx.cloudfront.net/cuapb/pages/270/attachments/original/1627757085/Minnesota_police_officers_convicted_of_serious_crimes_still_on_the_job_-_StarTribune.com.pdf?1627757085,235
"Jason D. Brubaker, badge #82800",St. Paul Police Department,https://d3n8a8pro7vhmx.cloudfront.net/cuapb/pages/270/attachments/original/1617993464/Jason_Brubaker_2.pdf?1617993464,236
"Brandon Brugger, badge #846",Minneapolis Police Department,https://d3n8a8pro7vhmx.cloudfront.net/cuapb/pages/270/attachments/original/1617887760/Brandon_Brugger_2.pdf?1617887760,237
"Derek M. Chauvin, badge #1087",Minneapolis Police Department,https://d3n8a8pro7vhmx.cloudfront.net/cuapb/pages/270/attachments/original/1617887760/Brandon_Brugger_2.pdf?1617887760,237
"Gwendolyn Gunter, badge #2528",Minneapolis Police Department,https://d3n8a8pro7vhmx.cloudfront.net/cuapb/pages/270/attachments/original/1617887760/Brandon_Brugger_2.pdf?1617887760,237
"Steven Herron, badge #2975",Minneapolis Police Department,https://d3n8a8pro7vhmx.cloudfront.net/cuapb/pages/270/attachments/original/1617887760/Brandon_Brugger_2.pdf?1617887760,237
"Terry Nutter, badge #5228",Minneapolis Police Department,https://d3n8a8pro7vhmx.cloudfront.net/cuapb/pages/270/attachments/original/1617887760/Brandon_Brugger_2.pdf?1617887760,237
"Richard D. Bruns, badge #None",Adrian Police Department,https://assets.nationbuilder.com/cuapb/pages/1472/attachments/original/1669101646/Bruns_Richard-18-017-14958.pdf?1669101646,238
"Richard D. Bruns, badge #None",Adrian Police Department,https://d3n8a8pro7vhmx.cloudfront.net/cuapb/pages/270/attachments/original/1618327362/Richard_Bruns.pdf?1618327362,239
"Jason D. Brubaker, badge #82800",St. Paul Police Department,https://d3n8a8pro7vhmx.cloudfront.net/cuapb/pages/270/attachments/original/1617993256/Jason_Brubaker_.pdf?1617993256,240
"Richard D. Bruns, badge #None",Adrian Police Department,https://d3n8a8pro7vhmx.cloudfront.net/cuapb/pages/270/attachments/original/1618326592/Updated__Adrian_police_officer_on_administrative_leave_%E2%80%98indefinitely%E2%80%99___The_Globe.pdf?1618326592,241
"Richard D. Bruns, badge #None",Adrian Police Department,https://d3n8a8pro7vhmx.cloudfront.net/cuapb/pages/270/attachments/original/1618326585/Minnesota_police_officer_arrested_for_assaulting__threatening_wife.pdf?1618326585,242
"James L. Burns, badge #884",Minneapolis Police Department,https://d3n8a8pro7vhmx.cloudfront.net/cuapb/pages/270/attachments/original/1614270336/The_Hits_Keep_Coming_%282007%29.pdf?1614270336,243
"Michael P. Geere, badge #2237",Minneapolis Police Department,https://d3n8a8pro7vhmx.cloudfront.net/cuapb/pages/270/attachments/original/1614270336/The_Hits_Keep_Coming_%282007%29.pdf?1614270336,243
"James C. Bulleigh, badge #860",Minneapolis Police Department,https://d3n8a8pro7vhmx.cloudfront.net/cuapb/pages/270/attachments/original/1614992125/2011Bulleigh_USCOURTS-mnd-0_09-cv-00816-0.pdf?1614992125,244
"Daniel J. Lysholm, badge #4309",Minneapolis Police Department,https://d3n8a8pro7vhmx.cloudfront.net/cuapb/pages/270/attachments/original/1614992125/2011Bulleigh_USCOURTS-mnd-0_09-cv-00816-0.pdf?1614992125,244
"Christopher Bennett, badge #413",Minneapolis Police Department,https://d3n8a8pro7vhmx.cloudfront.net/cuapb/pages/1461/attachments/original/1638035177/13-31500_Woodis_and_Bennett_Part_3.pdf?1638035177,245
"Anthijuan Beeks, Sr., badge #375",Minneapolis Police Department,https://d3n8a8pro7vhmx.cloudfront.net/cuapb/pages/1461/attachments/original/1638034371/13-31524_Beeks.pdf?1638034371,246
"Brandon Brugger, badge #846",Minneapolis Police Department,https://d3n8a8pro7vhmx.cloudfront.net/cuapb/pages/270/attachments/original/1617887765/Brandon_Brugger_3.pdf?1617887765,247
"Derek M. Chauvin, badge #1087",Minneapolis Police Department,https://d3n8a8pro7vhmx.cloudfront.net/cuapb/pages/270/attachments/original/1617887765/Brandon_Brugger_3.pdf?1617887765,247
"Gwendolyn Gunter, badge #2528",Minneapolis Police Department,https://d3n8a8pro7vhmx.cloudfront.net/cuapb/pages/270/attachments/original/1617887765/Brandon_Brugger_3.pdf?1617887765,247
"Steven Herron, badge #2975",Minneapolis Police Department,https://d3n8a8pro7vhmx.cloudfront.net/cuapb/pages/270/attachments/original/1617887765/Brandon_Brugger_3.pdf?1617887765,247
"Terry Nutter, badge #5228",Minneapolis Police Department,https://d3n8a8pro7vhmx.cloudfront.net/cuapb/pages/270/attachments/original/1617887765/Brandon_Brugger_3.pdf?1617887765,247
"James L. Burns, badge #884",Minneapolis Police Department,https://d3n8a8pro7vhmx.cloudfront.net/cuapb/pages/270/attachments/original/1617993037/STATE_v._RICHMOND___FindLaw.pdf?1617993037,248
"Richard D. Bruns, badge #None",Adrian Police Department,https://d3n8a8pro7vhmx.cloudfront.net/cuapb/pages/270/attachments/original/1618327331/Richard_Bruns_3.pdf?1618327331,249
"Jeanine Brudenell, badge #845",Minneapolis Police Department,https://d3n8a8pro7vhmx.cloudfront.net/cuapb/pages/270/attachments/original/1617995108/As_Somali_gangs_evolve__so_does_enforcement___Post_Bulletin.pdf?1617995108,250
"Jeremy Buss, badge #None",Farmington Police Department,https://assets.nationbuilder.com/cuapb/pages/1472/attachments/original/1669102010/Buss_Jeremy-05-016-17605.pdf?1669102010,251
"James L. Burns, badge #884",Minneapolis Police Department,https://d3n8a8pro7vhmx.cloudfront.net/cuapb/pages/1462/attachments/original/1638637598/RCA-2021-01068_-_Legal_settlement_Workers'_Compensation_claim_of_James_Burns.pdf?1638637598,252
"Sundiata Bronson, badge #805",Minneapolis Police Department,https://d3n8a8pro7vhmx.cloudfront.net/cuapb/pages/1461/attachments/original/1638069117/13-30350_Bronson_Part_5.pdf?1638069117,253
"Sundiata Bronson, badge #805",Minneapolis Police Department,https://d3n8a8pro7vhmx.cloudfront.net/cuapb/pages/1461/attachments/original/1638069137/13-30350_Bronson_Part_2.pdf?1638069137,254
"Randy J. Buege, badge #858",Minneapolis Police Department,https://d3n8a8pro7vhmx.cloudfront.net/cuapb/pages/1461/attachments/original/1638072325/13-31249_Buege.pdf?1638072325,255
"Yulia Bury, badge #909",Minneapolis Police Department,https://assets.nationbuilder.com/cuapb/pages/1608/attachments/original/1753998704/20-08351_Yulia_Bury.pdf?1753998704,256
"Robert J. Buth, badge #87700",St. Paul Police Department,https://d3n8a8pro7vhmx.cloudfront.net/cuapb/pages/270/attachments/original/1618328016/Robert_Buth_2.pdf?1618328016,257
"Jeremy Buss, badge #None",Farmington Police Department,https://d3n8a8pro7vhmx.cloudfront.net/cuapb/pages/270/attachments/original/1618004621/Jeremy_Buss.pdf?1618004621,258
"James L. Burns, badge #884",Minneapolis Police Department,https://assets.nationbuilder.com/cuapb/pages/1509/attachments/original/1753847471/17-21996_James_Burns.pdf?1753847471,259
"Peter Stanton, badge #6762",Minneapolis Police Department,https://assets.nationbuilder.com/cuapb/pages/1509/attachments/original/1753847475/17-21996_Peter_Stanton.pdf?1753847475,259
"Jeremy Buss, badge #None",Farmington Police Department,https://d3n8a8pro7vhmx.cloudfront.net/cuapb/pages/270/attachments/original/1618004628/Jeremy_Buss_2.pdf?1618004628,260
"Paul A. Buzicky, badge #88650",St. Paul Police Department,https://d3n8a8pro7vhmx.cloudfront.net/cuapb/pages/270/attachments/original/1618068907/Paul_A_Buzicky_2.pdf?1618068907,261
"Timothy D. Callahan, badge #1598",Minneapolis Police Department,https://d3n8a8pro7vhmx.cloudfront.net/cuapb/pages/270/attachments/original/1624072943/Minn._video_of_prone_suspect's_death_causes_clash_-_Timothy_Callahan.pdf?1624072943,262
"Sundiata Bronson, badge #805",Minneapolis Police Department,https://d3n8a8pro7vhmx.cloudfront.net/cuapb/pages/1461/attachments/original/1638069145/13-30350_Bronson_Part_3.pdf?1638069145,263
"Timothy D. Callahan, badge #1598",Minneapolis Police Department,https://d3n8a8pro7vhmx.cloudfront.net/cuapb/pages/270/attachments/original/1625759119/May_25__Minneapolis_pays__3_million_in_police_misconduct_case_-_StarTribune.com.pdf?1625759119,264
"Timothy D. Callahan, badge #1598",Minneapolis Police Department,https://d3n8a8pro7vhmx.cloudfront.net/cuapb/pages/270/attachments/original/1625759106/27-CV-02-003932_Bolden_vs_Timothy_Callahan.pdf?1625759106,265
"David Campbell, badge #956",Minneapolis Police Department,https://assets.nationbuilder.com/cuapb/pages/1472/attachments/original/1669102905/Campbell_David-18-008-11259.pdf?1669102905,266
"Christopher Bennett, badge #413",Minneapolis Police Department,https://d3n8a8pro7vhmx.cloudfront.net/cuapb/pages/1461/attachments/original/1638035196/13-31500_Woodis_and_Bennett_Part_2.pdf?1638035196,267
"John E. Bennett, badge #406",Minneapolis Police Department,https://d3n8a8pro7vhmx.cloudfront.net/cuapb/pages/1461/attachments/original/1638037228/13-30687_Bennett_Part_1.pdf?1638037228,268
"Sundiata Bronson, badge #805",Minneapolis Police Department,https://d3n8a8pro7vhmx.cloudfront.net/cuapb/pages/270/attachments/original/1626645295/Sundiata_Bronson_3_.pdf?1626645295,269
"Joshua Stewart, badge #6824",Minneapolis Police Department,https://d3n8a8pro7vhmx.cloudfront.net/cuapb/pages/270/attachments/original/1626645295/Sundiata_Bronson_3_.pdf?1626645295,269
"David Campbell, badge #956",Minneapolis Police Department,https://d3n8a8pro7vhmx.cloudfront.net/cuapb/pages/270/attachments/original/1626354784/David_Campbell_article_Oct._17_2018.pdf?1626354784,270
"Robert J. Buth, badge #87700",St. Paul Police Department,https://d3n8a8pro7vhmx.cloudfront.net/cuapb/pages/270/attachments/original/1618328010/Robert_Buth.pdf?1618328010,271
"David Campbell, badge #956",Minneapolis Police Department,https://d3n8a8pro7vhmx.cloudfront.net/cuapb/pages/270/attachments/original/1626355877/David_Campbell_Criminal_Record.pdf?1626355877,272
"Timothy Campbell, badge #None",Duluth Police Department,https://assets.nationbuilder.com/cuapb/pages/1472/attachments/original/1669102286/Campbell_Timothy-12-003-10274.pdf?1669102286,273
"Peter Brazeau, badge #750",Minneapolis Police Department,https://d3n8a8pro7vhmx.cloudfront.net/cuapb/pages/270/attachments/original/1598175481/16-22845_Part_4.pdf?1598175481,274
"Alexander Brown, badge #820",Minneapolis Police Department,https://d3n8a8pro7vhmx.cloudfront.net/cuapb/pages/270/attachments/original/1598175481/16-22845_Part_4.pdf?1598175481,274
"Charles Cape, badge #971",Minneapolis Police Department,https://d3n8a8pro7vhmx.cloudfront.net/cuapb/pages/270/attachments/original/1615510562/Woman_alleges_excessive_force_used_in_2016_traffic_stop_in_Minneapolis_-_StarTribune.com.pdf?1615510562,275
"Charles Cape, badge #971",Minneapolis Police Department,https://d3n8a8pro7vhmx.cloudfront.net/cuapb/pages/270/attachments/original/1625760153/RCA-2017-01236_-_Legal_settlement_-_Lenell_McKenzie_v._City_of_Minneapolis_et_al_.pdf?1625760153,276
"David Robins, badge #6046",Minneapolis Police Department,https://d3n8a8pro7vhmx.cloudfront.net/cuapb/pages/270/attachments/original/1625760153/RCA-2017-01236_-_Legal_settlement_-_Lenell_McKenzie_v._City_of_Minneapolis_et_al_.pdf?1625760153,276
"Paul A. Buzicky, badge #88650",St. Paul Police Department,https://d3n8a8pro7vhmx.cloudfront.net/cuapb/pages/270/attachments/original/1618069128/Metro_Transit_officer_who_confronted_autistic_teen_is_let_go_%E2%80%93_Twin_Cities.pdf?1618069128,277
"Thomas Campbell, badge #958",Minneapolis Police Department,https://assets.nationbuilder.com/cuapb/pages/1473/attachments/original/1754700291/Sundberg_Lawsuit.pdf?1754700291,278
"Shawn Kelly, badge #3689",Minneapolis Police Department,https://assets.nationbuilder.com/cuapb/pages/1473/attachments/original/1754700291/Sundberg_Lawsuit.pdf?1754700291,278
"Aaron Pearson, badge #5504",Minneapolis Police Department,https://assets.nationbuilder.com/cuapb/pages/1473/attachments/original/1754700291/Sundberg_Lawsuit.pdf?1754700291,278
"Zachary Seraphine, badge #6454",Minneapolis Police Department,https://assets.nationbuilder.com/cuapb/pages/1473/attachments/original/1754700291/Sundberg_Lawsuit.pdf?1754700291,278
"Timothy Campbell, badge #None",Duluth Police Department,https://assets.nationbuilder.com/cuapb/pages/1472/attachments/original/1669102802/Campbell__Timothy_69DU-CR-06-1216.pdf?1669102802,279
"Timothy D. Callahan, badge #1598",Minneapolis Police Department,https://d3n8a8pro7vhmx.cloudfront.net/cuapb/pages/270/attachments/original/1616284883/2020_David_Smith__Minneapolis_police_did_not_face_discipline_in_Black_man%E2%80%99s_death_10_years_before_George_Floyd.pdf?1616284883,280
"Timothy Gorman, badge #2343",Minneapolis Police Department,https://d3n8a8pro7vhmx.cloudfront.net/cuapb/pages/270/attachments/original/1616284883/2020_David_Smith__Minneapolis_police_did_not_face_discipline_in_Black_man%E2%80%99s_death_10_years_before_George_Floyd.pdf?1616284883,280
"Amelia Huffman, badge #3173",Minneapolis Police Department,https://d3n8a8pro7vhmx.cloudfront.net/cuapb/pages/270/attachments/original/1616284883/2020_David_Smith__Minneapolis_police_did_not_face_discipline_in_Black_man%E2%80%99s_death_10_years_before_George_Floyd.pdf?1616284883,280
"Darcy Klund, badge #3728",Minneapolis Police Department,https://d3n8a8pro7vhmx.cloudfront.net/cuapb/pages/270/attachments/original/1616284883/2020_David_Smith__Minneapolis_police_did_not_face_discipline_in_Black_man%E2%80%99s_death_10_years_before_George_Floyd.pdf?1616284883,280
"Richard D. Zimmerman, badge #7961",Minneapolis Police Department,https://d3n8a8pro7vhmx.cloudfront.net/cuapb/pages/270/attachments/original/1616284883/2020_David_Smith__Minneapolis_police_did_not_face_discipline_in_Black_man%E2%80%99s_death_10_years_before_George_Floyd.pdf?1616284883,280
"Jerome Carey, badge #972",Minneapolis Police Department,https://d3n8a8pro7vhmx.cloudfront.net/cuapb/pages/270/attachments/original/1616357611/2017_Officers'_actions_in_City_Hall_shooting_are_lauded_and_questioned.pdf?1616357611,281
"David Martinson, badge #4421",Minneapolis Police Department,https://d3n8a8pro7vhmx.cloudfront.net/cuapb/pages/270/attachments/original/1616357611/2017_Officers'_actions_in_City_Hall_shooting_are_lauded_and_questioned.pdf?1616357611,281
"Kelly J. O'Rourke, badge #5375",Minneapolis Police Department,https://d3n8a8pro7vhmx.cloudfront.net/cuapb/pages/270/attachments/original/1616357611/2017_Officers'_actions_in_City_Hall_shooting_are_lauded_and_questioned.pdf?1616357611,281
"Gene Suker, badge #7004",Minneapolis Police Department,https://d3n8a8pro7vhmx.cloudfront.net/cuapb/pages/270/attachments/original/1616357611/2017_Officers'_actions_in_City_Hall_shooting_are_lauded_and_questioned.pdf?1616357611,281
"Richard D. Zimmerman, badge #7961",Minneapolis Police Department,https://d3n8a8pro7vhmx.cloudfront.net/cuapb/pages/270/attachments/original/1616357611/2017_Officers'_actions_in_City_Hall_shooting_are_lauded_and_questioned.pdf?1616357611,281
"James Boyd, badge #725",Minneapolis Police Department,https://d3n8a8pro7vhmx.cloudfront.net/cuapb/pages/1461/attachments/original/1638067315/15-10978_Boyd.pdf?1638067315,282
"David Campbell, badge #956",Minneapolis Police Department,https://d3n8a8pro7vhmx.cloudfront.net/cuapb/pages/270/attachments/original/1509683164/David_Campbell_Off_Duty_Work_Article_20130506.pdf?1509683164,283
"Brian K. Carlson, badge #978",Minneapolis Police Department,https://d3n8a8pro7vhmx.cloudfront.net/cuapb/pages/270/attachments/original/1626357739/Brian_Carlson_-_When_rape_is_reported_and_nothing_happens.pdf?1626357739,284
"Brian K. Carlson, badge #978",Minneapolis Police Department,https://d3n8a8pro7vhmx.cloudfront.net/cuapb/pages/270/attachments/original/1626357830/27-CV-96-009492_Propes_vs_Brian_Carlson.pdf?1626357830,285
"Troy Carlson, badge #998",Minneapolis Police Department,https://d3n8a8pro7vhmx.cloudfront.net/cuapb/pages/270/attachments/original/1625762260/Officers_that_killed_Chiasher_Vue_-_2019.pdf?1625762260,286
"Donnell Crayton, badge #1328",Minneapolis Police Department,https://d3n8a8pro7vhmx.cloudfront.net/cuapb/pages/270/attachments/original/1625762260/Officers_that_killed_Chiasher_Vue_-_2019.pdf?1625762260,286
"Daniel Ledman, badge #4062",Minneapolis Police Department,https://d3n8a8pro7vhmx.cloudfront.net/cuapb/pages/270/attachments/original/1625762260/Officers_that_killed_Chiasher_Vue_-_2019.pdf?1625762260,286
"Andrew Reed, badge #5915",Minneapolis Police Department,https://d3n8a8pro7vhmx.cloudfront.net/cuapb/pages/270/attachments/original/1625762260/Officers_that_killed_Chiasher_Vue_-_2019.pdf?1625762260,286
"Travis Williams, badge #7779",Minneapolis Police Department,https://d3n8a8pro7vhmx.cloudfront.net/cuapb/pages/270/attachments/original/1625762260/Officers_that_killed_Chiasher_Vue_-_2019.pdf?1625762260,286
"Jason Wolff, badge #7859",Minneapolis Police Department,https://d3n8a8pro7vhmx.cloudfront.net/cuapb/pages/270/attachments/original/1625762260/Officers_that_killed_Chiasher_Vue_-_2019.pdf?1625762260,286
"Aaron Womble, badge #7851",Minneapolis Police Department,https://d3n8a8pro7vhmx.cloudfront.net/cuapb/pages/270/attachments/original/1625762260/Officers_that_killed_Chiasher_Vue_-_2019.pdf?1625762260,286
"Toua Yang, badge #7892",Minneapolis Police Department,https://d3n8a8pro7vhmx.cloudfront.net/cuapb/pages/270/attachments/original/1625762260/Officers_that_killed_Chiasher_Vue_-_2019.pdf?1625762260,286
"Brian K. Carlson, badge #978",Minneapolis Police Department,https://d3n8a8pro7vhmx.cloudfront.net/cuapb/pages/270/attachments/original/1626357980/Brian_Carlson_-_Twitter_thread.pdf?1626357980,287
"Troy Carlson, badge #998",Minneapolis Police Department,https://d3n8a8pro7vhmx.cloudfront.net/cuapb/pages/270/attachments/original/1614459699/2016RobertLilienfeldRemoval.pdf?1614459699,288
"John Haugland, badge #2813",Minneapolis Police Department,https://d3n8a8pro7vhmx.cloudfront.net/cuapb/pages/270/attachments/original/1614459699/2016RobertLilienfeldRemoval.pdf?1614459699,288
"Bruce D. Carlson, badge #979",Minneapolis Police Department,https://d3n8a8pro7vhmx.cloudfront.net/cuapb/pages/270/attachments/original/1626821297/opa080823-0407.pdf?1626821297,289
"Troy Carlson, badge #998",Minneapolis Police Department,https://assets.nationbuilder.com/cuapb/pages/1473/attachments/original/1754699073/Four_Minneapolis_officers_were_accused_of_excessive_force_and_now_train_other_police.pdf?1754699073,290
"Matthew Hobbs, badge #3023",Minneapolis Police Department,https://assets.nationbuilder.com/cuapb/pages/1473/attachments/original/1754699073/Four_Minneapolis_officers_were_accused_of_excessive_force_and_now_train_other_police.pdf?1754699073,290
"Shawn Kelly, badge #3689",Minneapolis Police Department,https://assets.nationbuilder.com/cuapb/pages/1473/attachments/original/1754699073/Four_Minneapolis_officers_were_accused_of_excessive_force_and_now_train_other_police.pdf?1754699073,290
"Adam Lepinski, badge #4093",Minneapolis Police Department,https://assets.nationbuilder.com/cuapb/pages/1473/attachments/original/1754699073/Four_Minneapolis_officers_were_accused_of_excessive_force_and_now_train_other_police.pdf?1754699073,290
"Jason Schmitt, badge #6374",Minneapolis Police Department,https://assets.nationbuilder.com/cuapb/pages/1473/attachments/original/1754699073/Four_Minneapolis_officers_were_accused_of_excessive_force_and_now_train_other_police.pdf?1754699073,290
"Sundiata Bronson, badge #805",Minneapolis Police Department,https://d3n8a8pro7vhmx.cloudfront.net/cuapb/pages/1461/attachments/original/1638069111/13-30350_Bronson_Part_4.pdf?1638069111,291
"Walter Carlson, badge #1001",Minneapolis Police Department,https://d3n8a8pro7vhmx.cloudfront.net/cuapb/pages/270/attachments/original/1626361328/Settlement_-_Sheila_Potocnik_v._Walter_Carlson_and_City_of_Minneapolis_-_2017.pdf?1626361328,292
"Sundiata Bronson, badge #805",Minneapolis Police Department,https://d3n8a8pro7vhmx.cloudfront.net/cuapb/pages/1461/attachments/original/1638069124/13-30350_Bronson_Part_6.pdf?1638069124,293
"Jerome Carey, badge #972",Minneapolis Police Department,https://d3n8a8pro7vhmx.cloudfront.net/cuapb/pages/270/attachments/original/1616358367/Video_of_Minneapolis_City_Hall_police_shooting_released.pdf?1616358367,294
"Gene Suker, badge #7004",Minneapolis Police Department,https://d3n8a8pro7vhmx.cloudfront.net/cuapb/pages/270/attachments/original/1616358367/Video_of_Minneapolis_City_Hall_police_shooting_released.pdf?1616358367,294
"Joseph Carlson, badge #405",Chaska Police Department,https://d3n8a8pro7vhmx.cloudfront.net/cuapb/pages/270/attachments/original/1626360925/Joseph_Carlson_-_Chaska_police_officers_named_in_lawsuit.pdf?1626360925,295
"Joshua Lawrenz, badge #407",Chaska Police Department,https://d3n8a8pro7vhmx.cloudfront.net/cuapb/pages/270/attachments/original/1626360925/Joseph_Carlson_-_Chaska_police_officers_named_in_lawsuit.pdf?1626360925,295
"Jamie Personius, badge #409",Chaska Police Department,https://d3n8a8pro7vhmx.cloudfront.net/cuapb/pages/270/attachments/original/1626360925/Joseph_Carlson_-_Chaska_police_officers_named_in_lawsuit.pdf?1626360925,295
"Sundiata Bronson, badge #805",Minneapolis Police Department,https://d3n8a8pro7vhmx.cloudfront.net/cuapb/pages/1461/attachments/original/1638069132/13-30350_Bronson_Part_1.pdf?1638069132,296
"Jason Allen Carlson, badge #None",Ely Police Department,https://assets.nationbuilder.com/cuapb/pages/1472/attachments/original/1669103489/Carlson_Jason-17-003-17629.pdf?1669103489,297
"Troy Carlson, badge #998",Minneapolis Police Department,https://d3n8a8pro7vhmx.cloudfront.net/cuapb/pages/270/attachments/original/1581620970/OPCR_14-04997_Part_2.pdf?1581620970,298
"John Haugland, badge #2813",Minneapolis Police Department,https://d3n8a8pro7vhmx.cloudfront.net/cuapb/pages/270/attachments/original/1581620970/OPCR_14-04997_Part_2.pdf?1581620970,298
"Matthew Lindquist, badge #4169",Minneapolis Police Department,https://d3n8a8pro7vhmx.cloudfront.net/cuapb/pages/270/attachments/original/1581620970/OPCR_14-04997_Part_2.pdf?1581620970,298
"Troy Carlson, badge #998",Minneapolis Police Department,https://d3n8a8pro7vhmx.cloudfront.net/cuapb/pages/270/attachments/original/1581620978/OPCR_14-04997_Part_3.pdf?1581620978,299
"John Haugland, badge #2813",Minneapolis Police Department,https://d3n8a8pro7vhmx.cloudfront.net/cuapb/pages/270/attachments/original/1581620978/OPCR_14-04997_Part_3.pdf?1581620978,299
"Matthew Lindquist, badge #4169",Minneapolis Police Department,https://d3n8a8pro7vhmx.cloudfront.net/cuapb/pages/270/attachments/original/1581620978/OPCR_14-04997_Part_3.pdf?1581620978,299
"Jason Allen Carlson, badge #None",Ely Police Department,https://assets.nationbuilder.com/cuapb/pages/1472/attachments/original/1669103537/Ely_police_officer_arrested_for_child_abuse_-_The_Timberjay.pdf?1669103537,300
"Jason Allen Carlson, badge #None",Ely Police Department,https://assets.nationbuilder.com/cuapb/pages/1472/attachments/original/1669103657/Carlson_reaches_plea_deal__Felony_sexual_assault_charge_dropped_against_Ely_cop__who_admits_to_gross_misdemeanor__council_votes_to_place_him_on_unpaid_leave_The_Ely_Echo.pdf?1669103657,301
"Scott F. Buck, badge #854",Minneapolis Police Department,https://d3n8a8pro7vhmx.cloudfront.net/cuapb/pages/1461/attachments/original/1638071195/13-31310_Buck_Part_3.pdf?1638071195,302
"Jason Allen Carlson, badge #None",Ely Police Department,https://assets.nationbuilder.com/cuapb/pages/1472/attachments/original/1669103604/Carlson_resigns_as_Ely_police_officer_-_The_Timberjay.pdf?1669103604,303
"Joseph Carroll, badge #200",Richfield Police Department,https://d3n8a8pro7vhmx.cloudfront.net/cuapb/pages/270/attachments/original/1615067964/2019Labathe_What_we_know_about_Brian_Quinones__the_man_shot_dead_by_police_in_Richfield_-_Bring_Me_The_News.pdf?1615067964,304
"Dylan Schultz, badge #208",Richfield Police Department,https://d3n8a8pro7vhmx.cloudfront.net/cuapb/pages/270/attachments/original/1615067964/2019Labathe_What_we_know_about_Brian_Quinones__the_man_shot_dead_by_police_in_Richfield_-_Bring_Me_The_News.pdf?1615067964,304
"McCabe Stariha, badge #212",Richfield Police Department,https://d3n8a8pro7vhmx.cloudfront.net/cuapb/pages/270/attachments/original/1615067964/2019Labathe_What_we_know_about_Brian_Quinones__the_man_shot_dead_by_police_in_Richfield_-_Bring_Me_The_News.pdf?1615067964,304
"Joseph R. Labathe, badge #375760",St. Paul Police Department,https://d3n8a8pro7vhmx.cloudfront.net/cuapb/pages/270/attachments/original/1615067964/2019Labathe_What_we_know_about_Brian_Quinones__the_man_shot_dead_by_police_in_Richfield_-_Bring_Me_The_News.pdf?1615067964,304
"Scott F. Buck, badge #854",Minneapolis Police Department,https://d3n8a8pro7vhmx.cloudfront.net/cuapb/pages/1461/attachments/original/1638071211/13-31310_Buck_Part_2.pdf?1638071211,305
"Joseph Carroll, badge #200",Richfield Police Department,https://d3n8a8pro7vhmx.cloudfront.net/cuapb/pages/270/attachments/original/1626361569/Officers_identified_in_deadly_Richfield_officer-involved_shooting.pdf?1626361569,306
"Dylan Schultz, badge #208",Richfield Police Department,https://d3n8a8pro7vhmx.cloudfront.net/cuapb/pages/270/attachments/original/1626361569/Officers_identified_in_deadly_Richfield_officer-involved_shooting.pdf?1626361569,306
"McCabe Stariha, badge #212",Richfield Police Department,https://d3n8a8pro7vhmx.cloudfront.net/cuapb/pages/270/attachments/original/1626361569/Officers_identified_in_deadly_Richfield_officer-involved_shooting.pdf?1626361569,306
"Joseph Carroll, badge #200",Richfield Police Department,https://d3n8a8pro7vhmx.cloudfront.net/cuapb/pages/270/attachments/original/1615068699/2019Labathe_No_charges_against_Richfield_or_Edina_Police_in_fatal_shooting___Hennepin_County.pdf?1615068699,307
"Dylan Schultz, badge #208",Richfield Police Department,https://d3n8a8pro7vhmx.cloudfront.net/cuapb/pages/270/attachments/original/1615068699/2019Labathe_No_charges_against_Richfield_or_Edina_Police_in_fatal_shooting___Hennepin_County.pdf?1615068699,307
"McCabe Stariha, badge #212",Richfield Police Department,https://d3n8a8pro7vhmx.cloudfront.net/cuapb/pages/270/attachments/original/1615068699/2019Labathe_No_charges_against_Richfield_or_Edina_Police_in_fatal_shooting___Hennepin_County.pdf?1615068699,307
"Joseph R. Labathe, badge #375760",St. Paul Police Department,https://d3n8a8pro7vhmx.cloudfront.net/cuapb/pages/270/attachments/original/1615068699/2019Labathe_No_charges_against_Richfield_or_Edina_Police_in_fatal_shooting___Hennepin_County.pdf?1615068699,307
"Charles Cape, badge #971",Minneapolis Police Department,https://d3n8a8pro7vhmx.cloudfront.net/cuapb/pages/270/attachments/original/1617546220/marquez-heraldes-final-report.pdf?1617546220,308
"Michael A. Fossum, badge #2072",Minneapolis Police Department,https://d3n8a8pro7vhmx.cloudfront.net/cuapb/pages/270/attachments/original/1617546220/marquez-heraldes-final-report.pdf?1617546220,308
"Brian Graupner, badge #2385",Minneapolis Police Department,https://d3n8a8pro7vhmx.cloudfront.net/cuapb/pages/270/attachments/original/1617546220/marquez-heraldes-final-report.pdf?1617546220,308
"Eric Malmberg, badge #4370",Minneapolis Police Department,https://d3n8a8pro7vhmx.cloudfront.net/cuapb/pages/270/attachments/original/1617546220/marquez-heraldes-final-report.pdf?1617546220,308
"Lucas Oachs, badge #5250",Minneapolis Police Department,https://d3n8a8pro7vhmx.cloudfront.net/cuapb/pages/270/attachments/original/1617546220/marquez-heraldes-final-report.pdf?1617546220,308
"Jeffrey Perkins, badge #5554",Minneapolis Police Department,https://d3n8a8pro7vhmx.cloudfront.net/cuapb/pages/270/attachments/original/1617546220/marquez-heraldes-final-report.pdf?1617546220,308
"David Robins, badge #6046",Minneapolis Police Department,https://d3n8a8pro7vhmx.cloudfront.net/cuapb/pages/270/attachments/original/1617546220/marquez-heraldes-final-report.pdf?1617546220,308
"Joshua Stewart, badge #6824",Minneapolis Police Department,https://d3n8a8pro7vhmx.cloudfront.net/cuapb/pages/270/attachments/original/1617546220/marquez-heraldes-final-report.pdf?1617546220,308
"Jesse Trebesch, badge #7277",Minneapolis Police Department,https://d3n8a8pro7vhmx.cloudfront.net/cuapb/pages/270/attachments/original/1617546220/marquez-heraldes-final-report.pdf?1617546220,308
"Walter Carlson, badge #1001",Minneapolis Police Department,https://d3n8a8pro7vhmx.cloudfront.net/cuapb/pages/1461/attachments/original/1638079275/13-30392_Walter_Carlson_Part_4.pdf?1638079275,309
"Walter Carlson, badge #1001",Minneapolis Police Department,https://d3n8a8pro7vhmx.cloudfront.net/cuapb/pages/1461/attachments/original/1638079233/13-30392_Walter_Carlson_Part_5.pdf?1638079233,310
"Adan Casas-Uriostegui, badge #None",,https://assets.nationbuilder.com/cuapb/pages/1472/attachments/original/1669104724/Casas-Uriostegui_Adan-20-039-13919.pdf?1669104724,311
"Walter Carlson, badge #1001",Minneapolis Police Department,https://d3n8a8pro7vhmx.cloudfront.net/cuapb/pages/1461/attachments/original/1638079271/13-30392_Walter_Carlson_Part_3.pdf?1638079271,312
"Gerald A. Carter, badge #98600",St. Paul Police Department,https://d3n8a8pro7vhmx.cloudfront.net/cuapb/pages/270/attachments/original/1625841558/maeberry_USCOURTS-mnd-0_09-cv-01216-0.pdf?1625841558,313
"Joseph Carroll, badge #200",Richfield Police Department,https://d3n8a8pro7vhmx.cloudfront.net/cuapb/pages/270/attachments/original/1615069025/2019Labathe_Widow_of_Quinones_sues_Richfield_and_Edina_police_for_wrongful_death___Community___hometownsource.com.pdf?1615069025,314
"Dylan Schultz, badge #208",Richfield Police Department,https://d3n8a8pro7vhmx.cloudfront.net/cuapb/pages/270/attachments/original/1615069025/2019Labathe_Widow_of_Quinones_sues_Richfield_and_Edina_police_for_wrongful_death___Community___hometownsource.com.pdf?1615069025,314
"McCabe Stariha, badge #212",Richfield Police Department,https://d3n8a8pro7vhmx.cloudfront.net/cuapb/pages/270/attachments/original/1615069025/2019Labathe_Widow_of_Quinones_sues_Richfield_and_Edina_police_for_wrongful_death___Community___hometownsource.com.pdf?1615069025,314
"Joseph R. Labathe, badge #375760",St. Paul Police Department,https://d3n8a8pro7vhmx.cloudfront.net/cuapb/pages/270/attachments/original/1615069025/2019Labathe_Widow_of_Quinones_sues_Richfield_and_Edina_police_for_wrongful_death___Community___hometownsource.com.pdf?1615069025,314
"Steve Carter, badge #None",Anoka County Sheriff's Office,https://d3n8a8pro7vhmx.cloudfront.net/cuapb/pages/270/attachments/original/1632230211/2019-Steve_Carter-Anoka_County.pdf?1632230211,315
"Walter Carlson, badge #1001",Minneapolis Police Department,https://d3n8a8pro7vhmx.cloudfront.net/cuapb/pages/1461/attachments/original/1638079265/13-30392_Walter_Carlson_Part_2.pdf?1638079265,316
"Walter Carlson, badge #1001",Minneapolis Police Department,https://d3n8a8pro7vhmx.cloudfront.net/cuapb/pages/1461/attachments/original/1638079239/13-30392_Walter_Carlson_Part_6.pdf?1638079239,317
"Timothy Carson, badge #1006",Minneapolis Police Department,https://assets.nationbuilder.com/cuapb/pages/1472/attachments/original/1669104206/Former_Minneapolis_police_officer_Carson_sentenced_to_eight_years_on_robbery_charges_%E2%80%93_Twin_Cities.pdf?1669104206,318
"Tou M. Cha, badge #112410",St. Paul Police Department,https://assets.nationbuilder.com/cuapb/pages/1472/attachments/original/1669105174/Cha_Tou-05-018-11751.pdf?1669105174,319
"Bryan Castle, badge #1027",Minneapolis Police Department,https://d3n8a8pro7vhmx.cloudfront.net/cuapb/pages/270/attachments/original/1625768156/Police_Uniform__Gun_Stolen_From_Off-Duty_Mpls._Cop%E2%80%99s_Truck.pdf?1625768156,320
"Donnell Crayton, badge #1328",Minneapolis Police Department,https://d3n8a8pro7vhmx.cloudfront.net/cuapb/pages/270/attachments/original/1625768156/Police_Uniform__Gun_Stolen_From_Off-Duty_Mpls._Cop%E2%80%99s_Truck.pdf?1625768156,320
"Tou M. Cha, badge #112410",St. Paul Police Department,https://assets.nationbuilder.com/cuapb/pages/1473/attachments/original/1709524244/Tou_Mo_Cha_SPPD.pdf?1709524244,321
"Walter Carlson, badge #1001",Minneapolis Police Department,https://d3n8a8pro7vhmx.cloudfront.net/cuapb/pages/1461/attachments/original/1638079257/13-30392_Walter_Carlson_Part_1.pdf?1638079257,322
"Jason Chadbourne, badge #None",Brooklyn Park Police Department,https://d3n8a8pro7vhmx.cloudfront.net/cuapb/pages/270/attachments/original/1636334752/Brooklyn_Park_pays.pdf?1636334752,323
"Joseph Carroll, badge #200",Richfield Police Department,https://d3n8a8pro7vhmx.cloudfront.net/cuapb/pages/270/attachments/original/1615068890/2019Labathe_Richfield__Edina_officers_not_charged_in_shooting_death_of_Brian_Quinones___MPR_News.pdf?1615068890,324
"Dylan Schultz, badge #208",Richfield Police Department,https://d3n8a8pro7vhmx.cloudfront.net/cuapb/pages/270/attachments/original/1615068890/2019Labathe_Richfield__Edina_officers_not_charged_in_shooting_death_of_Brian_Quinones___MPR_News.pdf?1615068890,324
"McCabe Stariha, badge #212",Richfield Police Department,https://d3n8a8pro7vhmx.cloudfront.net/cuapb/pages/270/attachments/original/1615068890/2019Labathe_Richfield__Edina_officers_not_charged_in_shooting_death_of_Brian_Quinones___MPR_News.pdf?1615068890,324
"Joseph R. Labathe, badge #375760",St. Paul Police Department,https://d3n8a8pro7vhmx.cloudfront.net/cuapb/pages/270/attachments/original/1615068890/2019Labathe_Richfield__Edina_officers_not_charged_in_shooting_death_of_Brian_Quinones___MPR_News.pdf?1615068890,324
"Walter Carlson, badge #1001",Minneapolis Police Department,https://d3n8a8pro7vhmx.cloudfront.net/cuapb/pages/1461/attachments/original/1638079250/13-30392_Walter_Carlson_Part_8.pdf?1638079250,325
"John Chamberlain, badge #1075",Minneapolis Police Department,https://d3n8a8pro7vhmx.cloudfront.net/cuapb/pages/270/attachments/original/1626361916/WC_settlement_2015_-_no_longer_on_MPD_roster.pdf?1626361916,326
"Janice M. Callaway, badge #941",Minneapolis Police Department,https://d3n8a8pro7vhmx.cloudfront.net/cuapb/pages/1461/attachments/original/1638073540/14-17834_Callaway_Part_1.pdf?1638073540,327
"Noukue Cha, badge #1035",Minneapolis Police Department,https://assets.nationbuilder.com/cuapb/pages/1509/attachments/original/1753848013/18-18428_Noukue_Cha.pdf?1753848013,328
"Adam Castilleja, badge #None",Bureau of Criminal Apprehension,https://d3n8a8pro7vhmx.cloudfront.net/cuapb/pages/270/attachments/original/1625843933/Castilleja__Adam_-_BCA_agent_accused_of_leveraging_immigration_status_for_sex.pdf?1625843933,329
"Scott F. Buck, badge #854",Minneapolis Police Department,https://d3n8a8pro7vhmx.cloudfront.net/cuapb/pages/1461/attachments/original/1638071199/13-31310_Buck_Part_4.pdf?1638071199,330
"Tou M. Cha, badge #112410",St. Paul Police Department,https://d3n8a8pro7vhmx.cloudfront.net/cuapb/pages/270/attachments/original/1585615588/Feb._9__2005__Tou_Cha_resigns_from_St.pdf?1585615588,331
"Tou M. Cha, badge #112410",St. Paul Police Department,https://d3n8a8pro7vhmx.cloudfront.net/cuapb/pages/270/attachments/original/1585615610/Five_SPPD_Cops_Fired.pdf?1585615610,332
"Nicholas Grundei, badge #None",St. Paul Police Department,https://d3n8a8pro7vhmx.cloudfront.net/cuapb/pages/270/attachments/original/1585615610/Five_SPPD_Cops_Fired.pdf?1585615610,332
"Robert G. Luna, badge #412950",St. Paul Police Department,https://d3n8a8pro7vhmx.cloudfront.net/cuapb/pages/270/attachments/original/1585615610/Five_SPPD_Cops_Fired.pdf?1585615610,332
"Christopher G. Rhoades, badge #509850",St. Paul Police Department,https://d3n8a8pro7vhmx.cloudfront.net/cuapb/pages/270/attachments/original/1585615610/Five_SPPD_Cops_Fired.pdf?1585615610,332
"Nathan J. Smith, badge #643205",St. Paul Police Department,https://d3n8a8pro7vhmx.cloudfront.net/cuapb/pages/270/attachments/original/1585615610/Five_SPPD_Cops_Fired.pdf?1585615610,332
"Jordan Wild, badge #None",St. Paul Police Department,https://d3n8a8pro7vhmx.cloudfront.net/cuapb/pages/270/attachments/original/1585615610/Five_SPPD_Cops_Fired.pdf?1585615610,332
"Benjamin Chaput, badge #1090",Minneapolis Police Department,https://d3n8a8pro7vhmx.cloudfront.net/cuapb/pages/270/attachments/original/1625846859/blevins-report.pdf?1625846859,333
"Justin Schmidt, badge #6373",Minneapolis Police Department,https://d3n8a8pro7vhmx.cloudfront.net/cuapb/pages/270/attachments/original/1626056065/Thurman_Blevins_case.pdf?1626056065,333
"Benjamin Chaput, badge #1090",Minneapolis Police Department,https://d3n8a8pro7vhmx.cloudfront.net/cuapb/pages/270/attachments/original/1625845413/Chaput_-_Minneapolis_police_chief_disciplines_officer_for_speaking_out_about_%E2%80%98toxic_culture%E2%80%99.pdf?1625845413,334
"Derek M. Chauvin, badge #1087",Minneapolis Police Department,https://d3n8a8pro7vhmx.cloudfront.net/cuapb/pages/270/attachments/original/1618946695/Derek_Chauvin's_History.pdf?1618946695,335
"Janice M. Callaway, badge #941",Minneapolis Police Department,https://d3n8a8pro7vhmx.cloudfront.net/cuapb/pages/1461/attachments/original/1638073535/14-17834_Callaway_Part_3.pdf?1638073535,336
"Derek M. Chauvin, badge #1087",Minneapolis Police Department,https://d3n8a8pro7vhmx.cloudfront.net/cuapb/pages/270/attachments/original/1614395128/2020_Chauvin_Toles_recalls_being_shot_by_Chauvin.pdf?1614395128,337
"Derek M. Chauvin, badge #1087",Minneapolis Police Department,https://d3n8a8pro7vhmx.cloudfront.net/cuapb/pages/270/attachments/original/1613756980/Prior_misconduct_by_Chauvin_and_Thao_%28Star_Tribune_article%29.pdf?1613756980,338
"Tou Thao, badge #7162",Minneapolis Police Department,https://d3n8a8pro7vhmx.cloudfront.net/cuapb/pages/270/attachments/original/1613756980/Prior_misconduct_by_Chauvin_and_Thao_%28Star_Tribune_article%29.pdf?1613756980,338
"Derek M. Chauvin, badge #1087",Minneapolis Police Department,https://d3n8a8pro7vhmx.cloudfront.net/cuapb/pages/270/attachments/original/1614782221/Thao_George_Floyd_video_sparks_outrage__police_records_detail_even_more.pdf?1614782221,339
"Tou Thao, badge #7162",Minneapolis Police Department,https://d3n8a8pro7vhmx.cloudfront.net/cuapb/pages/270/attachments/original/1614782221/Thao_George_Floyd_video_sparks_outrage__police_records_detail_even_more.pdf?1614782221,339
"Derek M. Chauvin, badge #1087",Minneapolis Police Department,https://d3n8a8pro7vhmx.cloudfront.net/cuapb/pages/270/attachments/original/1614395125/2008_Chauvin_Minneapolis_police_officer_involved_in_weekend_shooting_ID%E2%80%99d.pdf?1614395125,340
"Christopher Bennett, badge #413",Minneapolis Police Department,https://d3n8a8pro7vhmx.cloudfront.net/cuapb/pages/1461/attachments/original/1638035188/13-31500_Woodis_and_Bennett_Part_1.pdf?1638035188,341
"John Chamberlain, badge #1075",Minneapolis Police Department,https://d3n8a8pro7vhmx.cloudfront.net/cuapb/pages/1461/attachments/original/1638080340/13-31064_Chamberlain_Part_1.pdf?1638080340,342
"James Boyd, badge #725",Minneapolis Police Department,https://d3n8a8pro7vhmx.cloudfront.net/cuapb/pages/1461/attachments/original/1638067883/14-02302_Boyd_Part_2.pdf?1638067883,343
"John Chamberlain, badge #1075",Minneapolis Police Department,https://d3n8a8pro7vhmx.cloudfront.net/cuapb/pages/1461/attachments/original/1638080334/13-31064_Chamberlain_Part_2.pdf?1638080334,344
"David R. Clifford, badge #1170",Minneapolis Police Department,https://assets.nationbuilder.com/cuapb/pages/1472/attachments/original/1669105536/Clifford_David-14-001-12142.pdf?1669105536,345
"Mikale Clark, badge #672",Hennepin County Sheriff's Department,https://assets.nationbuilder.com/cuapb/pages/1473/attachments/original/1671254317/20220218_Clark.pdf?1671254317,346
"Matthew A. Clark, badge #2001",University of Minnesota Police Department,https://d3n8a8pro7vhmx.cloudfront.net/cuapb/pages/270/attachments/original/1625846444/RCA-2018-01431_-_Legal_Settlement__DeAngelo_Parker__et_al._v._Matthew_Clark__et_al_.pdf?1625846444,347
"Michael J. Chiappetta, badge #1093",Minneapolis Police Department,https://d3n8a8pro7vhmx.cloudfront.net/cuapb/pages/270/attachments/original/1614185568/The_Hit_Parade_Revisited_%28City_Pages_2005%29.pdf?1614185568,348
"Matthew Hobbs, badge #3023",Minneapolis Police Department,https://d3n8a8pro7vhmx.cloudfront.net/cuapb/pages/270/attachments/original/1614185568/The_Hit_Parade_Revisited_%28City_Pages_2005%29.pdf?1614185568,348
"Phillip W. Hogquist, badge #3056",Minneapolis Police Department,https://d3n8a8pro7vhmx.cloudfront.net/cuapb/pages/270/attachments/original/1614185568/The_Hit_Parade_Revisited_%28City_Pages_2005%29.pdf?1614185568,348
"Lee A. Meili, badge #4706",Minneapolis Police Department,https://d3n8a8pro7vhmx.cloudfront.net/cuapb/pages/270/attachments/original/1614185568/The_Hit_Parade_Revisited_%28City_Pages_2005%29.pdf?1614185568,348
"Matthew J. St. George, badge #6245",Minneapolis Police Department,https://d3n8a8pro7vhmx.cloudfront.net/cuapb/pages/270/attachments/original/1614185568/The_Hit_Parade_Revisited_%28City_Pages_2005%29.pdf?1614185568,348
"Brian Thureson, badge #7229",Minneapolis Police Department,https://d3n8a8pro7vhmx.cloudfront.net/cuapb/pages/270/attachments/original/1614185568/The_Hit_Parade_Revisited_%28City_Pages_2005%29.pdf?1614185568,348
"Justin Churchill, badge #1122",Minneapolis Police Department,https://d3n8a8pro7vhmx.cloudfront.net/cuapb/pages/1462/attachments/original/1638637586/RCA-2021-00436_-_Legal_Settlement_Workers'_Compensation_claim_of_Justin_Churchill.pdf?1638637586,349
"David R. Clifford, badge #1170",Minneapolis Police Department,https://d3n8a8pro7vhmx.cloudfront.net/cuapb/pages/270/attachments/original/1616275901/Former_Minneapolis_cop_sentenced_for_assaulting_bar_patron_in_Andover_-_StarTribune.com.pdf?1616275901,350
"Jason Christensen, badge #None",Owatonna Police Department,https://d3n8a8pro7vhmx.cloudfront.net/cuapb/pages/270/attachments/original/1632315976/2019-Jason_Christensen-_City_of_Owatonna.pdf?1632315976,351
"Aaron Collins, badge #1259",Minneapolis Police Department,https://assets.nationbuilder.com/cuapb/pages/1462/attachments/original/1647659315/RCA-2022-00236_-_Legal_Settlement_Workers'_Compensation_claim_of_Aaron_Collins.pdf?1647659315,352
"Brian Collins, badge #1218",Minneapolis Police Department,https://d3n8a8pro7vhmx.cloudfront.net/cuapb/pages/1462/attachments/original/1638637596/RCA-2021-01006_-_Legal_Settlement_Workers'_Compensation_claim_of_Brian_Collins.pdf?1638637596,353
"Chad Conner, badge #1263",Minneapolis Police Department,https://d3n8a8pro7vhmx.cloudfront.net/cuapb/pages/270/attachments/original/1626362859/Grandson_of_pioneering_black_Minneapolis_cop_sues_police_department.pdf?1626362859,354
"Rachael Lynch (Reiersgord), badge #5934",Minneapolis Police Department,https://d3n8a8pro7vhmx.cloudfront.net/cuapb/pages/270/attachments/original/1626362859/Grandson_of_pioneering_black_Minneapolis_cop_sues_police_department.pdf?1626362859,354
"Jacob Spies, badge #6754",Minneapolis Police Department,https://d3n8a8pro7vhmx.cloudfront.net/cuapb/pages/270/attachments/original/1626362859/Grandson_of_pioneering_black_Minneapolis_cop_sues_police_department.pdf?1626362859,354
"Jamie Conway, badge #1292",Minneapolis Police Department,https://d3n8a8pro7vhmx.cloudfront.net/cuapb/pages/270/attachments/original/1614973492/Conway_Family_enters_second_round_in_police_brutality_case___Twin_Cities_Daily_Planet.pdf?1614973492,355
"Jamie Conway, badge #1292",Minneapolis Police Department,https://d3n8a8pro7vhmx.cloudfront.net/cuapb/pages/270/attachments/original/1614973738/Conway_brownwatch.com_5-2006_-_Google_Docs.pdf?1614973738,356
"Jamie Conway, badge #1292",Minneapolis Police Department,https://d3n8a8pro7vhmx.cloudfront.net/cuapb/pages/270/attachments/original/1614973365/Conway_Star_Tribune_Sat__Oct_11__2003__%281%29-merged.pdf?1614973365,357
"Charles Greaves, badge #2421",Minneapolis Police Department,https://d3n8a8pro7vhmx.cloudfront.net/cuapb/pages/270/attachments/original/1614973365/Conway_Star_Tribune_Sat__Oct_11__2003__%281%29-merged.pdf?1614973365,357
"David R. Clifford, badge #1170",Minneapolis Police Department,https://d3n8a8pro7vhmx.cloudfront.net/cuapb/pages/1461/attachments/original/1638081657/13-31240_Clifford_Part_1.pdf?1638081657,358
"Janice M. Callaway, badge #941",Minneapolis Police Department,https://d3n8a8pro7vhmx.cloudfront.net/cuapb/pages/1461/attachments/original/1638073530/14-17834_Callaway_Part_2.pdf?1638073530,359
"Calvin Cook, badge #1295",Minneapolis Police Department,https://assets.nationbuilder.com/cuapb/pages/1462/attachments/original/1647659318/RCA-2022-00096_-_Legal_settlement_Workers'_Compensation_claim_of_Calvin_Cook.pdf?1647659318,360
"Calvin Cook, badge #1295",Minneapolis Police Department,https://d3n8a8pro7vhmx.cloudfront.net/cuapb/pages/270/attachments/original/1626363453/Quincy_Smith__Appellant__vs._Michael_Morales__et_al.__Respondents._A07-2377__Court_of_Appeals_Unpublished__November_18__2008_.pdf?1626363453,361
"Timothy E. Devick, badge #1526",Minneapolis Police Department,https://d3n8a8pro7vhmx.cloudfront.net/cuapb/pages/270/attachments/original/1626363453/Quincy_Smith__Appellant__vs._Michael_Morales__et_al.__Respondents._A07-2377__Court_of_Appeals_Unpublished__November_18__2008_.pdf?1626363453,361
"Marc Gingerich, badge #2286",Minneapolis Police Department,https://d3n8a8pro7vhmx.cloudfront.net/cuapb/pages/270/attachments/original/1626363453/Quincy_Smith__Appellant__vs._Michael_Morales__et_al.__Respondents._A07-2377__Court_of_Appeals_Unpublished__November_18__2008_.pdf?1626363453,361
"Jamie Conway, badge #1292",Minneapolis Police Department,https://assets.nationbuilder.com/cuapb/pages/1509/attachments/original/1753849703/19-07609_Jamie_Conway.pdf?1753849703,362
"John G. Corcoran, badge #129100",St. Paul Police Department,https://d3n8a8pro7vhmx.cloudfront.net/cuapb/pages/270/attachments/original/1614968593/Smith_No_charges_against_St._Paul_officers_in_fatal_May_shooting_-_StarTribune.com.pdf?1614968593,363
"Larry Costello, badge #None",Clay County Sheriffs Department,https://assets.nationbuilder.com/cuapb/pages/1472/attachments/original/1669105699/Costello_Larry-03-005-912.pdf?1669105699,364
"Larry Costello, badge #None",Clay County Sheriffs Department,https://assets.nationbuilder.com/cuapb/pages/1472/attachments/original/1669105993/Costello_gives_up_law_license_-_InForum_Fargo__Moorhead_and_West_Fargo_news__weather_and_sports.pdf?1669105993,365
"John G. Corcoran, badge #129100",St. Paul Police Department,https://d3n8a8pro7vhmx.cloudfront.net/cuapb/pages/270/attachments/original/1626364657/Excessive_force_-_Haggins_v._City_of_St._Paul__et_al_.pdf?1626364657,366
"Vosinick T. Kellum, badge #342800",St. Paul Police Department,https://d3n8a8pro7vhmx.cloudfront.net/cuapb/pages/270/attachments/original/1626364657/Excessive_force_-_Haggins_v._City_of_St._Paul__et_al_.pdf?1626364657,366
"Thomas W. Radke, badge #558150",St. Paul Police Department,https://d3n8a8pro7vhmx.cloudfront.net/cuapb/pages/270/attachments/original/1626364657/Excessive_force_-_Haggins_v._City_of_St._Paul__et_al_.pdf?1626364657,366
"Eric J. Stevens, badge #660060",St. Paul Police Department,https://d3n8a8pro7vhmx.cloudfront.net/cuapb/pages/270/attachments/original/1626364657/Excessive_force_-_Haggins_v._City_of_St._Paul__et_al_.pdf?1626364657,366
"Calvin Cook, badge #1295",Minneapolis Police Department,https://d3n8a8pro7vhmx.cloudfront.net/cuapb/pages/270/attachments/original/1626269583/Spann_v._City_of_Minneapolis__Civil_No._08-41_%28DWF_JJK%29___Casetext_Search___Citator.pdf?1626269583,367
"Steven Herron, badge #2975",Minneapolis Police Department,https://d3n8a8pro7vhmx.cloudfront.net/cuapb/pages/270/attachments/original/1626269583/Spann_v._City_of_Minneapolis__Civil_No._08-41_%28DWF_JJK%29___Casetext_Search___Citator.pdf?1626269583,367
"Karl M. Olson, badge #5306",Minneapolis Police Department,https://d3n8a8pro7vhmx.cloudfront.net/cuapb/pages/270/attachments/original/1626269583/Spann_v._City_of_Minneapolis__Civil_No._08-41_%28DWF_JJK%29___Casetext_Search___Citator.pdf?1626269583,367
"David R. Clifford, badge #1170",Minneapolis Police Department,https://d3n8a8pro7vhmx.cloudfront.net/cuapb/pages/1461/attachments/original/1638081662/13-31240_Clifford_Part_2.pdf?1638081662,368
"Jamie Conway, badge #1292",Minneapolis Police Department,https://d3n8a8pro7vhmx.cloudfront.net/cuapb/pages/1461/attachments/original/1638082321/15-02940_Conway.pdf?1638082321,369
"Russell Cragin, badge #1327",Minneapolis Police Department,https://d3n8a8pro7vhmx.cloudfront.net/cuapb/pages/270/attachments/original/1626449766/Anastacio_Lemus_Lopez_v._Minneapolis_Chief_of_Police__et_al.__17-CV-1179_%28PAM_TNL%29_%281%29.pdf?1626449766,370
"Michael A. Fossum, badge #2072",Minneapolis Police Department,https://d3n8a8pro7vhmx.cloudfront.net/cuapb/pages/270/attachments/original/1626449766/Anastacio_Lemus_Lopez_v._Minneapolis_Chief_of_Police__et_al.__17-CV-1179_%28PAM_TNL%29_%281%29.pdf?1626449766,370
"Michael P. Grahn, badge #2378",Minneapolis Police Department,https://d3n8a8pro7vhmx.cloudfront.net/cuapb/pages/270/attachments/original/1626449766/Anastacio_Lemus_Lopez_v._Minneapolis_Chief_of_Police__et_al.__17-CV-1179_%28PAM_TNL%29_%281%29.pdf?1626449766,370
"Stephen McCarty, badge #4523",Minneapolis Police Department,https://d3n8a8pro7vhmx.cloudfront.net/cuapb/pages/270/attachments/original/1626449766/Anastacio_Lemus_Lopez_v._Minneapolis_Chief_of_Police__et_al.__17-CV-1179_%28PAM_TNL%29_%281%29.pdf?1626449766,370
"Gerald Moore, badge #4849",Minneapolis Police Department,https://d3n8a8pro7vhmx.cloudfront.net/cuapb/pages/270/attachments/original/1626449766/Anastacio_Lemus_Lopez_v._Minneapolis_Chief_of_Police__et_al.__17-CV-1179_%28PAM_TNL%29_%281%29.pdf?1626449766,370
"Anthony Rodin, badge #6075",Minneapolis Police Department,https://d3n8a8pro7vhmx.cloudfront.net/cuapb/pages/270/attachments/original/1626449766/Anastacio_Lemus_Lopez_v._Minneapolis_Chief_of_Police__et_al.__17-CV-1179_%28PAM_TNL%29_%281%29.pdf?1626449766,370
"Donnell Crayton, badge #1328",Minneapolis Police Department,https://d3n8a8pro7vhmx.cloudfront.net/cuapb/pages/270/attachments/original/1617641952/Minneapolis_officer_accused_of_sexual_assault_-_StarTribune.com.pdf?1617641952,371
"David R. Clifford, badge #1170",Minneapolis Police Department,https://d3n8a8pro7vhmx.cloudfront.net/cuapb/pages/1461/attachments/original/1638081674/13-31240_Clifford_Part_4.pdf?1638081674,372
"Larry Costello, badge #None",Clay County Sheriffs Department,https://assets.nationbuilder.com/cuapb/pages/1472/attachments/original/1669105993/Costello_admits_violating_law_-_InForum_Fargo__Moorhead_and_West_Fargo_news__weather_and_sports.pdf?1669105993,373
"Troy Carlson, badge #998",Minneapolis Police Department,https://d3n8a8pro7vhmx.cloudfront.net/cuapb/pages/270/attachments/original/1581620991/OPCR_14-04997_Part_4.pdf?1581620991,374
"John Haugland, badge #2813",Minneapolis Police Department,https://d3n8a8pro7vhmx.cloudfront.net/cuapb/pages/270/attachments/original/1581620991/OPCR_14-04997_Part_4.pdf?1581620991,374
"Matthew Lindquist, badge #4169",Minneapolis Police Department,https://d3n8a8pro7vhmx.cloudfront.net/cuapb/pages/270/attachments/original/1581620991/OPCR_14-04997_Part_4.pdf?1581620991,374
"Craig Crisp, Jr., badge #1337",Minneapolis Police Department,https://d3n8a8pro7vhmx.cloudfront.net/cuapb/pages/270/attachments/original/1626881290/Craig_Crisp_-_Chris_Thompson_settlement_-_2014.pdf?1626881290,375
"Peter D. Crum, badge #135500",St. Paul Police Department,https://d3n8a8pro7vhmx.cloudfront.net/cuapb/pages/270/attachments/original/1626527090/Corel_Office_Document.pdf?1626527090,376
"John R. Linssen, badge #401800",St. Paul Police Department,https://d3n8a8pro7vhmx.cloudfront.net/cuapb/pages/270/attachments/original/1626527090/Corel_Office_Document.pdf?1626527090,376
"Jay D. Thompson, badge #683100",St. Paul Police Department,https://d3n8a8pro7vhmx.cloudfront.net/cuapb/pages/270/attachments/original/1626527090/Corel_Office_Document.pdf?1626527090,376
"Matthew D. Toronto, badge #690835",St. Paul Police Department,https://d3n8a8pro7vhmx.cloudfront.net/cuapb/pages/270/attachments/original/1626527090/Corel_Office_Document.pdf?1626527090,376
"Scott Creighton, badge #1331",Minneapolis Police Department,https://d3n8a8pro7vhmx.cloudfront.net/cuapb/pages/270/attachments/original/1626394585/Scott_Creighton_-_2019_arrest_of_George_Floyd.pdf?1626394585,377
"Scott Creighton, badge #1331",Minneapolis Police Department,https://d3n8a8pro7vhmx.cloudfront.net/cuapb/pages/270/attachments/original/1626394291/Creighton__Scott_%28Retired%29.pdf?1626394291,378
"David R. Clifford, badge #1170",Minneapolis Police Department,https://d3n8a8pro7vhmx.cloudfront.net/cuapb/pages/1461/attachments/original/1638081668/13-31240_Clifford_Part_3.pdf?1638081668,379
"Scott Creighton, badge #1331",Minneapolis Police Department,https://d3n8a8pro7vhmx.cloudfront.net/cuapb/pages/1462/attachments/original/1638637602/RCA-2021-01080_-_Legal_settlement_Workers'_Compensation_claim_of_Scott_Creighton.pdf?1638637602,380
"Jesse Crofton, badge #1341",Minneapolis Police Department,https://d3n8a8pro7vhmx.cloudfront.net/cuapb/pages/270/attachments/original/1626451015/Arbitrator_upholds_firing_of_Minneapolis_police_officer_-_StarTribune.com.pdf?1626451015,381
"Jesse Crofton, badge #1341",Minneapolis Police Department,https://d3n8a8pro7vhmx.cloudfront.net/cuapb/pages/270/attachments/original/1631802331/2021-Mohamud_Jama-_City_of_Minneapolis.pdf?1631802331,382
"Brian Cummings, badge #1360",Minneapolis Police Department,https://d3n8a8pro7vhmx.cloudfront.net/cuapb/pages/270/attachments/original/1635789799/MPD_Officer_Brian_Cummings_Charged_in_Collision_That_Killed_Leneal_Frazier.pdf?1635789799,383
"Brian Cummings, badge #1360",Minneapolis Police Department,https://d3n8a8pro7vhmx.cloudfront.net/cuapb/pages/270/attachments/original/1615511977/Lawsuit__Mpls._police_used_taser_on_man_in_'full_blown_bipolar_episode'_-_StarTribune.com.pdf?1615511977,384
"Kevin Franek, badge #2083",Minneapolis Police Department,https://d3n8a8pro7vhmx.cloudfront.net/cuapb/pages/270/attachments/original/1615511977/Lawsuit__Mpls._police_used_taser_on_man_in_'full_blown_bipolar_episode'_-_StarTribune.com.pdf?1615511977,384
"David R. Clifford, badge #1170",Minneapolis Police Department,https://d3n8a8pro7vhmx.cloudfront.net/cuapb/pages/1461/attachments/original/1638081680/13-31240_Clifford_Part_5.pdf?1638081680,385
"Scott Creighton, badge #1331",Minneapolis Police Department,https://d3n8a8pro7vhmx.cloudfront.net/cuapb/pages/270/attachments/original/1626394994/Present_at_Travis_Jordan_scene_-_2019.pdf?1626394994,386
"Ryan Keyes, badge #3714",Minneapolis Police Department,https://d3n8a8pro7vhmx.cloudfront.net/cuapb/pages/270/attachments/original/1626308140/Jordan-finalreport-2019.pdf?1626308140,386
"Neal Walsh, badge #7501",Minneapolis Police Department,https://d3n8a8pro7vhmx.cloudfront.net/cuapb/pages/270/attachments/original/1626308140/Jordan-finalreport-2019.pdf?1626308140,386
"Scott J. Dahlquist, badge #1394",Minneapolis Police Department,https://d3n8a8pro7vhmx.cloudfront.net/cuapb/pages/270/attachments/original/1626128190/Minneapolis_settles_suit_with_man_who_alleged_police_beating_-_StarTribune.com.pdf?1626128190,387
"Michael Honeycutt, badge #3141",Minneapolis Police Department,https://d3n8a8pro7vhmx.cloudfront.net/cuapb/pages/270/attachments/original/1626128190/Minneapolis_settles_suit_with_man_who_alleged_police_beating_-_StarTribune.com.pdf?1626128190,387
"Shawn Powell, badge #5792",Minneapolis Police Department,https://d3n8a8pro7vhmx.cloudfront.net/cuapb/pages/270/attachments/original/1626128190/Minneapolis_settles_suit_with_man_who_alleged_police_beating_-_StarTribune.com.pdf?1626128190,387
"John Trangsrud, badge #7293",Minneapolis Police Department,https://d3n8a8pro7vhmx.cloudfront.net/cuapb/pages/270/attachments/original/1626128190/Minneapolis_settles_suit_with_man_who_alleged_police_beating_-_StarTribune.com.pdf?1626128190,387
"Christopher Tuma, badge #7339",Minneapolis Police Department,https://d3n8a8pro7vhmx.cloudfront.net/cuapb/pages/270/attachments/original/1626128190/Minneapolis_settles_suit_with_man_who_alleged_police_beating_-_StarTribune.com.pdf?1626128190,387
"Richard Walker, badge #7461",Minneapolis Police Department,https://d3n8a8pro7vhmx.cloudfront.net/cuapb/pages/270/attachments/original/1626128190/Minneapolis_settles_suit_with_man_who_alleged_police_beating_-_StarTribune.com.pdf?1626128190,387
"George Warzinik, badge #7575",Minneapolis Police Department,https://d3n8a8pro7vhmx.cloudfront.net/cuapb/pages/270/attachments/original/1626128190/Minneapolis_settles_suit_with_man_who_alleged_police_beating_-_StarTribune.com.pdf?1626128190,387
"Peter D. Crum, badge #135500",St. Paul Police Department,https://d3n8a8pro7vhmx.cloudfront.net/cuapb/pages/270/attachments/original/1626451322/Crum__Peter_-_killed_William_Hayek.pdf?1626451322,388
"John R. Linssen, badge #401800",St. Paul Police Department,https://d3n8a8pro7vhmx.cloudfront.net/cuapb/pages/270/attachments/original/1626451322/Crum__Peter_-_killed_William_Hayek.pdf?1626451322,388
"Jay D. Thompson, badge #683100",St. Paul Police Department,https://d3n8a8pro7vhmx.cloudfront.net/cuapb/pages/270/attachments/original/1626451322/Crum__Peter_-_killed_William_Hayek.pdf?1626451322,388
"Matthew D. Toronto, badge #690835",St. Paul Police Department,https://d3n8a8pro7vhmx.cloudfront.net/cuapb/pages/270/attachments/original/1626451322/Crum__Peter_-_killed_William_Hayek.pdf?1626451322,388
"Jesse Crofton, badge #1341",Minneapolis Police Department,https://assets.nationbuilder.com/cuapb/pages/1509/attachments/original/1753847515/18-02946_Jesse_Crofton.pdf?1753847515https://assets.nationbuilder.com/cuapb/pages/1509/attachments/original/1753847515/18-02946_Jesse_Crofton.pdf?1753847515,389
"David R. Clifford, badge #1170",Minneapolis Police Department,https://d3n8a8pro7vhmx.cloudfront.net/cuapb/pages/1461/attachments/original/1638081654/13-31240_Clifford_Part_13.pdf?1638081654,390
"Joseph Dahl, badge #None",Watonwan County Sheriff's Department,https://assets.nationbuilder.com/cuapb/pages/1472/attachments/original/1669156883/Plea_ends_trial_of_former_sheriff_Local_News_mankatofreepress.com.pdf?1669156883,391
"David R. Clifford, badge #1170",Minneapolis Police Department,https://d3n8a8pro7vhmx.cloudfront.net/cuapb/pages/1461/attachments/original/1638081610/13-31240_Clifford_Part_6.pdf?1638081610,392
"Scott J. Dahlquist, badge #1394",Minneapolis Police Department,https://d3n8a8pro7vhmx.cloudfront.net/cuapb/pages/270/attachments/original/1626277359/city-of-minneapolis-response-to-darryl-jenkins-lawsuit.pdf?1626277359,393
"Michael Honeycutt, badge #3141",Minneapolis Police Department,https://d3n8a8pro7vhmx.cloudfront.net/cuapb/pages/270/attachments/original/1626277359/city-of-minneapolis-response-to-darryl-jenkins-lawsuit.pdf?1626277359,393
"Shawn Powell, badge #5792",Minneapolis Police Department,https://d3n8a8pro7vhmx.cloudfront.net/cuapb/pages/270/attachments/original/1626277359/city-of-minneapolis-response-to-darryl-jenkins-lawsuit.pdf?1626277359,393
"John Trangsrud, badge #7293",Minneapolis Police Department,https://d3n8a8pro7vhmx.cloudfront.net/cuapb/pages/270/attachments/original/1626277359/city-of-minneapolis-response-to-darryl-jenkins-lawsuit.pdf?1626277359,393
"Christopher Tuma, badge #7339",Minneapolis Police Department,https://d3n8a8pro7vhmx.cloudfront.net/cuapb/pages/270/attachments/original/1626277359/city-of-minneapolis-response-to-darryl-jenkins-lawsuit.pdf?1626277359,393
"Richard Walker, badge #7461",Minneapolis Police Department,https://d3n8a8pro7vhmx.cloudfront.net/cuapb/pages/270/attachments/original/1626277359/city-of-minneapolis-response-to-darryl-jenkins-lawsuit.pdf?1626277359,393
"George Warzinik, badge #7575",Minneapolis Police Department,https://d3n8a8pro7vhmx.cloudfront.net/cuapb/pages/270/attachments/original/1626277359/city-of-minneapolis-response-to-darryl-jenkins-lawsuit.pdf?1626277359,393
"Joseph Dahl, badge #None",Watonwan County Sheriff's Department,https://assets.nationbuilder.com/cuapb/pages/1472/attachments/original/1669156692/Dahl-10-003-4421.pdf?1669156692,394
"David R. Clifford, badge #1170",Minneapolis Police Department,https://d3n8a8pro7vhmx.cloudfront.net/cuapb/pages/1461/attachments/original/1638081630/13-31240_Clifford_Part_9.pdf?1638081630,395
"Bach Dang, badge #1425",Minneapolis Police Department,https://assets.nationbuilder.com/cuapb/pages/270/attachments/original/1665011801/RCA-2022-00859_-_Legal_Settlement_Henry_James_Holmes_v._City_of_Minneapolis__et_al..pdf?1665011801,396
"Ryan Keyes, badge #3714",Minneapolis Police Department,https://assets.nationbuilder.com/cuapb/pages/270/attachments/original/1665011801/RCA-2022-00859_-_Legal_Settlement_Henry_James_Holmes_v._City_of_Minneapolis__et_al..pdf?1665011801,396
"Souphaphone Daoheuang, badge #1424",Minneapolis Police Department,https://d3n8a8pro7vhmx.cloudfront.net/cuapb/pages/270/attachments/original/1626487090/Dolal_Idd_police_report_-_General-Offense-Public-Information-Report-GO-20-322120.pdf?1626487090,397
"Paul Huynh, badge #3198",Minneapolis Police Department,https://d3n8a8pro7vhmx.cloudfront.net/cuapb/pages/270/attachments/original/1626487090/Dolal_Idd_police_report_-_General-Offense-Public-Information-Report-GO-20-322120.pdf?1626487090,397
"Darcy Klund, badge #3728",Minneapolis Police Department,https://d3n8a8pro7vhmx.cloudfront.net/cuapb/pages/270/attachments/original/1626487090/Dolal_Idd_police_report_-_General-Offense-Public-Information-Report-GO-20-322120.pdf?1626487090,397
"Jason Schmitt, badge #6374",Minneapolis Police Department,https://d3n8a8pro7vhmx.cloudfront.net/cuapb/pages/270/attachments/original/1626487090/Dolal_Idd_police_report_-_General-Offense-Public-Information-Report-GO-20-322120.pdf?1626487090,397
"Michael Dauk, badge #None",Hennepin County Sheriff's Department,https://assets.nationbuilder.com/cuapb/pages/1473/attachments/original/1671254308/20211215_Dauk.pdf?1671254308,398
"Jordan Davis, badge #1434",Minneapolis Police Department,https://assets.nationbuilder.com/cuapb/pages/1472/attachments/original/1669157524/Davis_Jordan-16-012-19718.pdf?1669157524,399
"Bach Dang, badge #1425",Minneapolis Police Department,https://assets.nationbuilder.com/cuapb/pages/270/attachments/original/1665011811/Holmes_vs_MPD.pdf?1665011811,400
"Ryan Keyes, badge #3714",Minneapolis Police Department,https://assets.nationbuilder.com/cuapb/pages/270/attachments/original/1665011811/Holmes_vs_MPD.pdf?1665011811,400
"Jordan Davis, badge #1434",Minneapolis Police Department,https://d3n8a8pro7vhmx.cloudfront.net/cuapb/pages/270/attachments/original/1614974721/2016JonGauthierJudgment.pdf?1614974721,401
"Jordan Davis, badge #1434",Minneapolis Police Department,https://d3n8a8pro7vhmx.cloudfront.net/cuapb/pages/270/attachments/original/1618008151/Jordan_Davis_-_Ex-Mpls._cop_gets_2_years_prison_for_fraud_tied_to_nonprofit___MPR_News.pdf?1618008151,402
"Ramar W. Davis, badge #145530",St. Paul Police Department,https://d3n8a8pro7vhmx.cloudfront.net/cuapb/pages/270/attachments/original/1618092462/Ramar_Davis_-_St._Paul_police_name_2_officers_involved_in_shooting_%E2%80%93_Twin_Cities.pdf?1618092462,403
"Joseph P. Higgins, badge #284925",St. Paul Police Department,https://d3n8a8pro7vhmx.cloudfront.net/cuapb/pages/270/attachments/original/1618092462/Ramar_Davis_-_St._Paul_police_name_2_officers_involved_in_shooting_%E2%80%93_Twin_Cities.pdf?1618092462,403
"Jordan Davis, badge #1434",Minneapolis Police Department,https://assets.nationbuilder.com/cuapb/pages/1472/attachments/original/1669157534/Indictment_of_Jordan_Davis_15-CR-00247.pdf?1669157534,404
"Moshe Davis, badge #1435",Minneapolis Police Department,https://d3n8a8pro7vhmx.cloudfront.net/cuapb/pages/270/attachments/original/1626559949/Microsoft_Word_-_19cv954_Judgment-in-a-Civil-Action-3.pdf?1626559949,405
"Jason Matthews, badge #4442",Minneapolis Police Department,https://d3n8a8pro7vhmx.cloudfront.net/cuapb/pages/270/attachments/original/1626559949/Microsoft_Word_-_19cv954_Judgment-in-a-Civil-Action-3.pdf?1626559949,405
"Dylan Pearson, badge #5498",Minneapolis Police Department,https://d3n8a8pro7vhmx.cloudfront.net/cuapb/pages/270/attachments/original/1626559949/Microsoft_Word_-_19cv954_Judgment-in-a-Civil-Action-3.pdf?1626559949,405
"Toua Yang, badge #7892",Minneapolis Police Department,https://d3n8a8pro7vhmx.cloudfront.net/cuapb/pages/270/attachments/original/1626559949/Microsoft_Word_-_19cv954_Judgment-in-a-Civil-Action-3.pdf?1626559949,405
"Jordan Davis, badge #1434",Minneapolis Police Department,https://d3n8a8pro7vhmx.cloudfront.net/cuapb/pages/270/attachments/original/1615594911/BJR_Garcia_v._Golgart_et_al.pdf?1615594911,406
"James Golgart, Jr., badge #2317",Minneapolis Police Department,https://d3n8a8pro7vhmx.cloudfront.net/cuapb/pages/270/attachments/original/1615594911/BJR_Garcia_v._Golgart_et_al.pdf?1615594911,406
"Jason Degerstrom, badge #None",Ramsey County Sheriff's Department,https://assets.nationbuilder.com/cuapb/pages/1472/attachments/original/1669351144/Degerstrom_Jason-20-007-17929.pdf?1669351144,407
"Kate Deering, badge #None",Brooklyn Center Police Department,https://d3n8a8pro7vhmx.cloudfront.net/cuapb/pages/270/attachments/original/1618248838/Man_killed_by_Brooklyn_Center_police_was_facing_prison_sentence_-_StarTribune.com.pdf?1618248838,408
"Ryan Soliday, badge #None",Brooklyn Center Police Department,https://d3n8a8pro7vhmx.cloudfront.net/cuapb/pages/270/attachments/original/1618248838/Man_killed_by_Brooklyn_Center_police_was_facing_prison_sentence_-_StarTribune.com.pdf?1618248838,408
"David R. Clifford, badge #1170",Minneapolis Police Department,https://d3n8a8pro7vhmx.cloudfront.net/cuapb/pages/1461/attachments/original/1638081617/13-31240_Clifford_Part_7.pdf?1638081617,409
"Kate Deering, badge #None",Brooklyn Center Police Department,https://d3n8a8pro7vhmx.cloudfront.net/cuapb/pages/270/attachments/original/1618249167/Federal_judge_dismisses_wrongful_death_suit_against_Brooklyn_Center_officer___MPR_News.pdf?1618249167,410
"Ryan Soliday, badge #None",Brooklyn Center Police Department,https://d3n8a8pro7vhmx.cloudfront.net/cuapb/pages/270/attachments/original/1618249167/Federal_judge_dismisses_wrongful_death_suit_against_Brooklyn_Center_officer___MPR_News.pdf?1618249167,410
"Jason Degerstrom, badge #None",Ramsey County Sheriff's Department,https://assets.nationbuilder.com/cuapb/pages/1472/attachments/original/1669351681/MCRO_62-CR-19-4089_E-filed_Comp-Summons_2019-06-04_20221124224117.pdf?1669351681,411
"Jason Degerstrom, badge #None",Ramsey County Sheriff's Department,https://assets.nationbuilder.com/cuapb/pages/1472/attachments/original/1669351682/MCRO_62-CR-19-4089_Sentencing_Order_2020-02-03_20221124224607.pdf?1669351682,412
"Jason Degerstrom, badge #None",Ramsey County Sheriff's Department,https://assets.nationbuilder.com/cuapb/pages/1472/attachments/original/1669352157/Charges_Video_shows_Ramsey_County_sergeant_stealing_cash_during_bedroom_search_-_Bring_Me_The_News.pdf?1669352157,413
"Kate Deering, badge #None",Brooklyn Center Police Department,https://d3n8a8pro7vhmx.cloudfront.net/cuapb/pages/270/attachments/original/1618249003/Family_Claims_Man_Was_Killed_By_Cops_While_In_Handcuffs__Police_Investigating_%E2%80%93_WCCO___CBS_Minnesota.pdf?1618249003,414
"Ryan Soliday, badge #None",Brooklyn Center Police Department,https://d3n8a8pro7vhmx.cloudfront.net/cuapb/pages/270/attachments/original/1618249003/Family_Claims_Man_Was_Killed_By_Cops_While_In_Handcuffs__Police_Investigating_%E2%80%93_WCCO___CBS_Minnesota.pdf?1618249003,414
"Paul Dellwo, badge #1462",Minneapolis Police Department,https://d3n8a8pro7vhmx.cloudfront.net/cuapb/pages/270/attachments/original/1625935361/Authorities__Man_was_killed_after_pointing_handgun_at_officers___MPR_News.pdf?1625935361,415
"Adam Moen, badge #4832",Minneapolis Police Department,https://d3n8a8pro7vhmx.cloudfront.net/cuapb/pages/270/attachments/original/1625935361/Authorities__Man_was_killed_after_pointing_handgun_at_officers___MPR_News.pdf?1625935361,415
"Paul Dellwo, badge #1462",Minneapolis Police Department,https://d3n8a8pro7vhmx.cloudfront.net/cuapb/pages/270/attachments/original/1625935097/Carjacking_suspect_killed_by_police_is_identified_-_StarTribune.com.pdf?1625935097,416
"Adam Moen, badge #4832",Minneapolis Police Department,https://d3n8a8pro7vhmx.cloudfront.net/cuapb/pages/270/attachments/original/1625935097/Carjacking_suspect_killed_by_police_is_identified_-_StarTribune.com.pdf?1625935097,416
"Walter Carlson, badge #1001",Minneapolis Police Department,https://d3n8a8pro7vhmx.cloudfront.net/cuapb/pages/1461/attachments/original/1638079246/13-30392_Walter_Carlson_Part_7.pdf?1638079246,417
"Joshua Demmerly, badge #None",Warroad Police Department,https://assets.nationbuilder.com/cuapb/pages/1472/attachments/original/1669158582/Demmerly_Joshua-20-003-22953.pdf?1669158582,418
"Dante Dean, badge #1475",Minneapolis Police Department,https://d3n8a8pro7vhmx.cloudfront.net/cuapb/pages/1461/attachments/original/1638083926/14-13398_Dean_Part_4.pdf?1638083926,419
"Scott J. Dahlquist, badge #1394",Minneapolis Police Department,https://d3n8a8pro7vhmx.cloudfront.net/cuapb/pages/1461/attachments/original/1638083162/13-31428_Dahlquist_Part_6.pdf?1638083162,420
"John C. Delmonico, badge #1491",Minneapolis Police Department,https://assets.nationbuilder.com/cuapb/pages/1462/attachments/original/1647659314/RCA-2022-00199_-_Legal_Settlement_Workers'_Compensation_claim_of_John_Delmonico.pdf?1647659314,421
"Scott J. Dahlquist, badge #1394",Minneapolis Police Department,https://d3n8a8pro7vhmx.cloudfront.net/cuapb/pages/1461/attachments/original/1638083151/13-31428_Dahlquist_Part_4.pdf?1638083151,422
"Brian Denny, badge #None",,https://assets.nationbuilder.com/cuapb/pages/1472/attachments/original/1669159178/Denny_Brian-97-082-13372.pdf?1669159178,423
"Anthony W. Dean, badge #146501",St. Paul Police Department,https://d3n8a8pro7vhmx.cloudfront.net/cuapb/pages/270/attachments/original/1617328492/Honored_St._Paul_cop_shoots_naked_unarmed_man.pdf?1617328492,424
"Anthony W. Dean, badge #146501",St. Paul Police Department,https://d3n8a8pro7vhmx.cloudfront.net/cuapb/pages/270/attachments/original/1617369435/St._Paul_police_chief_fires_officer_who_shot__wounded_man_-_StarTribune.com.pdf?1617369435,425
"Scott F. Buck, badge #854",Minneapolis Police Department,https://d3n8a8pro7vhmx.cloudfront.net/cuapb/pages/1461/attachments/original/1638071205/13-31310_Buck_Part_1.pdf?1638071205,426
"Dante Dean, badge #1475",Minneapolis Police Department,https://d3n8a8pro7vhmx.cloudfront.net/cuapb/pages/1461/attachments/original/1638083930/14-13398_Dean_Part_5.pdf?1638083930,427
"Joshua Demmerly, badge #None",Warroad Police Department,https://assets.nationbuilder.com/cuapb/pages/1472/attachments/original/1669158590/Ex-officer_sentenced_for_sexually_assaulting__stalking_teenager.pdf?1669158590,428
"Steven J. Derhaag, badge #1521",Minneapolis Police Department,https://d3n8a8pro7vhmx.cloudfront.net/cuapb/pages/1462/attachments/original/1638637597/RCA-2021-01010_-_Legal_Settlement_Workers'_Compensation_claim_of_Steven_Derhaag.pdf?1638637597,429
"Ruby G. Diaz, badge #152875",St. Paul Police Department,https://assets.nationbuilder.com/cuapb/pages/1472/attachments/original/1669160332/Diaz_Ruby-15-004-16261.pdf?1669160332,430
"Dante Dean, badge #1475",Minneapolis Police Department,https://d3n8a8pro7vhmx.cloudfront.net/cuapb/pages/1461/attachments/original/1638083923/14-13398_Dean_Part_3.pdf?1638083923,431
"Ruby G. Diaz, badge #152875",St. Paul Police Department,https://d3n8a8pro7vhmx.cloudfront.net/cuapb/pages/270/attachments/original/1618329143/Former_St._Paul_police_officer_convicted_of_ID_theft_has_a_new_job.pdf?1618329143,432
"Ruby G. Diaz, badge #152875",St. Paul Police Department,https://d3n8a8pro7vhmx.cloudfront.net/cuapb/pages/270/attachments/original/1618329365/St._Paul_police_officer_found_guilty_of_ID_theft_charge_-_StarTribune.com.pdf?1618329365,433
"Dante Dean, badge #1475",Minneapolis Police Department,https://d3n8a8pro7vhmx.cloudfront.net/cuapb/pages/1461/attachments/original/1638083942/14-13398_Dean_Part_2.pdf?1638083942,434
"Paul Dellwo, badge #1462",Minneapolis Police Department,https://d3n8a8pro7vhmx.cloudfront.net/cuapb/pages/1461/attachments/original/1638084623/14-22385_Dellwo_Part_2.pdf?1638084623,435
"Charles Cape, badge #971",Minneapolis Police Department,https://d3n8a8pro7vhmx.cloudfront.net/cuapb/pages/270/attachments/original/1581619794/OPCR_case_16-01727_Cape.pdf?1581619794,436
"Paul Dellwo, badge #1462",Minneapolis Police Department,https://d3n8a8pro7vhmx.cloudfront.net/cuapb/pages/1461/attachments/original/1638084631/14-22385_Dellwo_Part_1.pdf?1638084631,437
"Daniel J. Diedrich, badge #1545",Minneapolis Police Department,https://d3n8a8pro7vhmx.cloudfront.net/cuapb/pages/270/attachments/original/1614990664/2016BardinSchlitz.pdf?1614990664,438
"Jeremy Foster, badge #2076",Minneapolis Police Department,https://d3n8a8pro7vhmx.cloudfront.net/cuapb/pages/270/attachments/original/1614990664/2016BardinSchlitz.pdf?1614990664,438
"Ty Jindra, badge #3291",Minneapolis Police Department,https://d3n8a8pro7vhmx.cloudfront.net/cuapb/pages/270/attachments/original/1614990664/2016BardinSchlitz.pdf?1614990664,438
"Hien Q. Dinh, badge #1551",Minneapolis Police Department,https://d3n8a8pro7vhmx.cloudfront.net/cuapb/pages/270/attachments/original/1615921334/2002JelianiCops.pdf?1615921334,439
"James R. Jensen, badge #3282",Minneapolis Police Department,https://d3n8a8pro7vhmx.cloudfront.net/cuapb/pages/270/attachments/original/1615921334/2002JelianiCops.pdf?1615921334,439
"Vicki Karnik, badge #3637",Minneapolis Police Department,https://d3n8a8pro7vhmx.cloudfront.net/cuapb/pages/270/attachments/original/1615921334/2002JelianiCops.pdf?1615921334,439
"Joel Kimmerle, badge #3703",Minneapolis Police Department,https://d3n8a8pro7vhmx.cloudfront.net/cuapb/pages/270/attachments/original/1615921334/2002JelianiCops.pdf?1615921334,439
"Michael McCarthy, badge #4520",Minneapolis Police Department,https://d3n8a8pro7vhmx.cloudfront.net/cuapb/pages/270/attachments/original/1615921334/2002JelianiCops.pdf?1615921334,439
"Justin Merten, badge #4752",Minneapolis Police Department,https://d3n8a8pro7vhmx.cloudfront.net/cuapb/pages/270/attachments/original/1615921334/2002JelianiCops.pdf?1615921334,439
"Jodene Diedrich, badge #4366",Minneapolis Police Department,https://d3n8a8pro7vhmx.cloudfront.net/cuapb/pages/1462/attachments/original/1638637580/RCA-2021-01231_-_Legal_settlement_Workers'_Compensation_claim_of_Jodene_Diedrich.pdf?1638637580,440
"Scott J. Dahlquist, badge #1394",Minneapolis Police Department,https://d3n8a8pro7vhmx.cloudfront.net/cuapb/pages/1461/attachments/original/1638083168/13-31428_Dahlquist_Part_1.pdf?1638083168,441
"Troy Dillard, badge #1547",Minneapolis Police Department,https://assets.nationbuilder.com/cuapb/pages/1608/attachments/original/1753998834/21-08926_Troy_Dillard.pdf?1753998834,442
"Hien Q. Dinh, badge #1551",Minneapolis Police Department,https://d3n8a8pro7vhmx.cloudfront.net/cuapb/pages/270/attachments/original/1615590895/2007_HASSAN_v._Jensen_et_al.pdf?1615590895,443
"James R. Jensen, badge #3282",Minneapolis Police Department,https://d3n8a8pro7vhmx.cloudfront.net/cuapb/pages/270/attachments/original/1615590895/2007_HASSAN_v._Jensen_et_al.pdf?1615590895,443
"Vicki Karnik, badge #3637",Minneapolis Police Department,https://d3n8a8pro7vhmx.cloudfront.net/cuapb/pages/270/attachments/original/1615590895/2007_HASSAN_v._Jensen_et_al.pdf?1615590895,443
"Joel Kimmerle, badge #3703",Minneapolis Police Department,https://d3n8a8pro7vhmx.cloudfront.net/cuapb/pages/270/attachments/original/1615590895/2007_HASSAN_v._Jensen_et_al.pdf?1615590895,443
"Michael McCarthy, badge #4520",Minneapolis Police Department,https://d3n8a8pro7vhmx.cloudfront.net/cuapb/pages/270/attachments/original/1615590895/2007_HASSAN_v._Jensen_et_al.pdf?1615590895,443
"Justin Merten, badge #4752",Minneapolis Police Department,https://d3n8a8pro7vhmx.cloudfront.net/cuapb/pages/270/attachments/original/1615590895/2007_HASSAN_v._Jensen_et_al.pdf?1615590895,443
"Scott J. Dahlquist, badge #1394",Minneapolis Police Department,https://d3n8a8pro7vhmx.cloudfront.net/cuapb/pages/1461/attachments/original/1638083158/13-31428_Dahlquist_Part_5.pdf?1638083158,444
"Mack Dominguez, badge #1575",Minneapolis Police Department,https://d3n8a8pro7vhmx.cloudfront.net/cuapb/pages/270/attachments/original/1626110641/opa140841-111615.pdf?1626110641,445
"Christopher Kelley, badge #3680",Minneapolis Police Department,https://d3n8a8pro7vhmx.cloudfront.net/cuapb/pages/270/attachments/original/1626110641/opa140841-111615.pdf?1626110641,445
"Karina Landmesser, badge #3955",Minneapolis Police Department,https://d3n8a8pro7vhmx.cloudfront.net/cuapb/pages/270/attachments/original/1626110641/opa140841-111615.pdf?1626110641,445
"Sara Metcalf, badge #4755",Minneapolis Police Department,https://d3n8a8pro7vhmx.cloudfront.net/cuapb/pages/270/attachments/original/1626110641/opa140841-111615.pdf?1626110641,445
"Heather Young (Jorges), badge #3576",Minneapolis Police Department,https://d3n8a8pro7vhmx.cloudfront.net/cuapb/pages/270/attachments/original/1626110641/opa140841-111615.pdf?1626110641,445
"Timothy E. Devick, badge #1526",Minneapolis Police Department,https://d3n8a8pro7vhmx.cloudfront.net/cuapb/pages/1461/attachments/original/1638085182/13-15894_Devick_Part_2.pdf?1638085182,446
"Christopher Cushenbery, badge #1375",Minneapolis Police Department,https://d3n8a8pro7vhmx.cloudfront.net/cuapb/pages/1461/attachments/original/1638082591/14-22453_Cushenbery.pdf?1638082591,447
"Daniel J. Diedrich, badge #1545",Minneapolis Police Department,https://d3n8a8pro7vhmx.cloudfront.net/cuapb/pages/270/attachments/original/1614281070/Minneapolis_cop_told_Somali_American_teens_he_was_proud_U.S._troops_killed_%E2%80%98you_folk%E2%80%99_in_Mogadishu_.pdf?1614281070,448
"Joel Doran, badge #1594",Minneapolis Police Department,https://assets.nationbuilder.com/cuapb/pages/1462/attachments/original/1647659318/RCA-2022-00095_-_Legal_settlement_Workers'_Compensation_claim_of_Joel_Doran.pdf?1647659318,449
"Scott J. Dahlquist, badge #1394",Minneapolis Police Department,https://d3n8a8pro7vhmx.cloudfront.net/cuapb/pages/1461/attachments/original/1638083144/13-31428_Dahlquist_Part_3.pdf?1638083144,450
"Hien Q. Dinh, badge #1551",Minneapolis Police Department,https://d3n8a8pro7vhmx.cloudfront.net/cuapb/pages/1461/attachments/original/1638381906/10-01_Dinh_Part_5.pdf?1638381906,451
"David R. Clifford, badge #1170",Minneapolis Police Department,https://d3n8a8pro7vhmx.cloudfront.net/cuapb/pages/1461/attachments/original/1638081650/13-31240_Clifford_Part_12.pdf?1638081650,452
"Scott D. Downing, badge #1596",Minneapolis Police Department,https://d3n8a8pro7vhmx.cloudfront.net/cuapb/pages/270/attachments/original/1592575102/Jones_Suit_Against_MPD_Zimmerman_Wuorinin_Lazarchic_Downing.pdf?1592575102,453
"Kevin D. Lazarchic, badge #4046",Minneapolis Police Department,https://d3n8a8pro7vhmx.cloudfront.net/cuapb/pages/270/attachments/original/1592575102/Jones_Suit_Against_MPD_Zimmerman_Wuorinin_Lazarchic_Downing.pdf?1592575102,453
"Steve Wuorinen, badge #7876",Minneapolis Police Department,https://d3n8a8pro7vhmx.cloudfront.net/cuapb/pages/270/attachments/original/1592575102/Jones_Suit_Against_MPD_Zimmerman_Wuorinin_Lazarchic_Downing.pdf?1592575102,453
"Richard D. Zimmerman, badge #7961",Minneapolis Police Department,https://d3n8a8pro7vhmx.cloudfront.net/cuapb/pages/270/attachments/original/1592575102/Jones_Suit_Against_MPD_Zimmerman_Wuorinin_Lazarchic_Downing.pdf?1592575102,453
"Timothy E. Devick, badge #1526",Minneapolis Police Department,https://d3n8a8pro7vhmx.cloudfront.net/cuapb/pages/1461/attachments/original/1638085189/13-15894_Devick_Part_1.pdf?1638085189,454
"Joshua Domek, badge #1573",Minneapolis Police Department,https://d3n8a8pro7vhmx.cloudfront.net/cuapb/pages/1461/attachments/original/1638086713/13-27044_Domek_Part_3.pdf?1638086713,455
"Lance D. DuPaul, badge #1623",Minneapolis Police Department,https://d3n8a8pro7vhmx.cloudfront.net/cuapb/pages/270/attachments/original/1625923624/DuPaul_USCOURTS-mnd-0_06-cv-00164-0.pdf?1625923624,456
"Dustin L. Dupre, badge #1626",Minneapolis Police Department,https://d3n8a8pro7vhmx.cloudfront.net/cuapb/pages/270/attachments/original/1625923624/DuPaul_USCOURTS-mnd-0_06-cv-00164-0.pdf?1625923624,456
"Jared D. Roettjer, badge #6092",Minneapolis Police Department,https://d3n8a8pro7vhmx.cloudfront.net/cuapb/pages/270/attachments/original/1625923624/DuPaul_USCOURTS-mnd-0_06-cv-00164-0.pdf?1625923624,456
"Richard Duncan, badge #None",Chisago County Sheriff's Department,https://d3n8a8pro7vhmx.cloudfront.net/cuapb/pages/270/attachments/original/1626748948/Chisago_County__ex-sheriff_held_liable_in_bizarre_sex_case_-_StarTribune.com.pdf?1626748948,457
"Samukai Dunna, badge #None",Hennepin County Sheriff's Department,https://assets.nationbuilder.com/cuapb/pages/1473/attachments/original/1671254297/20211214_Dunna.pdf?1671254297,458
"Rena Dudgeon, badge #1613",Minneapolis Police Department,https://d3n8a8pro7vhmx.cloudfront.net/cuapb/pages/1462/attachments/original/1638637593/RCA-2021-00895_-_Legal_Settlement_Workers'_Compensation_claim_of_Rena_Dudgeon.pdf?1638637593,459
"Stot Dunphy, badge #1624",Minneapolis Police Department,https://assets.nationbuilder.com/cuapb/pages/1462/attachments/original/1647659316/RCA-2022-00091_-_Legal_settlement_Workers'_Compensation_claim_of_Stot_Dunphy.pdf?1647659316,460
"David R. Clifford, badge #1170",Minneapolis Police Department,https://d3n8a8pro7vhmx.cloudfront.net/cuapb/pages/1461/attachments/original/1638081624/13-31240_Clifford_Part_8.pdf?1638081624,461
"Dante Dean, badge #1475",Minneapolis Police Department,https://d3n8a8pro7vhmx.cloudfront.net/cuapb/pages/1461/attachments/original/1638083935/14-13398_Dean_Part_1.pdf?1638083935,462
"Joshua Domek, badge #1573",Minneapolis Police Department,https://d3n8a8pro7vhmx.cloudfront.net/cuapb/pages/1461/attachments/original/1638086707/13-27044_Domek_Part_2.pdf?1638086707,463
"Dustin L. Dupre, badge #1626",Minneapolis Police Department,https://d3n8a8pro7vhmx.cloudfront.net/cuapb/pages/1462/attachments/original/1638637603/RCA-2021-01081_-_Legal_settlement_Workers'_Compensation_claim_of_Dustin_Dupre.pdf?1638637603,464
"Alexandra Dubay, badge #1617",Minneapolis Police Department,https://assets.nationbuilder.com/cuapb/pages/1608/attachments/original/1753998694/20-08247_Alexandra_Dubay.pdf?1753998694,465
"Joshua Domek, badge #1573",Minneapolis Police Department,https://d3n8a8pro7vhmx.cloudfront.net/cuapb/pages/1461/attachments/original/1638086720/13-27044_Domek_Part_1.pdf?1638086720,466
"Deitan Dubuc, badge #1615",Minneapolis Police Department,https://assets.nationbuilder.com/cuapb/pages/1608/attachments/original/1753998737/20-14359_Deitan_Dubuc.pdf?1753998737,467
"Mark Durand, badge #1627",Minneapolis Police Department,https://d3n8a8pro7vhmx.cloudfront.net/cuapb/pages/270/attachments/original/1617899181/Autopsy_report__Franklin_shot_10_times___The_Cities___Minnesota_Public_Radio_News.pdf?1617899181,468
"Michael Meath, badge #4686",Minneapolis Police Department,https://d3n8a8pro7vhmx.cloudfront.net/cuapb/pages/270/attachments/original/1617899181/Autopsy_report__Franklin_shot_10_times___The_Cities___Minnesota_Public_Radio_News.pdf?1617899181,468
"Ricardo Muro, badge #4899",Minneapolis Police Department,https://d3n8a8pro7vhmx.cloudfront.net/cuapb/pages/270/attachments/original/1617899181/Autopsy_report__Franklin_shot_10_times___The_Cities___Minnesota_Public_Radio_News.pdf?1617899181,468
"Lucas Peterson, badge #5630",Minneapolis Police Department,https://d3n8a8pro7vhmx.cloudfront.net/cuapb/pages/270/attachments/original/1617899181/Autopsy_report__Franklin_shot_10_times___The_Cities___Minnesota_Public_Radio_News.pdf?1617899181,468
"Andrew Stender, badge #6791",Minneapolis Police Department,https://d3n8a8pro7vhmx.cloudfront.net/cuapb/pages/270/attachments/original/1617899181/Autopsy_report__Franklin_shot_10_times___The_Cities___Minnesota_Public_Radio_News.pdf?1617899181,468
"Mark Durand, badge #1627",Minneapolis Police Department,https://d3n8a8pro7vhmx.cloudfront.net/cuapb/pages/270/attachments/original/1617898245/Star_Tribune_Wed__May_15__2013_-merged_%281%29.pdf?1617898245,469
"Michael Meath, badge #4686",Minneapolis Police Department,https://d3n8a8pro7vhmx.cloudfront.net/cuapb/pages/270/attachments/original/1617898245/Star_Tribune_Wed__May_15__2013_-merged_%281%29.pdf?1617898245,469
"Ricardo Muro, badge #4899",Minneapolis Police Department,https://d3n8a8pro7vhmx.cloudfront.net/cuapb/pages/270/attachments/original/1617898245/Star_Tribune_Wed__May_15__2013_-merged_%281%29.pdf?1617898245,469
"Lucas Peterson, badge #5630",Minneapolis Police Department,https://d3n8a8pro7vhmx.cloudfront.net/cuapb/pages/270/attachments/original/1617898245/Star_Tribune_Wed__May_15__2013_-merged_%281%29.pdf?1617898245,469
"Andrew Stender, badge #6791",Minneapolis Police Department,https://d3n8a8pro7vhmx.cloudfront.net/cuapb/pages/270/attachments/original/1617898245/Star_Tribune_Wed__May_15__2013_-merged_%281%29.pdf?1617898245,469
"Mark Durand, badge #1627",Minneapolis Police Department,https://d3n8a8pro7vhmx.cloudfront.net/cuapb/pages/270/attachments/original/1617898823/Star_Tribune_Tue__May_14__2013_-merged.pdf?1617898823,470
"Michael Meath, badge #4686",Minneapolis Police Department,https://d3n8a8pro7vhmx.cloudfront.net/cuapb/pages/270/attachments/original/1617898823/Star_Tribune_Tue__May_14__2013_-merged.pdf?1617898823,470
"Ricardo Muro, badge #4899",Minneapolis Police Department,https://d3n8a8pro7vhmx.cloudfront.net/cuapb/pages/270/attachments/original/1617898823/Star_Tribune_Tue__May_14__2013_-merged.pdf?1617898823,470
"Lucas Peterson, badge #5630",Minneapolis Police Department,https://d3n8a8pro7vhmx.cloudfront.net/cuapb/pages/270/attachments/original/1617898823/Star_Tribune_Tue__May_14__2013_-merged.pdf?1617898823,470
"Andrew Stender, badge #6791",Minneapolis Police Department,https://d3n8a8pro7vhmx.cloudfront.net/cuapb/pages/270/attachments/original/1617898823/Star_Tribune_Tue__May_14__2013_-merged.pdf?1617898823,470
"Mack Dominguez, badge #1575",Minneapolis Police Department,https://assets.nationbuilder.com/cuapb/pages/1509/attachments/original/1753849717/19-06071_Mack_Dominguez.pdf?1753849717,471
"Mack Dominguez, badge #1575",Minneapolis Police Department,https://d3n8a8pro7vhmx.cloudfront.net/cuapb/pages/270/attachments/original/1626222443/Dominguez_-Mack-%2819-06071%29.pdf?1626222443,471
"Emily Dunphy (Olson), badge #5294",Minneapolis Police Department,https://d3n8a8pro7vhmx.cloudfront.net/cuapb/pages/270/attachments/original/1613581697/Anderson_vs_Tyra_et_al.pdf?1613581697,472
"Christopher Karakostas, badge #3636",Minneapolis Police Department,https://d3n8a8pro7vhmx.cloudfront.net/cuapb/pages/270/attachments/original/1613581697/Anderson_vs_Tyra_et_al.pdf?1613581697,472
"Shannon Miller, badge #4798",Minneapolis Police Department,https://d3n8a8pro7vhmx.cloudfront.net/cuapb/pages/270/attachments/original/1613581697/Anderson_vs_Tyra_et_al.pdf?1613581697,472
"Scott Sutherland, badge #7017",Minneapolis Police Department,https://d3n8a8pro7vhmx.cloudfront.net/cuapb/pages/270/attachments/original/1613581697/Anderson_vs_Tyra_et_al.pdf?1613581697,472
"Daniel Tyra, badge #7350",Minneapolis Police Department,https://d3n8a8pro7vhmx.cloudfront.net/cuapb/pages/270/attachments/original/1613581697/Anderson_vs_Tyra_et_al.pdf?1613581697,472
"Mark Durand, badge #1627",Minneapolis Police Department,https://d3n8a8pro7vhmx.cloudfront.net/cuapb/pages/270/attachments/original/1617897874/Star_Tribune_Wed__Sep_25__2013_-merged.pdf?1617897874,473
"Michael Meath, badge #4686",Minneapolis Police Department,https://d3n8a8pro7vhmx.cloudfront.net/cuapb/pages/270/attachments/original/1617897874/Star_Tribune_Wed__Sep_25__2013_-merged.pdf?1617897874,473
"Ricardo Muro, badge #4899",Minneapolis Police Department,https://d3n8a8pro7vhmx.cloudfront.net/cuapb/pages/270/attachments/original/1617897874/Star_Tribune_Wed__Sep_25__2013_-merged.pdf?1617897874,473
"Lucas Peterson, badge #5630",Minneapolis Police Department,https://d3n8a8pro7vhmx.cloudfront.net/cuapb/pages/270/attachments/original/1617897874/Star_Tribune_Wed__Sep_25__2013_-merged.pdf?1617897874,473
"Andrew Stender, badge #6791",Minneapolis Police Department,https://d3n8a8pro7vhmx.cloudfront.net/cuapb/pages/270/attachments/original/1617897874/Star_Tribune_Wed__Sep_25__2013_-merged.pdf?1617897874,473
"Mark Durand, badge #1627",Minneapolis Police Department,https://d3n8a8pro7vhmx.cloudfront.net/cuapb/pages/270/attachments/original/1599978179/Lucas_Peterson_Article.pdf?1599978179,474
"Ricardo Muro, badge #4899",Minneapolis Police Department,https://d3n8a8pro7vhmx.cloudfront.net/cuapb/pages/270/attachments/original/1599978179/Lucas_Peterson_Article.pdf?1599978179,474
"Andrew Stender, badge #6791",Minneapolis Police Department,https://d3n8a8pro7vhmx.cloudfront.net/cuapb/pages/270/attachments/original/1599978179/Lucas_Peterson_Article.pdf?1599978179,474
"Mark Durand, badge #1627",Minneapolis Police Department,https://d3n8a8pro7vhmx.cloudfront.net/cuapb/pages/270/attachments/original/1617896979/Suit_alleges_Mpls._police_shot_Terrance_Franklin_as_he_tried_to_surrender___MPR_News.pdf?1617896979,475
"Michael Meath, badge #4686",Minneapolis Police Department,https://d3n8a8pro7vhmx.cloudfront.net/cuapb/pages/270/attachments/original/1617896979/Suit_alleges_Mpls._police_shot_Terrance_Franklin_as_he_tried_to_surrender___MPR_News.pdf?1617896979,475
"Ricardo Muro, badge #4899",Minneapolis Police Department,https://d3n8a8pro7vhmx.cloudfront.net/cuapb/pages/270/attachments/original/1617896979/Suit_alleges_Mpls._police_shot_Terrance_Franklin_as_he_tried_to_surrender___MPR_News.pdf?1617896979,475
"Lucas Peterson, badge #5630",Minneapolis Police Department,https://d3n8a8pro7vhmx.cloudfront.net/cuapb/pages/270/attachments/original/1617896979/Suit_alleges_Mpls._police_shot_Terrance_Franklin_as_he_tried_to_surrender___MPR_News.pdf?1617896979,475
"Andrew Stender, badge #6791",Minneapolis Police Department,https://d3n8a8pro7vhmx.cloudfront.net/cuapb/pages/270/attachments/original/1617896979/Suit_alleges_Mpls._police_shot_Terrance_Franklin_as_he_tried_to_surrender___MPR_News.pdf?1617896979,475
"Mark Durand, badge #1627",Minneapolis Police Department,https://d3n8a8pro7vhmx.cloudfront.net/cuapb/pages/270/attachments/original/1617895772/Minneapolis_police_involved_in_disputed_shooting_death_honored_%E2%80%93_Twin_Cities.pdf?1617895772,476
"Michael Meath, badge #4686",Minneapolis Police Department,https://d3n8a8pro7vhmx.cloudfront.net/cuapb/pages/270/attachments/original/1617895772/Minneapolis_police_involved_in_disputed_shooting_death_honored_%E2%80%93_Twin_Cities.pdf?1617895772,476
"Ricardo Muro, badge #4899",Minneapolis Police Department,https://d3n8a8pro7vhmx.cloudfront.net/cuapb/pages/270/attachments/original/1617895772/Minneapolis_police_involved_in_disputed_shooting_death_honored_%E2%80%93_Twin_Cities.pdf?1617895772,476
"Lucas Peterson, badge #5630",Minneapolis Police Department,https://d3n8a8pro7vhmx.cloudfront.net/cuapb/pages/270/attachments/original/1617895772/Minneapolis_police_involved_in_disputed_shooting_death_honored_%E2%80%93_Twin_Cities.pdf?1617895772,476
"Andrew Stender, badge #6791",Minneapolis Police Department,https://d3n8a8pro7vhmx.cloudfront.net/cuapb/pages/270/attachments/original/1617895772/Minneapolis_police_involved_in_disputed_shooting_death_honored_%E2%80%93_Twin_Cities.pdf?1617895772,476
"Yvonne C. Edwards, badge #1708",Minneapolis Police Department,https://d3n8a8pro7vhmx.cloudfront.net/cuapb/pages/270/attachments/original/1615993310/Mpls._will_settle_with_K-9_officer_who_complained_of_harassment_by_supervisor_-_StarTribune.com.pdf?1615993310,477
"Andrew Stender, badge #6791",Minneapolis Police Department,https://d3n8a8pro7vhmx.cloudfront.net/cuapb/pages/270/attachments/original/1615993310/Mpls._will_settle_with_K-9_officer_who_complained_of_harassment_by_supervisor_-_StarTribune.com.pdf?1615993310,477
"Mark Durand, badge #1627",Minneapolis Police Department,https://d3n8a8pro7vhmx.cloudfront.net/cuapb/pages/270/attachments/original/1617895615/Terrance_Franklin%E2%80%99s_family_settles_an_unsettling_case_%E2%80%93_Southwest_Journal.pdf?1617895615,478
"Michael Meath, badge #4686",Minneapolis Police Department,https://d3n8a8pro7vhmx.cloudfront.net/cuapb/pages/270/attachments/original/1617895615/Terrance_Franklin%E2%80%99s_family_settles_an_unsettling_case_%E2%80%93_Southwest_Journal.pdf?1617895615,478
"Ricardo Muro, badge #4899",Minneapolis Police Department,https://d3n8a8pro7vhmx.cloudfront.net/cuapb/pages/270/attachments/original/1617895615/Terrance_Franklin%E2%80%99s_family_settles_an_unsettling_case_%E2%80%93_Southwest_Journal.pdf?1617895615,478
"Lucas Peterson, badge #5630",Minneapolis Police Department,https://d3n8a8pro7vhmx.cloudfront.net/cuapb/pages/270/attachments/original/1617895615/Terrance_Franklin%E2%80%99s_family_settles_an_unsettling_case_%E2%80%93_Southwest_Journal.pdf?1617895615,478
"Andrew Stender, badge #6791",Minneapolis Police Department,https://d3n8a8pro7vhmx.cloudfront.net/cuapb/pages/270/attachments/original/1617895615/Terrance_Franklin%E2%80%99s_family_settles_an_unsettling_case_%E2%80%93_Southwest_Journal.pdf?1617895615,478
"Tyler Edwards, badge #1710",Minneapolis Police Department,https://d3n8a8pro7vhmx.cloudfront.net/cuapb/pages/1462/attachments/original/1638637575/RCA-2021-01207_-_Legal_settlement_Workers'_Compensation_claim_of_Tyler_Edwards.pdf?1638637575,479
"Luke Eckert, badge #1715",Minneapolis Police Department,https://d3n8a8pro7vhmx.cloudfront.net/cuapb/pages/1462/attachments/original/1638637587/RCA-2021-00524_-_Legal_Settlement_Workers'_Compensation_claims_of_Luke_Eckert.pdf?1638637587,480
"Beth Eilers, badge #None",Bureau of Criminal Apprehension,https://d3n8a8pro7vhmx.cloudfront.net/cuapb/pages/270/attachments/original/1626796015/Authorities_ID_victim_in_officer-involved_shooting_in_Alexandria__Minn_.pdf?1626796015,481
"Dustin Vanderhagen, badge #None",Bureau of Criminal Apprehension,https://d3n8a8pro7vhmx.cloudfront.net/cuapb/pages/270/attachments/original/1626796015/Authorities_ID_victim_in_officer-involved_shooting_in_Alexandria__Minn_.pdf?1626796015,481
"Jon Edwards, badge #1711",Minneapolis Police Department,https://d3n8a8pro7vhmx.cloudfront.net/cuapb/pages/1462/attachments/original/1638637603/RCA-2021-01084_-_Legal_settlement_Workers'_Compensation_claim_of_Jon_Edwards.pdf?1638637603,482
"David R. Clifford, badge #1170",Minneapolis Police Department,https://d3n8a8pro7vhmx.cloudfront.net/cuapb/pages/1461/attachments/original/1638081637/13-31240_Clifford_Part_10.pdf?1638081637,483
"David C. Elliott, badge #1755",Minneapolis Police Department,https://d3n8a8pro7vhmx.cloudfront.net/cuapb/pages/1462/attachments/original/1638637604/RCA-2021-01088_-_Legal_settlement_Workers'_Compensation_claim_of_David_Elliot.pdf?1638637604,484
"Troy Dillard, badge #1547",Minneapolis Police Department,https://d3n8a8pro7vhmx.cloudfront.net/cuapb/pages/1461/attachments/original/1638085550/13-31055_Dillard.pdf?1638085550,485
"Luke Eckert, badge #1715",Minneapolis Police Department,https://assets.nationbuilder.com/cuapb/pages/1509/attachments/original/1753851976/17-18625_Luke_Eckert-Complaint.pdf?1753851976,486
"Nicholas Englund, badge #1780",Minneapolis Police Department,https://d3n8a8pro7vhmx.cloudfront.net/cuapb/pages/270/attachments/original/1617891610/Recent_police_misconduct_in_St._Paul_and_Minneapolis_have_raised_alarm.pdf?1617891610,487
"Richard Knoche, badge #3793",Minneapolis Police Department,https://d3n8a8pro7vhmx.cloudfront.net/cuapb/pages/270/attachments/original/1617891610/Recent_police_misconduct_in_St._Paul_and_Minneapolis_have_raised_alarm.pdf?1617891610,487
"Michael Meath, badge #4686",Minneapolis Police Department,https://d3n8a8pro7vhmx.cloudfront.net/cuapb/pages/270/attachments/original/1617891610/Recent_police_misconduct_in_St._Paul_and_Minneapolis_have_raised_alarm.pdf?1617891610,487
"Michael Nelson, badge #5033",Minneapolis Police Department,https://d3n8a8pro7vhmx.cloudfront.net/cuapb/pages/270/attachments/original/1617891610/Recent_police_misconduct_in_St._Paul_and_Minneapolis_have_raised_alarm.pdf?1617891610,487
"Lance Faust, badge #1960",Minneapolis Police Department,https://d3n8a8pro7vhmx.cloudfront.net/cuapb/pages/1462/attachments/original/1638637582/RCA-2021-01234_-_Legal_settlement_Workers'_Compensation_claim_of_Lance_Faust.pdf?1638637582,488
"David C. Elliott, badge #1755",Minneapolis Police Department,https://d3n8a8pro7vhmx.cloudfront.net/cuapb/pages/1461/attachments/original/1638089221/13-30576_Elliott_Part_2.pdf?1638089221,489
"Troy Dillard, badge #1547",Minneapolis Police Department,https://d3n8a8pro7vhmx.cloudfront.net/cuapb/pages/1461/attachments/original/1638085784/14-16927_Dillard_Part_2.pdf?1638085784,490
"Stephen Dykstra, badge #1648",Minneapolis Police Department,https://d3n8a8pro7vhmx.cloudfront.net/cuapb/pages/270/attachments/original/1625792051/Former_Minneapolis_Police_Officer_Talks_About_His_Decision_To_Leave_%E2%80%93_WCCO___CBS_Minnesota.pdf?1625792051,491
"Joshua Federly, badge #1962",Minneapolis Police Department,https://d3n8a8pro7vhmx.cloudfront.net/cuapb/pages/270/attachments/original/1614956553/2016DavidZehringerJudgment.pdf?1614956553,492
"Michael Gustafson, Jr., badge #2537",Minneapolis Police Department,https://d3n8a8pro7vhmx.cloudfront.net/cuapb/pages/270/attachments/original/1614956553/2016DavidZehringerJudgment.pdf?1614956553,492
"Sean McTaggart, badge #4657",Minneapolis Police Department,https://d3n8a8pro7vhmx.cloudfront.net/cuapb/pages/270/attachments/original/1614956553/2016DavidZehringerJudgment.pdf?1614956553,492
"Robert Thunder, badge #7232",Minneapolis Police Department,https://d3n8a8pro7vhmx.cloudfront.net/cuapb/pages/270/attachments/original/1614956553/2016DavidZehringerJudgment.pdf?1614956553,492
"David C. Elliott, badge #1755",Minneapolis Police Department,https://d3n8a8pro7vhmx.cloudfront.net/cuapb/pages/1461/attachments/original/1638089227/13-30576_Elliott_Part_1.pdf?1638089227,493
"Luke Eckert, badge #1715",Minneapolis Police Department,https://assets.nationbuilder.com/cuapb/pages/1509/attachments/original/1753851981/17-18625_Luke_Eckert-Investigative_Report.pdf?1753851981,494
"David C. Elliott, badge #1755",Minneapolis Police Department,https://d3n8a8pro7vhmx.cloudfront.net/cuapb/pages/1461/attachments/original/1638089363/13-30577_Elliott.pdf?1638089363,495
"Kenneth Feucht, badge #1968",Minneapolis Police Department,https://d3n8a8pro7vhmx.cloudfront.net/cuapb/pages/270/attachments/original/1615066019/2015KingDyerWilson_Complaint.pdf?1615066019,496
"Adam Lewis, badge #4102",Minneapolis Police Department,https://d3n8a8pro7vhmx.cloudfront.net/cuapb/pages/270/attachments/original/1615066019/2015KingDyerWilson_Complaint.pdf?1615066019,496
"Heather Sterzinger, badge #4241",Minneapolis Police Department,https://d3n8a8pro7vhmx.cloudfront.net/cuapb/pages/270/attachments/original/1615066019/2015KingDyerWilson_Complaint.pdf?1615066019,496
"Joshua Stewart, badge #6824",Minneapolis Police Department,https://d3n8a8pro7vhmx.cloudfront.net/cuapb/pages/270/attachments/original/1615066019/2015KingDyerWilson_Complaint.pdf?1615066019,496
"Darah Westermeyer, badge #7680",Minneapolis Police Department,https://d3n8a8pro7vhmx.cloudfront.net/cuapb/pages/270/attachments/original/1615066019/2015KingDyerWilson_Complaint.pdf?1615066019,496
"Michael Williams, badge #7775",Minneapolis Police Department,https://d3n8a8pro7vhmx.cloudfront.net/cuapb/pages/270/attachments/original/1615066019/2015KingDyerWilson_Complaint.pdf?1615066019,496
"Yolanda Wilks, badge #7751",Minneapolis Police Department,https://d3n8a8pro7vhmx.cloudfront.net/cuapb/pages/270/attachments/original/1615066019/2015KingDyerWilson_Complaint.pdf?1615066019,496
"Cory Fitch, badge #2037",Minneapolis Police Department,https://d3n8a8pro7vhmx.cloudfront.net/cuapb/pages/270/attachments/original/1614988603/Dawkins_Lawsuit_settled_in_2013_North_Side_traffic_stop_-_StarTribune.com.pdf?1614988603,497
"Brian J. Ficcadenti, badge #195100",St. Paul Police Department,https://d3n8a8pro7vhmx.cloudfront.net/cuapb/pages/270/attachments/original/1616254939/2019_Jury_finds_St._Paul_officer_Palkowitsch_guilty.pdf?1616254939,498
"Brett R. Palkowitsch, badge #520305",St. Paul Police Department,https://d3n8a8pro7vhmx.cloudfront.net/cuapb/pages/270/attachments/original/1616254939/2019_Jury_finds_St._Paul_officer_Palkowitsch_guilty.pdf?1616254939,498
"Troy Dillard, badge #1547",Minneapolis Police Department,https://d3n8a8pro7vhmx.cloudfront.net/cuapb/pages/1461/attachments/original/1638085789/14-16927_Dillard_Part_1.pdf?1638085789,499
"Brian J. Ficcadenti, badge #195100",St. Paul Police Department,https://d3n8a8pro7vhmx.cloudfront.net/cuapb/pages/270/attachments/original/1616254345/2016_St._Paul_officer_describes_unwritten_police_'code_of_silence'.pdf?1616254345,500
"Brett R. Palkowitsch, badge #520305",St. Paul Police Department,https://d3n8a8pro7vhmx.cloudfront.net/cuapb/pages/270/attachments/original/1616254345/2016_St._Paul_officer_describes_unwritten_police_'code_of_silence'.pdf?1616254345,500
"Lance Faust, badge #1960",Minneapolis Police Department,https://assets.nationbuilder.com/cuapb/pages/1509/attachments/original/1753847381/17-11259_Lance_Faust.pdf?1753847381,501
"Daniel McCafferty, badge #4530",Minneapolis Police Department,https://assets.nationbuilder.com/cuapb/pages/1509/attachments/original/1753847363/17-11259_Daniel_McCafferty.pdf?1753847363,501
"Louis D. Ferraro, badge #195000",St. Paul Police Department,https://d3n8a8pro7vhmx.cloudfront.net/cuapb/pages/270/attachments/original/1509687107/Louis_Ferraro_Article_20171102.pdf?1509687107,502
"Cory Fitch, badge #2037",Minneapolis Police Department,https://d3n8a8pro7vhmx.cloudfront.net/cuapb/pages/270/attachments/original/1614988324/2016CelesteDawkingsJudgment.pdf?1614988324,503
"Cory Fitch, badge #2037",Minneapolis Police Department,https://assets.nationbuilder.com/cuapb/pages/1462/attachments/original/1647659322/RCA-2022-00167_-_Legal_Settlement_Workers'_Compensation_claim_of_Corey_Fitch.pdf?1647659322,504
"Mark Forsberg, badge #None",Pequot Lakes Police Department,https://assets.nationbuilder.com/cuapb/pages/1472/attachments/original/1669099982/Forsberg_Mark-07-011-9687.pdf?1669099982,505
"Scott J. Dahlquist, badge #1394",Minneapolis Police Department,https://d3n8a8pro7vhmx.cloudfront.net/cuapb/pages/1461/attachments/original/1638083174/13-31428_Dahlquist_Part_2.pdf?1638083174,506
"Travis Loeffler, badge #None",Crow Wing County Sheriff's Department,https://assets.nationbuilder.com/cuapb/pages/1472/attachments/original/1669164515/06-28-2005_Special_City_Council_Minutes.pdf?1669164515,507
"Mark Forsberg, badge #None",Pequot Lakes Police Department,https://assets.nationbuilder.com/cuapb/pages/1472/attachments/original/1669164515/06-28-2005_Special_City_Council_Minutes.pdf?1669164515,507
"Michael G. Fontaine, badge #2071",Minneapolis Police Department,https://assets.nationbuilder.com/cuapb/pages/1462/attachments/original/1647659319/RCA-2022-00098_-_Legal_settlement_Workers'_Compensation_claim_of_Michael_Fontaine.pdf?1647659319,508
"Steven C. Fogarty, badge #2066",Minneapolis Police Department,https://assets.nationbuilder.com/cuapb/pages/1462/attachments/original/1647659318/RCA-2022-00097_-_Legal_settlement_Workers'_Compensation_claim_of_Steven_Fogarty.pdf?1647659318,509
"Kelli Folorunsho, badge #None",Hennepin County Sheriff's Department,https://assets.nationbuilder.com/cuapb/pages/1473/attachments/original/1671254309/20211220_Folorunsho.pdf?1671254309,510
"Jon P. Fairbanks, badge #1901",Minneapolis Police Department,https://d3n8a8pro7vhmx.cloudfront.net/cuapb/pages/270/attachments/original/1596613111/11-3046_Fairbanks.pdf?1596613111,511
"Hien Q. Dinh, badge #1551",Minneapolis Police Department,https://d3n8a8pro7vhmx.cloudfront.net/cuapb/pages/1461/attachments/original/1638381911/10-01_Dinh_Part_6.pdf?1638381911,512
"Samuel Fox, badge #578",Hennepin County Sheriff's Department,https://assets.nationbuilder.com/cuapb/pages/1473/attachments/original/1671254317/20220218_Fox.pdf?1671254317,513
"Gregory J. Freeman, badge #2105",Minneapolis Police Department,https://d3n8a8pro7vhmx.cloudfront.net/cuapb/pages/1462/attachments/original/1638637587/RCA-2021-00438_-_Legal_Settlement_Workers'_Compensation_claim_of_Gregory_Freeman.pdf?1638637587,514
"Jeremy Foster, badge #2076",Minneapolis Police Department,https://d3n8a8pro7vhmx.cloudfront.net/cuapb/pages/1462/attachments/original/1638637606/RCA-2021-01195_-_Legal_settlement_Workers'_Compensation_claim_of_Jeremy_Foster.pdf?1638637606,515
"Eddie Frizell, badge #2123",Metro Transit Police Department,https://d3n8a8pro7vhmx.cloudfront.net/cuapb/pages/270/attachments/original/1616272721/A_model_of_persistence__Minneapolis_police_veteran_Eddie_Frizell_to_take_over_Metro_Transit_force_-_StarTribune.com.pdf?1616272721,516
"Michael Frye, badge #2127",Minneapolis Police Department,https://d3n8a8pro7vhmx.cloudfront.net/cuapb/pages/270/attachments/original/1626373003/USCOURTS-mnd-0_12-cv-00220-0_%282%29.pdf?1626373003,517
"Jeffrey Peterson, badge #5622",Minneapolis Police Department,https://d3n8a8pro7vhmx.cloudfront.net/cuapb/pages/270/attachments/original/1626373003/USCOURTS-mnd-0_12-cv-00220-0_%282%29.pdf?1626373003,517
"David R. Clifford, badge #1170",Minneapolis Police Department,https://d3n8a8pro7vhmx.cloudfront.net/cuapb/pages/1461/attachments/original/1638081644/13-31240_Clifford_Part_11.pdf?1638081644,518
"David Garman, badge #2216",Minneapolis Police Department,https://d3n8a8pro7vhmx.cloudfront.net/cuapb/pages/270/attachments/original/1626048780/Tiffany_Crowder_case_-_Dismissal.pdf?1626048780,519
"Daniel S. Loe, badge #4218",Minneapolis Police Department,https://d3n8a8pro7vhmx.cloudfront.net/cuapb/pages/270/attachments/original/1626048780/Tiffany_Crowder_case_-_Dismissal.pdf?1626048780,519
"Lawrence Loonsfoot, badge #4234",Minneapolis Police Department,https://d3n8a8pro7vhmx.cloudfront.net/cuapb/pages/270/attachments/original/1626048780/Tiffany_Crowder_case_-_Dismissal.pdf?1626048780,519
"James G. Lynch, badge #4307",Minneapolis Police Department,https://d3n8a8pro7vhmx.cloudfront.net/cuapb/pages/270/attachments/original/1626048780/Tiffany_Crowder_case_-_Dismissal.pdf?1626048780,519
"David Menter, badge #4721",Minneapolis Police Department,https://d3n8a8pro7vhmx.cloudfront.net/cuapb/pages/270/attachments/original/1626048780/Tiffany_Crowder_case_-_Dismissal.pdf?1626048780,519
"Mike T. Nimlos, badge #5138",Minneapolis Police Department,https://d3n8a8pro7vhmx.cloudfront.net/cuapb/pages/270/attachments/original/1626048780/Tiffany_Crowder_case_-_Dismissal.pdf?1626048780,519
"Lucas Peterson, badge #5630",Minneapolis Police Department,https://d3n8a8pro7vhmx.cloudfront.net/cuapb/pages/270/attachments/original/1626048780/Tiffany_Crowder_case_-_Dismissal.pdf?1626048780,519
"David F. Pleoger, badge #5753",Minneapolis Police Department,https://d3n8a8pro7vhmx.cloudfront.net/cuapb/pages/270/attachments/original/1626048780/Tiffany_Crowder_case_-_Dismissal.pdf?1626048780,519
"Todd D. Sauvageau, badge #6309",Minneapolis Police Department,https://d3n8a8pro7vhmx.cloudfront.net/cuapb/pages/270/attachments/original/1626048780/Tiffany_Crowder_case_-_Dismissal.pdf?1626048780,519
"Gene Suker, badge #7004",Minneapolis Police Department,https://d3n8a8pro7vhmx.cloudfront.net/cuapb/pages/270/attachments/original/1626048780/Tiffany_Crowder_case_-_Dismissal.pdf?1626048780,519
"Christopher Garbisch, badge #2214",Minneapolis Police Department,https://d3n8a8pro7vhmx.cloudfront.net/cuapb/pages/270/attachments/original/1626285391/Minneapolis_police_identify_officers_involved_in_fatal_shooting_of_St._Paul_man_%E2%80%93_Twin_Cities.pdf?1626285391,520
"Jeffrey Newman, badge #5097",Minneapolis Police Department,https://d3n8a8pro7vhmx.cloudfront.net/cuapb/pages/270/attachments/original/1626285391/Minneapolis_police_identify_officers_involved_in_fatal_shooting_of_St._Paul_man_%E2%80%93_Twin_Cities.pdf?1626285391,520
"Shawn Powell, badge #5792",Minneapolis Police Department,https://d3n8a8pro7vhmx.cloudfront.net/cuapb/pages/270/attachments/original/1626285391/Minneapolis_police_identify_officers_involved_in_fatal_shooting_of_St._Paul_man_%E2%80%93_Twin_Cities.pdf?1626285391,520
"John F. Gannaway, badge #None",Bayport Police Department,https://assets.nationbuilder.com/cuapb/pages/1472/attachments/original/1669164872/After_33_years_in_law_enforcement__Stillwater_police_chief_retires_-_KSTP.com_Eyewitness_News.pdf?1669164872,521
"David Garman, badge #2216",Minneapolis Police Department,https://d3n8a8pro7vhmx.cloudfront.net/cuapb/pages/270/attachments/original/1625789019/Tiffany_Crowder_case_-_2009.pdf?1625789019,522
"Daniel S. Loe, badge #4218",Minneapolis Police Department,https://d3n8a8pro7vhmx.cloudfront.net/cuapb/pages/270/attachments/original/1625789019/Tiffany_Crowder_case_-_2009.pdf?1625789019,522
"Lawrence Loonsfoot, badge #4234",Minneapolis Police Department,https://d3n8a8pro7vhmx.cloudfront.net/cuapb/pages/270/attachments/original/1625789019/Tiffany_Crowder_case_-_2009.pdf?1625789019,522
"James G. Lynch, badge #4307",Minneapolis Police Department,https://d3n8a8pro7vhmx.cloudfront.net/cuapb/pages/270/attachments/original/1625789019/Tiffany_Crowder_case_-_2009.pdf?1625789019,522
"David Menter, badge #4721",Minneapolis Police Department,https://d3n8a8pro7vhmx.cloudfront.net/cuapb/pages/270/attachments/original/1625789019/Tiffany_Crowder_case_-_2009.pdf?1625789019,522
"Mike T. Nimlos, badge #5138",Minneapolis Police Department,https://d3n8a8pro7vhmx.cloudfront.net/cuapb/pages/270/attachments/original/1625789019/Tiffany_Crowder_case_-_2009.pdf?1625789019,522
"Lucas Peterson, badge #5630",Minneapolis Police Department,https://d3n8a8pro7vhmx.cloudfront.net/cuapb/pages/270/attachments/original/1625789019/Tiffany_Crowder_case_-_2009.pdf?1625789019,522
"David F. Pleoger, badge #5753",Minneapolis Police Department,https://d3n8a8pro7vhmx.cloudfront.net/cuapb/pages/270/attachments/original/1625789019/Tiffany_Crowder_case_-_2009.pdf?1625789019,522
"Todd D. Sauvageau, badge #6309",Minneapolis Police Department,https://d3n8a8pro7vhmx.cloudfront.net/cuapb/pages/270/attachments/original/1625789019/Tiffany_Crowder_case_-_2009.pdf?1625789019,522
"Gene Suker, badge #7004",Minneapolis Police Department,https://d3n8a8pro7vhmx.cloudfront.net/cuapb/pages/270/attachments/original/1625789019/Tiffany_Crowder_case_-_2009.pdf?1625789019,522
"Blas Garcia, badge #1488",Minneapolis Police Department,https://assets.nationbuilder.com/cuapb/pages/1509/attachments/original/1753848417/EVT-00000097-1_Blas_Garcia.pdf?1753848417,523
"Hien Q. Dinh, badge #1551",Minneapolis Police Department,https://d3n8a8pro7vhmx.cloudfront.net/cuapb/pages/1461/attachments/original/1638381919/10-01_Dinh_Part_1.pdf?1638381919,524
"Tyler Edwards, badge #1710",Minneapolis Police Department,https://d3n8a8pro7vhmx.cloudfront.net/cuapb/pages/1461/attachments/original/1638088139/13-31132_Edwards_Part_1.pdf?1638088139,525
"Crystal Garibaldi, badge #None",Hennepin County Sheriff's Department,https://assets.nationbuilder.com/cuapb/pages/1473/attachments/original/1671254320/20220224_Garibaldi.pdf?1671254320,526
"Matthew George, badge #None",Bloomington Police Department,https://d3n8a8pro7vhmx.cloudfront.net/cuapb/pages/270/attachments/original/1627046780/OPA172061-051320.pdf?1627046780,527
"Cullan McHarg, badge #None",Bloomington Police Department,https://d3n8a8pro7vhmx.cloudfront.net/cuapb/pages/270/attachments/original/1627046780/OPA172061-051320.pdf?1627046780,527
"Nick Melser, badge #None",Bloomington Police Department,https://d3n8a8pro7vhmx.cloudfront.net/cuapb/pages/270/attachments/original/1627046780/OPA172061-051320.pdf?1627046780,527
"Daniel Walton, badge #None",Bloomington Police Department,https://d3n8a8pro7vhmx.cloudfront.net/cuapb/pages/270/attachments/original/1627046780/OPA172061-051320.pdf?1627046780,527
"Katherine Walker, badge #None",Bloomington Police Department,https://d3n8a8pro7vhmx.cloudfront.net/cuapb/pages/270/attachments/original/1627046780/OPA172061-051320.pdf?1627046780,527
"Deitan Dubuc, badge #1615",Minneapolis Police Department,https://d3n8a8pro7vhmx.cloudfront.net/cuapb/pages/1461/attachments/original/1638087000/15-01031_Dubuc.pdf?1638087000,528
"Hien Q. Dinh, badge #1551",Minneapolis Police Department,https://d3n8a8pro7vhmx.cloudfront.net/cuapb/pages/1461/attachments/original/1638381902/10-01_Dinh_Part_4.pdf?1638381902,529
"Matthew A. Gorans, badge #235010",St. Paul Police Department,https://d3n8a8pro7vhmx.cloudfront.net/cuapb/pages/270/attachments/original/1626561287/No_charges_in_officers'_kicking_incident.pdf?1626561287,530
"Jesse R. Zilge, badge #756870",St. Paul Police Department,https://d3n8a8pro7vhmx.cloudfront.net/cuapb/pages/270/attachments/original/1626561287/No_charges_in_officers'_kicking_incident.pdf?1626561287,530
"Josie Goodman, badge #2341",Minneapolis Police Department,https://assets.nationbuilder.com/cuapb/pages/1608/attachments/original/1753998672/20-05010_Josie_Goodman.pdf?1753998672,531
"Jeremy Foster, badge #2076",Minneapolis Police Department,https://d3n8a8pro7vhmx.cloudfront.net/cuapb/pages/1461/attachments/original/1638121660/14-25928_Foster.pdf?1638121660,532
"James W. Goss, badge #None",Polk County Sheriff's Department,https://assets.nationbuilder.com/cuapb/pages/1472/attachments/original/1669209967/Goss_James-05-019-15314.pdf?1669209967,533
"Brian Grahme, badge #2384",Minneapolis Police Department,https://assets.nationbuilder.com/cuapb/pages/1462/attachments/original/1647659325/RCA-2022-00175_-_Legal_Settlement_Workers'_Compensation_claim_of_Brian_Grahme.pdf?1647659325,534
"Alexander Graham, badge #510",St. Paul Police Department,https://d3n8a8pro7vhmx.cloudfront.net/cuapb/pages/270/attachments/original/1616342696/2013_Jury_says_Minnesota_sheriff_did_not_fire_two_deputies_in_retaliation.pdf?1616342696,535
"Brian Graupner, badge #2385",Minneapolis Police Department,https://d3n8a8pro7vhmx.cloudfront.net/cuapb/pages/270/attachments/original/1617547449/Mpls._police_officers_cleared_in_April_shooting_of_man_in_midst_of_attack_on_bystander_-_StarTribune.com.pdf?1617547449,536
"Eric Malmberg, badge #4370",Minneapolis Police Department,https://d3n8a8pro7vhmx.cloudfront.net/cuapb/pages/270/attachments/original/1617547449/Mpls._police_officers_cleared_in_April_shooting_of_man_in_midst_of_attack_on_bystander_-_StarTribune.com.pdf?1617547449,536
"Jeffrey Perkins, badge #5554",Minneapolis Police Department,https://d3n8a8pro7vhmx.cloudfront.net/cuapb/pages/270/attachments/original/1617547449/Mpls._police_officers_cleared_in_April_shooting_of_man_in_midst_of_attack_on_bystander_-_StarTribune.com.pdf?1617547449,536
"David Robins, badge #6046",Minneapolis Police Department,https://d3n8a8pro7vhmx.cloudfront.net/cuapb/pages/270/attachments/original/1617547449/Mpls._police_officers_cleared_in_April_shooting_of_man_in_midst_of_attack_on_bystander_-_StarTribune.com.pdf?1617547449,536
"Joshua Stewart, badge #6824",Minneapolis Police Department,https://d3n8a8pro7vhmx.cloudfront.net/cuapb/pages/270/attachments/original/1617547449/Mpls._police_officers_cleared_in_April_shooting_of_man_in_midst_of_attack_on_bystander_-_StarTribune.com.pdf?1617547449,536
"Laura  Gould, badge #None",Golden Valley Police Department,https://d3n8a8pro7vhmx.cloudfront.net/cuapb/pages/270/attachments/original/1632228459/2020-Laura_Gould-Golden_Valley.pdf?1632228459,537
"William Gregory, badge #2450",Minneapolis Police Department,https://d3n8a8pro7vhmx.cloudfront.net/cuapb/pages/270/attachments/original/1626109293/gregory_-Minneapolis_officer's_trial_debates_a_second_fight_downtown_-_StarTribune.com.pdf?1626109293,538
"Alexander Graham, badge #510",St. Paul Police Department,https://d3n8a8pro7vhmx.cloudfront.net/cuapb/pages/270/attachments/original/1616266937/2019_St._Paul_mayor_says_he%E2%80%99s_disheartened_to_see_judgment_of_officers.pdf?1616266937,539
"Tyresha Gresham, badge #None",Hennepin County Sheriff's Department,https://assets.nationbuilder.com/cuapb/pages/1473/attachments/original/1671254297/20211214_Gresham.pdf?1671254297,540
"David Gray, badge #2400",Minneapolis Police Department,https://d3n8a8pro7vhmx.cloudfront.net/cuapb/pages/1461/attachments/original/1638129302/16-06804_Gray.pdf?1638129302,541
"Michael Griffin, badge #2475",Minneapolis Police Department,https://d3n8a8pro7vhmx.cloudfront.net/cuapb/pages/270/attachments/original/1614807069/2014_%28Griffin%29_Minneapolis_must_pay_more_than__410_000_for_cop's_fights_-_StarTribune.com.pdf?1614807069,542
"Michael Griffin, badge #2475",Minneapolis Police Department,https://d3n8a8pro7vhmx.cloudfront.net/cuapb/pages/270/attachments/original/1614283406/2015%28Griffin%29_Minneapolis_cop_under_investigation_by_federal_authorities_-_StarTribune.com.pdf?1614283406,543
"William Gregory, badge #2450",Minneapolis Police Department,https://d3n8a8pro7vhmx.cloudfront.net/cuapb/pages/1461/attachments/original/1638129987/13-31660_Gregory_Part_3.pdf?1638129987,544
"Michael Griffin, badge #2475",Minneapolis Police Department,https://d3n8a8pro7vhmx.cloudfront.net/cuapb/pages/270/attachments/original/1614807690/2014IbrahimRegaiCityAction.pdf?1614807690,545
"William Gregory, badge #2450",Minneapolis Police Department,https://d3n8a8pro7vhmx.cloudfront.net/cuapb/pages/1461/attachments/original/1638129993/13-31660_Gregory_Part_1.pdf?1638129993,546
"William Gregory, badge #2450",Minneapolis Police Department,https://d3n8a8pro7vhmx.cloudfront.net/cuapb/pages/1461/attachments/original/1638129983/13-31660_Gregory_Part_2.pdf?1638129983,547
"William Gregory, badge #2450",Minneapolis Police Department,https://d3n8a8pro7vhmx.cloudfront.net/cuapb/pages/1461/attachments/original/1638130302/14-17829_Gregory_Part_1.pdf?1638130302,548
"Tyler Edwards, badge #1710",Minneapolis Police Department,https://d3n8a8pro7vhmx.cloudfront.net/cuapb/pages/1461/attachments/original/1638088134/13-31132_Edwards_Part_2.pdf?1638088134,549
"Michael Griffin, badge #2475",Minneapolis Police Department,https://d3n8a8pro7vhmx.cloudfront.net/cuapb/pages/270/attachments/original/1614459343/RCA-2017-01243_Michael_Griffin_Crim_Def_Reimbursement.pdf?1614459343,550
"Matthew A. Gorans, badge #235010",St. Paul Police Department,https://d3n8a8pro7vhmx.cloudfront.net/cuapb/pages/270/attachments/original/1626560906/Inmate_says_officer_in_YouTube_arrest_roughed_him_up_in_2006__but_that%E2%80%99s_OK_%E2%80%93_Twin_Cities.pdf?1626560906,551
"Jesse R. Zilge, badge #756870",St. Paul Police Department,https://d3n8a8pro7vhmx.cloudfront.net/cuapb/pages/270/attachments/original/1626560906/Inmate_says_officer_in_YouTube_arrest_roughed_him_up_in_2006__but_that%E2%80%99s_OK_%E2%80%93_Twin_Cities.pdf?1626560906,551
"Brent Griffith, badge #None",Eden Prairie Police Department,https://assets.nationbuilder.com/cuapb/pages/1472/attachments/original/1669210621/Griffith_Brent-04-004-12555.pdf?1669210621,552
"James Golgart, Jr., badge #2317",Minneapolis Police Department,https://d3n8a8pro7vhmx.cloudfront.net/cuapb/pages/1461/attachments/original/1638122104/13-31589_Golgart.pdf?1638122104,553
"Clark Goset, badge #2354",Minneapolis Police Department,https://d3n8a8pro7vhmx.cloudfront.net/cuapb/pages/1461/attachments/original/1638128378/13-31138_Goset_Part_3.pdf?1638128378,554
"Michael Griffin, badge #2475",Minneapolis Police Department,https://d3n8a8pro7vhmx.cloudfront.net/cuapb/pages/270/attachments/original/1614283582/2016%28Griffin%29_Jury_clears_Mpls._officer_of_most_charges.pdf?1614283582,555
"William Gregory, badge #2450",Minneapolis Police Department,https://d3n8a8pro7vhmx.cloudfront.net/cuapb/pages/1461/attachments/original/1638130296/14-17829_Gregory_Part_2.pdf?1638130296,556
"Brent Griffith, badge #None",Eden Prairie Police Department,https://assets.nationbuilder.com/cuapb/pages/1472/attachments/original/1669210867/ESPN.com_-_Griffith_charged_with_one_felony_count.pdf?1669210867,557
"William Gregory, badge #2450",Minneapolis Police Department,https://d3n8a8pro7vhmx.cloudfront.net/cuapb/pages/1461/attachments/original/1638130693/14-21688_Gregory_Part_1.pdf?1638130693,558
"William Gregory, badge #2450",Minneapolis Police Department,https://d3n8a8pro7vhmx.cloudfront.net/cuapb/pages/1461/attachments/original/1638130686/14-21688_Gregory_Part_2.pdf?1638130686,559
"Brent Griffith, badge #None",Eden Prairie Police Department,https://assets.nationbuilder.com/cuapb/pages/1472/attachments/original/1669210891/Police_officer_fired_after_being_charged_in_Vikings_identity_theft.pdf?1669210891,560
"Tracy Gross, badge #4070",Minneapolis Police Department,https://d3n8a8pro7vhmx.cloudfront.net/cuapb/pages/270/attachments/original/1615063448/2015LouisTateJudgment.pdf?1615063448,561
"Steven Lecy, badge #4057",Minneapolis Police Department,https://d3n8a8pro7vhmx.cloudfront.net/cuapb/pages/270/attachments/original/1615063448/2015LouisTateJudgment.pdf?1615063448,561
"James Golgart, Jr., badge #2317",Minneapolis Police Department,https://d3n8a8pro7vhmx.cloudfront.net/cuapb/pages/1461/attachments/original/1638122430/14-11115_Golgart_Part_3.pdf?1638122430,562
"Tracy Gross, badge #4070",Minneapolis Police Department,https://d3n8a8pro7vhmx.cloudfront.net/cuapb/pages/1462/attachments/original/1638637592/RCA-2021-00682_-_Legal_Settlement_Workers'_Compensation_claim_of_Tracy_Gross.pdf?1638637592,563
"John L. Grove, badge #3293",Minneapolis Police Department,https://d3n8a8pro7vhmx.cloudfront.net/cuapb/pages/1462/attachments/original/1638637607/RCA-2021-01197_-_Legal_settlement_Workers'_Compensation_claim_of_John_Grove.pdf?1638637607,564
"Michael Griffin, badge #2475",Minneapolis Police Department,https://assets.nationbuilder.com/cuapb/pages/1608/attachments/original/1753998601/22-00458_Michael_Griffin.pdf?1753998601,565
"Todd Gross, badge #2492",Minneapolis Police Department,https://d3n8a8pro7vhmx.cloudfront.net/cuapb/pages/270/attachments/original/1617634200/HASSAN_v._CITY_OF_MINNEAPOLIS_MINNESOTA_3282_4520_1551_4752___FindLaw.pdf?1617634200,566
"Mark A. Grundhauser, badge #244755",St. Paul Police Department,https://d3n8a8pro7vhmx.cloudfront.net/cuapb/pages/270/attachments/original/1626486181/Man_shot_and_killed_by_St._Paul_police_is_identified.pdf?1626486181,567
"Joseph R. Sandquist, badge #597500",St. Paul Police Department,https://d3n8a8pro7vhmx.cloudfront.net/cuapb/pages/270/attachments/original/1626486181/Man_shot_and_killed_by_St._Paul_police_is_identified.pdf?1626486181,567
"Chad Fuchs, badge #2145",Minneapolis Police Department,https://d3n8a8pro7vhmx.cloudfront.net/cuapb/pages/270/attachments/original/1625782288/Carolyn_Rose_Thomas_case_-_2002.pdf?1625782288,568
"Lucas Peterson, badge #5630",Minneapolis Police Department,https://d3n8a8pro7vhmx.cloudfront.net/cuapb/pages/270/attachments/original/1625782288/Carolyn_Rose_Thomas_case_-_2002.pdf?1625782288,568
"Michael Griffin, badge #2475",Minneapolis Police Department,https://d3n8a8pro7vhmx.cloudfront.net/cuapb/pages/1461/attachments/original/1638131583/13-31136_Griffin_Part_2.pdf?1638131583,569
"Peter Hafstad, badge #2598",Minneapolis Police Department,https://d3n8a8pro7vhmx.cloudfront.net/cuapb/pages/1462/attachments/original/1638637594/RCA-2021-00898_-_Legal_Settlement_Workers'_Compensation_claim_of_Peter_Hafstad.pdf?1638637594,570
"Mark A. Grundhauser, badge #244755",St. Paul Police Department,https://d3n8a8pro7vhmx.cloudfront.net/cuapb/pages/270/attachments/original/1626486253/No_charges_for_St._Paul_police_who_fatally_shot_man_with_large_rock_%E2%80%93_Twin_Cities.pdf?1626486253,571
"Joseph R. Sandquist, badge #597500",St. Paul Police Department,https://d3n8a8pro7vhmx.cloudfront.net/cuapb/pages/270/attachments/original/1626486253/No_charges_for_St._Paul_police_who_fatally_shot_man_with_large_rock_%E2%80%93_Twin_Cities.pdf?1626486253,571
"Michael Griffin, badge #2475",Minneapolis Police Department,https://d3n8a8pro7vhmx.cloudfront.net/cuapb/pages/1461/attachments/original/1638131596/13-31136_Griffin_Part_1.pdf?1638131596,572
"Michael Griffin, badge #2475",Minneapolis Police Department,https://d3n8a8pro7vhmx.cloudfront.net/cuapb/pages/1461/attachments/original/1638131589/13-31136_Griffin_Part_3.pdf?1638131589,573
"Julie Hagen (Casper), badge #1019",Minneapolis Police Department,https://assets.nationbuilder.com/cuapb/pages/1608/attachments/original/1753998741/21-00072_Julie_Hagen.pdf?1753998741,574
"Adam Hakanson, badge #3069",Minneapolis Police Department,https://d3n8a8pro7vhmx.cloudfront.net/cuapb/pages/1462/attachments/original/1638637608/RCA-2021-01200_-_Legal_settlement_Workers'_Compensation_claim_of_Adam_Hakanson.pdf?1638637608,575
"James Golgart, Jr., badge #2317",Minneapolis Police Department,https://d3n8a8pro7vhmx.cloudfront.net/cuapb/pages/1461/attachments/original/1638122444/14-11115_Golgart_Part_2.pdf?1638122444,576
"Hien Q. Dinh, badge #1551",Minneapolis Police Department,https://d3n8a8pro7vhmx.cloudfront.net/cuapb/pages/1461/attachments/original/1638381935/10-01_Dinh_Part_3.pdf?1638381935,577
"James Golgart, Jr., badge #2317",Minneapolis Police Department,https://d3n8a8pro7vhmx.cloudfront.net/cuapb/pages/1461/attachments/original/1638122437/14-11115_Golgart_Part_1.pdf?1638122437,578
"Kurtis W. Hallstrom, badge #253400",St. Paul Police Department,https://assets.nationbuilder.com/cuapb/pages/270/attachments/original/1667360766/Hallstrom_-_Personnel_Information.pdf?1667360766,579
"Kurtis W. Hallstrom, badge #253400",St. Paul Police Department,https://assets.nationbuilder.com/cuapb/pages/270/attachments/original/1667360765/Hallstrom_-_Public_IA.pdf?1667360765,580
"Efrem Hamilton, badge #2611",Minneapolis Police Department,https://d3n8a8pro7vhmx.cloudfront.net/cuapb/pages/270/attachments/original/1614269118/2016Efrem_Hamilton.pdf?1614269118,581
"Joel Hagen, badge #2618",Minneapolis Police Department,https://d3n8a8pro7vhmx.cloudfront.net/cuapb/pages/1461/attachments/original/1638133508/14-23714_Hagen_and_Jindra.pdf?1638133508,582
"Ty Jindra, badge #3291",Minneapolis Police Department,https://d3n8a8pro7vhmx.cloudfront.net/cuapb/pages/1461/attachments/original/1638133508/14-23714_Hagen_and_Jindra.pdf?1638133508,582
"Efrem Hamilton, badge #2611",Minneapolis Police Department,https://d3n8a8pro7vhmx.cloudfront.net/cuapb/pages/270/attachments/original/1614269443/2018_Efrem_Hamilton_not_guilty_verdict.pdf?1614269443,583
"Efrem Hamilton, badge #2611",Minneapolis Police Department,https://d3n8a8pro7vhmx.cloudfront.net/cuapb/pages/270/attachments/original/1614269791/2018_Effrem_Hamilton_%E2%80%98wall_of_silence%E2%80%99_in_trial_-_Star_Tribune.pdf?1614269791,584
"James R. Jensen, badge #3282",Minneapolis Police Department,https://d3n8a8pro7vhmx.cloudfront.net/cuapb/pages/270/attachments/original/1614269791/2018_Effrem_Hamilton_%E2%80%98wall_of_silence%E2%80%99_in_trial_-_Star_Tribune.pdf?1614269791,584
"Chad Martin, badge #4412",Minneapolis Police Department,https://d3n8a8pro7vhmx.cloudfront.net/cuapb/pages/270/attachments/original/1614269791/2018_Effrem_Hamilton_%E2%80%98wall_of_silence%E2%80%99_in_trial_-_Star_Tribune.pdf?1614269791,584
"Craig Williams, badge #7769",Minneapolis Police Department,https://d3n8a8pro7vhmx.cloudfront.net/cuapb/pages/270/attachments/original/1614269791/2018_Effrem_Hamilton_%E2%80%98wall_of_silence%E2%80%99_in_trial_-_Star_Tribune.pdf?1614269791,584
"Jeff Hall, badge #2633",Minneapolis Police Department,https://d3n8a8pro7vhmx.cloudfront.net/cuapb/pages/1461/attachments/original/1638134723/13-31514_Hall_Part_1.pdf?1638134723,585
"Mark Hanneman, badge #2654",Minneapolis Police Department,https://assets.nationbuilder.com/cuapb/pages/1472/attachments/original/1752866495/Hanneman_et_al_Lawsuit_on_DRE.pdf?1752866495,586
"Mark Hanneman, badge #2654",Minneapolis Police Department,https://assets.nationbuilder.com/cuapb/pages/1472/attachments/original/1752866489/Hanneman_et_al_Lawsuit_by_Coon.pdf?1752866489,587
"Mark Hanneman, badge #2654",Minneapolis Police Department,https://d3n8a8pro7vhmx.cloudfront.net/cuapb/pages/270/attachments/original/1643960465/5_Quick_Facts_About_Mark_Hanneman.pdf?1643960465,588
"Jeff Hall, badge #2633",Minneapolis Police Department,https://d3n8a8pro7vhmx.cloudfront.net/cuapb/pages/1461/attachments/original/1638134733/13-31514_Hall_Part_3.pdf?1638134733,589
"Mark Hanneman, badge #2654",Minneapolis Police Department,https://d3n8a8pro7vhmx.cloudfront.net/cuapb/pages/270/attachments/original/1644080386/MPD_officer_who_killed_Amir_Locke_disciplined_for_controversial_2012_Occupy_MN_DRE_training.pdf?1644080386,590
"Mark Hanneman, badge #2654",Minneapolis Police Department,https://assets.nationbuilder.com/cuapb/pages/1472/attachments/original/1752858577/Hanneman_Illegal_Search.pdf?1752858577,591
"Michael Harken, badge #None",Hennepin County Sheriff's Department,https://assets.nationbuilder.com/cuapb/pages/1473/attachments/original/1671254298/20211214_Harken.pdf?1671254298,592
"Anna Hansen, badge #1107",Minneapolis Police Department,https://d3n8a8pro7vhmx.cloudfront.net/cuapb/pages/1462/attachments/original/1638637591/RCA-2021-00676_-_Legal_Settlement_Workers'_Compensation_claim_of_Anna_Hansen.pdf?1638637591,593
"Mark Hanneman, badge #2654",Minneapolis Police Department,https://assets.nationbuilder.com/cuapb/pages/1472/attachments/original/1752866502/Hanneman_Locke_Lawsuit.pdf?1752866502,594
"Shaun Harrington, badge #2785",Minneapolis Police Department,https://assets.nationbuilder.com/cuapb/pages/1462/attachments/original/1647659319/RCA-2022-00099_-_Legal_settlement_Workers'_Compensation_claim_of_Shaun_Harrington.pdf?1647659319,595
"Hien Q. Dinh, badge #1551",Minneapolis Police Department,https://d3n8a8pro7vhmx.cloudfront.net/cuapb/pages/1461/attachments/original/1638381927/10-01_Dinh_Part_2.pdf?1638381927,596
"Jeff Hall, badge #2633",Minneapolis Police Department,https://d3n8a8pro7vhmx.cloudfront.net/cuapb/pages/1461/attachments/original/1638134683/13-31514_Hall_Part_5.pdf?1638134683,597
"Jeff Hall, badge #2633",Minneapolis Police Department,https://d3n8a8pro7vhmx.cloudfront.net/cuapb/pages/1461/attachments/original/1638134739/13-31514_Hall_Part_4.pdf?1638134739,598
"Dennis Hamilton, badge #2610",Minneapolis Police Department,https://assets.nationbuilder.com/cuapb/pages/1608/attachments/original/1753998838/21-08926_Dennis_Hamilton.pdf?1753998838,599
"Jeff Hall, badge #2633",Minneapolis Police Department,https://d3n8a8pro7vhmx.cloudfront.net/cuapb/pages/1461/attachments/original/1638134689/13-31514_Hall_Part_6.pdf?1638134689,600
"Joseph Haspert, badge #2791",Minneapolis Police Department,https://d3n8a8pro7vhmx.cloudfront.net/cuapb/pages/1462/attachments/original/1638637596/RCA-2021-01007_-_Legal_Settlement_Workers'_Compensation_claim_of_Joseph_Haspert.pdf?1638637596,601
"Jeff Hall, badge #2633",Minneapolis Police Department,https://d3n8a8pro7vhmx.cloudfront.net/cuapb/pages/1461/attachments/original/1638134695/13-31514_Hall_Part_7.pdf?1638134695,602
"Paul J. Hatle, badge #2798",Minneapolis Police Department,https://d3n8a8pro7vhmx.cloudfront.net/cuapb/pages/1462/attachments/original/1638637602/RCA-2021-01079_-_Legal_settlement_Workers'_Compensation_claim_of_Paul_Hatle.pdf?1638637602,603
"Daniel Hauth, badge #2822",Minneapolis Police Department,https://d3n8a8pro7vhmx.cloudfront.net/cuapb/pages/1462/attachments/original/1638637598/RCA-2021-01064_-_Legal_settlement_Workers'_Compensation_claim_of_Daniel_Hauth.pdf?1638637598,604
"Robert Heck, badge #2881",Minneapolis Police Department,https://d3n8a8pro7vhmx.cloudfront.net/cuapb/pages/1462/attachments/original/1638637600/RCA-2021-01073_-_Legal_settlement_Workers'_Compensation_claim_of_Robert_Heck.pdf?1638637600,605
"Paul J. Hatle, badge #2798",Minneapolis Police Department,https://d3n8a8pro7vhmx.cloudfront.net/cuapb/pages/270/attachments/original/1617986454/David_Burbank_.pdf?1617986454,606
"Eric Madson, badge #4328",Minneapolis Police Department,https://d3n8a8pro7vhmx.cloudfront.net/cuapb/pages/270/attachments/original/1617986454/David_Burbank_.pdf?1617986454,606
"Matthew Heger, badge #2877",Minneapolis Police Department,https://d3n8a8pro7vhmx.cloudfront.net/cuapb/pages/270/attachments/original/1615067627/2015HugoChiguil.pdf?1615067627,607
"William Gregory, badge #2450",Minneapolis Police Department,https://d3n8a8pro7vhmx.cloudfront.net/cuapb/pages/1461/attachments/original/1638130940/14-22128_Gregory_Part_1.pdf?1638130940,608
"Lori J. Hayne, badge #268900",St. Paul Police Department,https://d3n8a8pro7vhmx.cloudfront.net/cuapb/pages/270/attachments/original/1626486704/Christopher_Lollie_settlement.pdf?1626486704,609
"Bruce A. Schmidt, badge #607400",St. Paul Police Department,https://d3n8a8pro7vhmx.cloudfront.net/cuapb/pages/270/attachments/original/1626486704/Christopher_Lollie_settlement.pdf?1626486704,609
"Matthew Heger, badge #2877",Minneapolis Police Department,https://d3n8a8pro7vhmx.cloudfront.net/cuapb/pages/270/attachments/original/1615764934/2015GriseldaSerrano.pdf?1615764934,610
"Andrew Hegseth, badge #2878",Minneapolis Police Department,https://d3n8a8pro7vhmx.cloudfront.net/cuapb/pages/1462/attachments/original/1638637588/RCA-2021-00525_-_Legal_Settlement_Workers'_Compensation_claim_of_Andrew_Hegseth.pdf?1638637588,611
"Dennis Hemminger, badge #None",Osseo Police Department,https://assets.nationbuilder.com/cuapb/pages/1472/attachments/original/1669314993/Hemminger_Dennis-18-006-12882.pdf?1669314993,612
"Robert Heiple, badge #2890",Minneapolis Police Department,https://d3n8a8pro7vhmx.cloudfront.net/cuapb/pages/270/attachments/original/1626640651/Scott_Buck_.pdf?1626640651,613
"Jeff Hall, badge #2633",Minneapolis Police Department,https://d3n8a8pro7vhmx.cloudfront.net/cuapb/pages/1461/attachments/original/1638134715/13-31514_Hall_Part_10.pdf?1638134715,614
"Jeff Hall, badge #2633",Minneapolis Police Department,https://d3n8a8pro7vhmx.cloudfront.net/cuapb/pages/1461/attachments/original/1638134720/13-31514_Hall_Part_11.pdf?1638134720,615
"Axel C. Henry, badge #275900",St. Paul Police Department,https://assets.nationbuilder.com/cuapb/pages/270/attachments/original/1667359820/Henry_-_Personnel_Information.pdf?1667359820,616
"Dennis Hemminger, badge #None",Osseo Police Department,https://assets.nationbuilder.com/cuapb/pages/1472/attachments/original/1669315180/18.04.09__Council_Minutes_Hemminger_Resignation.pdf?1669315180,617
"Susan E. Hartnett, badge #44375",St. Paul Police Department,https://d3n8a8pro7vhmx.cloudfront.net/cuapb/pages/270/attachments/original/1617289565/Adam_Bravo_.pdf?1617289565,618
"James Golgart, Jr., badge #2317",Minneapolis Police Department,https://d3n8a8pro7vhmx.cloudfront.net/cuapb/pages/1461/attachments/original/1638123206/14-24187_Golgart.pdf?1638123206,619
"Lindsay Herron, badge #6939",Minneapolis Police Department,https://d3n8a8pro7vhmx.cloudfront.net/cuapb/pages/270/attachments/original/1626268700/26_Apr_2006__Page_B1_-_Star_Tribune_at_Newspapers.com-merged_%281%29.pdf?1626268700,620
"Steven Herron, badge #2975",Minneapolis Police Department,https://d3n8a8pro7vhmx.cloudfront.net/cuapb/pages/270/attachments/original/1626268700/26_Apr_2006__Page_B1_-_Star_Tribune_at_Newspapers.com-merged_%281%29.pdf?1626268700,620
"Lindsay Herron, badge #6939",Minneapolis Police Department,https://d3n8a8pro7vhmx.cloudfront.net/cuapb/pages/1462/attachments/original/1638637589/RCA-2021-00546_-_Legal_Settlement_Workers'_Compensation_claim_of_Lindsay_Herron.pdf?1638637589,621
"James Golgart, Jr., badge #2317",Minneapolis Police Department,https://d3n8a8pro7vhmx.cloudfront.net/cuapb/pages/270/attachments/original/1581994153/OPCR_13-069_Part_1.pdf?1581994153,622
"Jeff Hall, badge #2633",Minneapolis Police Department,https://d3n8a8pro7vhmx.cloudfront.net/cuapb/pages/1461/attachments/original/1638134727/13-31514_Hall_Part_2.pdf?1638134727,623
"Aaron Heuer, badge #None",Mille Lacs County Sheriffs Office,https://assets.nationbuilder.com/cuapb/pages/1472/attachments/original/1669315498/Hauer_Aaron-14-012-19611.pdf?1669315498,624
"Aaron Heuer, badge #None",Mille Lacs County Sheriffs Office,https://assets.nationbuilder.com/cuapb/pages/1472/attachments/original/1669315826/Mille_Lacs_deputy__Onamia_school_liaison_charged_with_criminal_sexual_conduct_Local_messagemedia.co.pdf?1669315826,625
"Aaron Heuer, badge #None",Mille Lacs County Sheriffs Office,https://assets.nationbuilder.com/cuapb/pages/1472/attachments/original/1669315840/Two_new_charges_for_former_deputy_Crime_Courts_messagemedia.co.pdf?1669315840,626
"Stuart Helmer, badge #2916",Minneapolis Police Department,https://d3n8a8pro7vhmx.cloudfront.net/cuapb/pages/1461/attachments/original/1638135242/13-30573_Helmer.pdf?1638135242,627
"Aaron Heuer, badge #None",Mille Lacs County Sheriffs Office,https://assets.nationbuilder.com/cuapb/pages/1472/attachments/original/1669315796/Aaron_Heuer_MN_DOC_Details.pdf?1669315796,628
"Kimberley Heyda, badge #2981",Minneapolis Police Department,https://d3n8a8pro7vhmx.cloudfront.net/cuapb/pages/1462/attachments/original/1638637583/RCA-2020-01250_-_Legal_Settlement_Worker's_Compensation_claim_of_Kimberly_Heyda.pdf?1638637583,629
"Clark Goset, badge #2354",Minneapolis Police Department,https://d3n8a8pro7vhmx.cloudfront.net/cuapb/pages/1461/attachments/original/1638128393/13-31138_Goset_Part_2.pdf?1638128393,630
"Clark Goset, badge #2354",Minneapolis Police Department,https://d3n8a8pro7vhmx.cloudfront.net/cuapb/pages/270/attachments/original/1596608379/07-2463_Goset.pdf?1596608379,631
"Patricia A. Grant, badge #2393",Minneapolis Police Department,https://d3n8a8pro7vhmx.cloudfront.net/cuapb/pages/1461/attachments/original/1638129179/13-31227_Grant.pdf?1638129179,632
"Christopher Hildreth, badge #2987",Minneapolis Police Department,https://d3n8a8pro7vhmx.cloudfront.net/cuapb/pages/270/attachments/original/1616343906/2019_New_Minneapolis_initiative_aims_to_handle_less-serious_domestic_crises_differently.pdf?1616343906,633
"Jeff Hall, badge #2633",Minneapolis Police Department,https://d3n8a8pro7vhmx.cloudfront.net/cuapb/pages/1461/attachments/original/1638134709/13-31514_Hall_Part_9.pdf?1638134709,634
"Conan Hickey, badge #2997",Minneapolis Police Department,https://assets.nationbuilder.com/cuapb/pages/1608/attachments/original/1753998745/21-01705_Conan_Hickey.pdf?1753998745,635
"Christopher Hildreth, badge #2987",Minneapolis Police Department,https://d3n8a8pro7vhmx.cloudfront.net/cuapb/pages/270/attachments/original/1582001599/15-11409_Part_1.pdf?1582001599,636
"Roland Hillstrom, badge #2986",Minneapolis Police Department,https://d3n8a8pro7vhmx.cloudfront.net/cuapb/pages/1462/attachments/original/1638637577/RCA-2021-01211_-_Legal_settlement_Workers'_Compensation_claim_of_Roland_Hillstrom.pdf?1638637577,637
"Jeff Hall, badge #2633",Minneapolis Police Department,https://d3n8a8pro7vhmx.cloudfront.net/cuapb/pages/1461/attachments/original/1638134702/13-31514_Hall_Part_8.pdf?1638134702,638
"Todd Horner, badge #None",Canby Police Department,https://assets.nationbuilder.com/cuapb/pages/1472/attachments/original/1669317874/Jeffrey_VanGrinsven__Appellant__vs._City_of_Canby__Respondent._C9-00-969.pdf?1669317874,639
"Jeffrey Van Grinsven, badge #None",Canby Police Department,https://assets.nationbuilder.com/cuapb/pages/1472/attachments/original/1669317874/Jeffrey_VanGrinsven__Appellant__vs._City_of_Canby__Respondent._C9-00-969.pdf?1669317874,639
"Todd Horner, badge #None",Canby Police Department,https://assets.nationbuilder.com/cuapb/pages/1472/attachments/original/1669316710/Horner_Todd-20-021-6786.pdf?1669316710,640
"William Gregory, badge #2450",Minneapolis Police Department,https://d3n8a8pro7vhmx.cloudfront.net/cuapb/pages/1461/attachments/original/1638130935/14-22128_Gregory_Part_2.pdf?1638130935,641
"Cole Horner, badge #None",Crystal Police Department,https://d3n8a8pro7vhmx.cloudfront.net/cuapb/pages/270/attachments/original/1632227811/2020-Cole_Horner_-_City_of_Crystal.pdf?1632227811,642
"Todd Horner, badge #None",Canby Police Department,https://assets.nationbuilder.com/cuapb/pages/1472/attachments/original/1669316711/Horner_Todd-98-060-6786.pdf?1669316711,643
"Christopher House, badge #3165",Minneapolis Police Department,https://d3n8a8pro7vhmx.cloudfront.net/cuapb/pages/1462/attachments/original/1638637599/RCA-2021-01071_-_Legal_settlement_Workers'_Compensation_claim_of_Christopher_House.pdf?1638637599,644
"Christopher House, badge #3165",Minneapolis Police Department,https://d3n8a8pro7vhmx.cloudfront.net/cuapb/pages/270/attachments/original/1614984447/2016MichaelALindsey.pdf?1614984447,645
"Joseph Hunt, badge #None",Coon Rapids Police Department,https://assets.nationbuilder.com/cuapb/pages/1472/attachments/original/1669318630/Hunt_Joseph-13-001-6061.pdf?1669318630,646
"Clark Goset, badge #2354",Minneapolis Police Department,https://d3n8a8pro7vhmx.cloudfront.net/cuapb/pages/1461/attachments/original/1638128387/13-31138_Goset_Part_1.pdf?1638128387,647
"Joseph Hunt, badge #None",Coon Rapids Police Department,https://assets.nationbuilder.com/cuapb/pages/1472/attachments/original/1669319301/Former_Coon_Rapids_Police_officer_sent_to_prison_ABC_Newspapers_hometownsource.com.pdf?1669319301,648
"Paul Huynh, badge #3198",Minneapolis Police Department,https://d3n8a8pro7vhmx.cloudfront.net/cuapb/pages/270/attachments/original/1626487242/Warrant__Minneapolis_police_shot_Dolal_Idd_after_attempted_gun_sting.pdf?1626487242,649
"Darcy Klund, badge #3728",Minneapolis Police Department,https://d3n8a8pro7vhmx.cloudfront.net/cuapb/pages/270/attachments/original/1626487242/Warrant__Minneapolis_police_shot_Dolal_Idd_after_attempted_gun_sting.pdf?1626487242,649
"Jason Schmitt, badge #6374",Minneapolis Police Department,https://d3n8a8pro7vhmx.cloudfront.net/cuapb/pages/270/attachments/original/1626487242/Warrant__Minneapolis_police_shot_Dolal_Idd_after_attempted_gun_sting.pdf?1626487242,649
"Christopher Guelcher, badge #2513",Minneapolis Police Department,https://d3n8a8pro7vhmx.cloudfront.net/cuapb/pages/270/attachments/original/1638762034/OPCR_14-20461_Guelcher_Part_3.pdf?1638762034,650
"Charles Hubbard, badge #None",Hennepin County Sheriff's Department,https://assets.nationbuilder.com/cuapb/pages/1473/attachments/original/1671254236/20220418_Hubbard.pdf?1671254236,651
"Joseph Hunt, badge #None",Coon Rapids Police Department,https://assets.nationbuilder.com/cuapb/pages/1472/attachments/original/1669319239/Former_Coon_Rapids_police_officer_charged_with_sexually_abusing_boy_%E2%80%93_Twin_Cities.pdf?1669319239,652
"Joseph Hunt, badge #None",Coon Rapids Police Department,https://assets.nationbuilder.com/cuapb/pages/1472/attachments/original/1669319378/Coon_Rapids_sexual_abuse_victim_%E2%80%9CI_was_molested_1_480_times%E2%80%9D_%E2%80%93_Twin_Cities.pdf?1669319378,653
"William Jacobs, badge #None",Minneapolis Park Police Department,https://assets.nationbuilder.com/cuapb/pages/1472/attachments/original/1669349919/Jacobs_William-12-007-3573.pdf?1669349919,654
"William Jacobs, badge #None",Minneapolis Park Police Department,https://d3n8a8pro7vhmx.cloudfront.net/cuapb/pages/270/attachments/original/1615832005/William_Jacobs__The_Minneapolis_pedophile_no_one_stopped_-_StarTribune.com.pdf?1615832005,655
"Mohamud Jama, badge #3257",Minneapolis Police Department,https://assets.nationbuilder.com/cuapb/pages/1509/attachments/original/1753849731/19-05405_Mohamud_Jama.pdf?1753849731,656
"William Jacobs, badge #None",Minneapolis Park Police Department,https://assets.nationbuilder.com/cuapb/pages/1472/attachments/original/1669350116/Child_molester__former_Minneapolis_parks_police_chief_gets_18_years_in_prison_%E2%80%93_Twin_Cities.pdf?1669350116,657
"Mohamud Jama, badge #3257",Minneapolis Police Department,https://assets.nationbuilder.com/cuapb/pages/1509/attachments/original/1753849064/19-12450_Mohamud_Jama.pdf?1753849064https://assets.nationbuilder.com/cuapb/pages/1509/attachments/original/1753849064/19-12450_Mohamud_Jama.pdf?1753849064,658
"Rian Jensen, badge #3284",Minneapolis Police Department,https://d3n8a8pro7vhmx.cloudfront.net/cuapb/pages/1462/attachments/original/1638637609/RCA-2021-01205_-_Legal_settlement_Workers'_Compensation_claim_of_Rian_Jensen.pdf?1638637609,659
"William Jacobs, badge #None",Minneapolis Park Police Department,https://assets.nationbuilder.com/cuapb/pages/1472/attachments/original/1669350422/William_Jacobs_MN_DOC_Record.pdf?1669350422,660
"Ty Jindra, badge #3291",Minneapolis Police Department,https://d3n8a8pro7vhmx.cloudfront.net/cuapb/pages/270/attachments/original/1604696008/TY_JINDRA_Federal_Indictment_Media_Release.pdf?1604696008,661
"Grant Johnson, badge #3398",Minneapolis Police Department,https://d3n8a8pro7vhmx.cloudfront.net/cuapb/pages/270/attachments/original/1626031233/Kaminiski_order_no_complaint_available.pdf?1626031233,662
"Matthew R. Kaminski, badge #3615",Minneapolis Police Department,https://d3n8a8pro7vhmx.cloudfront.net/cuapb/pages/270/attachments/original/1626031233/Kaminiski_order_no_complaint_available.pdf?1626031233,662
"Rowena Holmes, badge #2984",Minneapolis Police Department,https://d3n8a8pro7vhmx.cloudfront.net/cuapb/pages/1461/attachments/original/1638146971/13-30377_Holmes_Part_4.pdf?1638146971,663
"Ty Jindra, badge #3291",Minneapolis Police Department,https://d3n8a8pro7vhmx.cloudfront.net/cuapb/pages/270/attachments/original/1604696007/TY_JINDRA_Federal_Indictment.pdf?1604696007,664
"Benjamin Johnson, badge #3294",Minneapolis Police Department,https://d3n8a8pro7vhmx.cloudfront.net/cuapb/pages/1462/attachments/original/1638637575/RCA-2021-01208_-_Legal_settlement_Workers'_Compensation_claim_of_Benjamin_Johnson.pdf?1638637575,665
"Nathan A. Johnson, badge #3465",Paynesville Police Department,https://assets.nationbuilder.com/cuapb/pages/1472/attachments/original/1669354081/Paynesville_officer_arrested_for_alleged_domestic_assault.pdf?1669354081,666
"Mark A. Johnson, badge #3459",Minneapolis Police Department,https://assets.nationbuilder.com/cuapb/pages/1608/attachments/original/1753998631/22-09688_Mark_Johnson.pdf?1753998631,667
"John Haugland, badge #2813",Minneapolis Police Department,https://d3n8a8pro7vhmx.cloudfront.net/cuapb/pages/270/attachments/original/1581620963/OPCR_14-04997_Part_1.pdf?1581620963,668
"Matthew Lindquist, badge #4169",Minneapolis Police Department,https://d3n8a8pro7vhmx.cloudfront.net/cuapb/pages/270/attachments/original/1581620963/OPCR_14-04997_Part_1.pdf?1581620963,668
"Nathan A. Johnson, badge #3465",Paynesville Police Department,https://assets.nationbuilder.com/cuapb/pages/1472/attachments/original/1669353584/MCRO_73-CR-19-190_Sentencing_Order_2020-04-28_20221124231811.pdf?1669353584,669
"Nathan A. Johnson, badge #3465",Paynesville Police Department,https://assets.nationbuilder.com/cuapb/pages/1472/attachments/original/1669353294/Johnson_Nathan-20-009-22895.pdf?1669353294,670
"Nathan A. Johnson, badge #3465",Paynesville Police Department,https://assets.nationbuilder.com/cuapb/pages/1472/attachments/original/1669353583/MCRO_73-CR-19-190_Citation_Data_Summary_2019-01-07_20221124231718.pdf?1669353583,671
"Mark A. Johnson, badge #3459",Minneapolis Police Department,https://d3n8a8pro7vhmx.cloudfront.net/cuapb/pages/270/attachments/original/1614708766/Burns_Star_Tribune_Wed__Dec_11__2002.pdf?1614708766,672
"Lucas Peterson, badge #5630",Minneapolis Police Department,https://d3n8a8pro7vhmx.cloudfront.net/cuapb/pages/270/attachments/original/1614708766/Burns_Star_Tribune_Wed__Dec_11__2002.pdf?1614708766,672
"Darrin Jones, badge #3561",Minneapolis Police Department,https://d3n8a8pro7vhmx.cloudfront.net/cuapb/pages/1462/attachments/original/1638994129/RCA-2021-01419_-_Legal_settlement_Workers'_Compensation_claim_of_Darrin_Jones.pdf?1638994129,673
"Regina Joyner, badge #None",Hennepin County Sheriff's Department,https://assets.nationbuilder.com/cuapb/pages/1473/attachments/original/1671254314/20220119_Joyner.pdf?1671254314,674
"Scot Kaiser, badge #3628",Minneapolis Police Department,https://d3n8a8pro7vhmx.cloudfront.net/cuapb/pages/270/attachments/original/1614021747/Legal_settlement_Habso_Khalif_v._City_of_Minneapolis.pdf?1614021747,675
"Anthony Maisano, badge #4361",Minneapolis Police Department,https://d3n8a8pro7vhmx.cloudfront.net/cuapb/pages/270/attachments/original/1614021747/Legal_settlement_Habso_Khalif_v._City_of_Minneapolis.pdf?1614021747,675
"Jeff Kading, badge #3598",Minneapolis Police Department,https://d3n8a8pro7vhmx.cloudfront.net/cuapb/pages/1462/attachments/original/1638637590/RCA-2021-00673_-_Legal_Settlement_Workers'_Compensation_claims_of_Jeffrey_Kading.pdf?1638637590,676
"Daniel David Kahlow, badge #None",Carver County Sheriff's Department,https://assets.nationbuilder.com/cuapb/pages/1472/attachments/original/1669354202/Kahlow_Daniel-11-011-10561.pdf?1669354202,677
"Kyle Joseph, badge #3639",Minneapolis Police Department,https://d3n8a8pro7vhmx.cloudfront.net/cuapb/pages/270/attachments/original/1626271529/Woman__47__shot_by_Minneapolis_police_charged_with_assault_%E2%80%93_Twin_Cities.pdf?1626271529,678
"Ryan McCann, badge #4547",Minneapolis Police Department,https://d3n8a8pro7vhmx.cloudfront.net/cuapb/pages/270/attachments/original/1626271529/Woman__47__shot_by_Minneapolis_police_charged_with_assault_%E2%80%93_Twin_Cities.pdf?1626271529,678
"Paul O'Hanlon, badge #5274",Minneapolis Police Department,https://d3n8a8pro7vhmx.cloudfront.net/cuapb/pages/270/attachments/original/1626271529/Woman__47__shot_by_Minneapolis_police_charged_with_assault_%E2%80%93_Twin_Cities.pdf?1626271529,678
"Daniel David Kahlow, badge #None",Carver County Sheriff's Department,https://assets.nationbuilder.com/cuapb/pages/1472/attachments/original/1669354445/Former_deputy_gets_six_months_for_meth_crime_Archives_southernminn.com.pdf?1669354445,679
"Kyle Joseph, badge #3639",Minneapolis Police Department,https://d3n8a8pro7vhmx.cloudfront.net/cuapb/pages/270/attachments/original/1626270770/Officers_involved_in_Minneapolis_shooting_identified_%E2%80%93_Twin_Cities.pdf?1626270770,680
"Ryan McCann, badge #4547",Minneapolis Police Department,https://d3n8a8pro7vhmx.cloudfront.net/cuapb/pages/270/attachments/original/1626270770/Officers_involved_in_Minneapolis_shooting_identified_%E2%80%93_Twin_Cities.pdf?1626270770,680
"Paul O'Hanlon, badge #5274",Minneapolis Police Department,https://d3n8a8pro7vhmx.cloudfront.net/cuapb/pages/270/attachments/original/1626270770/Officers_involved_in_Minneapolis_shooting_identified_%E2%80%93_Twin_Cities.pdf?1626270770,680
"Matthew R. Kaminski, badge #3615",Minneapolis Police Department,https://d3n8a8pro7vhmx.cloudfront.net/cuapb/pages/270/attachments/original/1626031083/kaminski_dismissal.pdf?1626031083,681
"Jason Schmitt, badge #6374",Minneapolis Police Department,https://d3n8a8pro7vhmx.cloudfront.net/cuapb/pages/270/attachments/original/1626031083/kaminski_dismissal.pdf?1626031083,681
"Matthew R. Kaminski, badge #3615",Minneapolis Police Department,https://d3n8a8pro7vhmx.cloudfront.net/cuapb/pages/270/attachments/original/1626030759/kaminski_complaint_.pdf?1626030759,682
"Jason Schmitt, badge #6374",Minneapolis Police Department,https://d3n8a8pro7vhmx.cloudfront.net/cuapb/pages/270/attachments/original/1626030759/kaminski_complaint_.pdf?1626030759,682
"Jeffrey T. Kane, badge #336500",St. Paul Police Department,https://assets.nationbuilder.com/cuapb/pages/270/attachments/original/1670095708/Jeffrey_T_Kane_09_Apr_2004.pdf?1670095708,683
"Scot Kaiser, badge #3628",Minneapolis Police Department,https://assets.nationbuilder.com/cuapb/pages/1608/attachments/original/1753998812/21-10193_Scot_Kaiser.pdf?1753998812,684
"Nicholas Hwang, badge #3195",Minneapolis Police Department,https://d3n8a8pro7vhmx.cloudfront.net/cuapb/pages/1461/attachments/original/1638147566/13-31600_Hwang_Part_2.pdf?1638147566,685
"Scot Kaiser, badge #3628",Minneapolis Police Department,https://d3n8a8pro7vhmx.cloudfront.net/cuapb/pages/270/attachments/original/1614021746/Khalif_Complaint.pdf?1614021746,686
"Anthony Maisano, badge #4361",Minneapolis Police Department,https://d3n8a8pro7vhmx.cloudfront.net/cuapb/pages/270/attachments/original/1614021746/Khalif_Complaint.pdf?1614021746,686
"Christopher Johnson, badge #None",Hennepin County Sheriff's Department,https://assets.nationbuilder.com/cuapb/pages/1473/attachments/original/1671254299/20211214_Johnson.pdf?1671254299,687
"Rowena Holmes, badge #2984",Minneapolis Police Department,https://d3n8a8pro7vhmx.cloudfront.net/cuapb/pages/1461/attachments/original/1638146957/13-30377_Holmes_Part_2.pdf?1638146957,688
"Jeff Kading, badge #3598",Minneapolis Police Department,https://d3n8a8pro7vhmx.cloudfront.net/cuapb/pages/270/attachments/original/1626025707/Jeff_kading_16_May_2000_star_tribune_1-merged.pdf?1626025707,689
"Christopher Karakostas, badge #3636",Minneapolis Police Department,https://d3n8a8pro7vhmx.cloudfront.net/cuapb/pages/1462/attachments/original/1638637591/RCA-2021-00677_-_Legal_Settlement_Workers'_Compensation_claim_of_Christopher_Karakostas.pdf?1638637591,690
"Scot Kaiser, badge #3628",Minneapolis Police Department,https://assets.nationbuilder.com/cuapb/pages/1608/attachments/original/1753998898/21-05881_Scot_Kaiser.pdf?1753998898,691
"Nicholas Kapinos, badge #3631",Minneapolis Police Department,https://assets.nationbuilder.com/cuapb/pages/1608/attachments/original/1753998901/21-04943_Nicholas_Kapinos.pdf?1753998901,692
"Jeffrey T. Kane, badge #336500",St. Paul Police Department,https://assets.nationbuilder.com/cuapb/pages/270/attachments/original/1670095733/Jeffrey_T_Kane_14_Jan_2004_Start_Tribune.pdf?1670095733,693
"Mark Kaspszak, badge #3642",Minneapolis Police Department,https://d3n8a8pro7vhmx.cloudfront.net/cuapb/pages/270/attachments/original/1509687779/Mark_Kaspszak_MPD_Arrested_for_DWI_010606.pdf?1509687779,694
"Mark Kaspszak, badge #3642",Minneapolis Police Department,https://assets.nationbuilder.com/cuapb/pages/1472/attachments/original/1669431437/Kaspsazk_Mark-07-003-12727.pdf?1669431437,695
"Michael Keefe, badge #3662",Minneapolis Police Department,https://assets.nationbuilder.com/cuapb/pages/270/attachments/original/1671335792/michael_keefe_jedgement_2.pdf?1671335792,696
"Michael Keefe, badge #3662",Minneapolis Police Department,https://d3n8a8pro7vhmx.cloudfront.net/cuapb/pages/270/attachments/original/1616272388/2009__Cover-up_of_MPD_abuses_continues___Twin_Cities_Daily_Planet.pdf?1616272388,697
"Kelly J. O'Rourke, badge #5375",Minneapolis Police Department,https://d3n8a8pro7vhmx.cloudfront.net/cuapb/pages/270/attachments/original/1616272388/2009__Cover-up_of_MPD_abuses_continues___Twin_Cities_Daily_Planet.pdf?1616272388,697
"Mark Kaspszak, badge #3642",Minneapolis Police Department,https://d3n8a8pro7vhmx.cloudfront.net/cuapb/pages/270/attachments/original/1614709827/Peterson_In_Minneapolis__costs_of_police_misconduct_add_up___MPR_News.pdf?1614709827,698
"Lucas Peterson, badge #5630",Minneapolis Police Department,https://d3n8a8pro7vhmx.cloudfront.net/cuapb/pages/270/attachments/original/1614709827/Peterson_In_Minneapolis__costs_of_police_misconduct_add_up___MPR_News.pdf?1614709827,698
"Michael R. Sauro, badge #6313",Minneapolis Police Department,https://d3n8a8pro7vhmx.cloudfront.net/cuapb/pages/270/attachments/original/1614709827/Peterson_In_Minneapolis__costs_of_police_misconduct_add_up___MPR_News.pdf?1614709827,698
"Daniel David Kahlow, badge #None",Carver County Sheriff's Department,https://assets.nationbuilder.com/cuapb/pages/1472/attachments/original/1669354443/Charges_Carver_sheriff's_deputy_stole_drugs_from_dept._MPR_News.pdf?1669354443,699
"Jeffrey W. Keller, badge #342400",St. Paul Police Department,https://assets.nationbuilder.com/cuapb/pages/270/attachments/original/1670097067/Jeffrey_keller_CaseDetail.pdf?1670097067,700
"Michael Keefe, badge #3662",Minneapolis Police Department,https://assets.nationbuilder.com/cuapb/pages/270/attachments/original/1671337432/MICHAEL_KEEFE_28_jan_2008_ST_B1.pdf?1671337432,701
"Ellen Jensen, badge #3276",Minneapolis Police Department,https://assets.nationbuilder.com/cuapb/pages/1509/attachments/original/1753848018/19-00593_Ellen_Jensen.pdf?1753848018,702
"Michael Keefe, badge #3662",Minneapolis Police Department,https://assets.nationbuilder.com/cuapb/pages/270/attachments/original/1671336794/michael_keefe_may_11_2015.pdf?1671336794,703
"Cheryl Kassa, badge #3645",Minneapolis Police Department,https://assets.nationbuilder.com/cuapb/pages/270/attachments/original/1666044479/Cheryl_Kassa_19_Oct_2002_ST.pdf?1666044479,704
"Nicholas Hwang, badge #3195",Minneapolis Police Department,https://d3n8a8pro7vhmx.cloudfront.net/cuapb/pages/1461/attachments/original/1638147572/13-31600_Hwang_Part_1.pdf?1638147572,705
"Leila Kasso, badge #3623",Minneapolis Police Department,https://assets.nationbuilder.com/cuapb/pages/1509/attachments/original/1753847450/17-19580_Leila_Kasso.pdf?1753847450,706
"Patrick D. Kellerman, badge #342660",St. Paul Police Department,https://assets.nationbuilder.com/cuapb/pages/270/attachments/original/1671380831/patrick_kellerman_CaseDetail.pdf?1671380831,707
"Cheryl Kassa, badge #3645",Minneapolis Police Department,https://assets.nationbuilder.com/cuapb/pages/270/attachments/original/1666044476/Cheryl_Kassa_8_may_2003_ST.pdf?1666044476,708
"Christopher Kelley, badge #3680",Minneapolis Police Department,https://assets.nationbuilder.com/cuapb/pages/270/attachments/original/1670098543/christopher_kelley_CaseDetail.pdf?1670098543,709
"Ryan Kelly, badge #3687",Minneapolis Police Department,https://d3n8a8pro7vhmx.cloudfront.net/cuapb/pages/270/attachments/original/1625877808/Ryan_Kelly_%E2%80%93_Minnesota_3_Gun_Group.pdf?1625877808,710
"Geoffrey Johnson, badge #3386",Minneapolis Police Department,https://d3n8a8pro7vhmx.cloudfront.net/cuapb/pages/1461/attachments/original/1638147882/13-30492_Johnson.pdf?1638147882,711
"Michael Keefe, badge #3662",Minneapolis Police Department,https://assets.nationbuilder.com/cuapb/pages/270/attachments/original/1671337104/michael_keefe_may_15_2015.pdf?1671337104,712
"Cheryl Kassa, badge #3645",Minneapolis Police Department,https://assets.nationbuilder.com/cuapb/pages/270/attachments/original/1666044477/Cheryl_Kassa_17_oct_2002_ST.pdf?1666044477,713
"Michael Kennedy, badge #3693",Minneapolis Police Department,https://assets.nationbuilder.com/cuapb/pages/270/attachments/original/1671380372/kennedy_judgement_27-CV-05-007993.pdf?1671380372,714
"Shawn Kelly, badge #3689",Minneapolis Police Department,https://d3n8a8pro7vhmx.cloudfront.net/cuapb/pages/270/attachments/original/1625951989/USCOURTS-mnd-0_11-cv-01945-0.pdf?1625951989,715
"Oscar Macias, badge #4319",Minneapolis Police Department,https://d3n8a8pro7vhmx.cloudfront.net/cuapb/pages/270/attachments/original/1625951989/USCOURTS-mnd-0_11-cv-01945-0.pdf?1625951989,715
"Allan Kertscher, badge #None",Barnesville Police Department,https://assets.nationbuilder.com/cuapb/pages/1472/attachments/original/1669431998/Kertscher_Allan-20-047-4630.pdf?1669431998,716
"Zakari Ketchmark, badge #3682",Minneapolis Police Department,https://assets.nationbuilder.com/cuapb/pages/1608/attachments/original/1753998618/22-03933_Zakari_Ketchmark.pdf?1753998618,717
"John C. Kelly III, badge #3691",Minneapolis Police Department,https://assets.nationbuilder.com/cuapb/pages/270/attachments/original/1671378986/john_c_kelly_CaseDetail.pdf?1671378986,718
"Paul Kezar, badge #None",Thief River Falls Police Department,https://assets.nationbuilder.com/cuapb/pages/1472/attachments/original/1669433024/Kezar_Ex-Thief_River_Falls_police_officer_in_legal_trouble_again_-_Detroit_Lakes_Tribune.pdf?1669433024,719
"Paul Kezar, badge #None",Thief River Falls Police Department,https://assets.nationbuilder.com/cuapb/pages/1472/attachments/original/1669433016/Kezar_Thief_River_Falls_police_officer_arrested_on_theft_charges_-_Detroit_Lakes_Tribune.pdf?1669433016,720
"Paul Kezar, badge #None",Thief River Falls Police Department,https://assets.nationbuilder.com/cuapb/pages/1472/attachments/original/1669433013/Kezar_Paul-11-004-16611.pdf?1669433013,721
"William Kenow, badge #3695",Minneapolis Police Department,https://d3n8a8pro7vhmx.cloudfront.net/cuapb/pages/1462/attachments/original/1638637577/RCA-2021-01212_-_Legal_settlement_Workers'_Compensation_claim_of_William_Kenow.pdf?1638637577,722
"Paul Kezar, badge #None",Thief River Falls Police Department,https://assets.nationbuilder.com/cuapb/pages/1472/attachments/original/1669433020/Kezar_Ex-Thief_River_Falls_cop_sentenced_to_a_year_in_jail_-_Park_Rapids_Enterprise.pdf?1669433020,723
"Bruce M. Ketzner, badge #3698",Minneapolis Police Department,https://d3n8a8pro7vhmx.cloudfront.net/cuapb/pages/270/attachments/original/1627568708/bruce_ketzner_Judgment_2019-07-02_20210704161343.pdf?1627568708,724
"Bruce M. Ketzner, badge #3698",Minneapolis Police Department,https://d3n8a8pro7vhmx.cloudfront.net/cuapb/pages/1462/attachments/original/1638637601/RCA-2021-01075_-_Legal_settlement_Workers'_Compensation_claim_of_Bruce_Ketzner.pdf?1638637601,725
"Bruce M. Ketzner, badge #3698",Minneapolis Police Department,https://d3n8a8pro7vhmx.cloudfront.net/cuapb/pages/270/attachments/original/1627568590/bruce_ketzner_Statement_of_Claim_and_Summons_2019-03-27_20210704161148.pdf?1627568590,726
"Patrick Kiely, badge #3701",Minneapolis Police Department,https://assets.nationbuilder.com/cuapb/pages/270/attachments/original/1671382571/Patrick_kiely_23_sep_1975_1.pdf?1671382571,727
"Patrick Kiely, badge #3701",Minneapolis Police Department,https://assets.nationbuilder.com/cuapb/pages/270/attachments/original/1671382280/patrick_kiely_11_jun_1982_2.pdf?1671382280,728
"Rowena Holmes, badge #2984",Minneapolis Police Department,https://d3n8a8pro7vhmx.cloudfront.net/cuapb/pages/1461/attachments/original/1638146979/13-30377_Holmes_Part_1.pdf?1638146979,729
"Allan Kertscher, badge #None",Barnesville Police Department,https://d3n8a8pro7vhmx.cloudfront.net/cuapb/pages/270/attachments/original/1627565371/allan_kertscher_criminal_case.pdf?1627565371,730
"Patrick Kiely, badge #3701",Minneapolis Police Department,https://assets.nationbuilder.com/cuapb/pages/270/attachments/original/1671381663/Patrick_Kiely_03_nov_1982.pdf?1671381663,731
"Patrick Kiely, badge #3701",Minneapolis Police Department,https://assets.nationbuilder.com/cuapb/pages/270/attachments/original/1671381356/patrick_kiely__11_jun_1982.pdf?1671381356,732
"Patrick Kiely, badge #3701",Minneapolis Police Department,https://assets.nationbuilder.com/cuapb/pages/270/attachments/original/1671382576/Patrick_kiely_23_sep_1975_2.pdf?1671382576,733
"Patrick Kiely, badge #3701",Minneapolis Police Department,https://assets.nationbuilder.com/cuapb/pages/270/attachments/original/1671382024/patrick_kiely_8_dec_1982.pdf?1671382024,734
"Patrick Kiely, badge #3701",Minneapolis Police Department,https://assets.nationbuilder.com/cuapb/pages/270/attachments/original/1671382886/Patrick_kiely_19_may_1981.pdf?1671382886,735
"Joel Kimmerle, badge #3703",Minneapolis Police Department,https://assets.nationbuilder.com/cuapb/pages/270/attachments/original/1671379929/jowl_kimmerle_13_mar_2002.pdf?1671379929,736
"Matthew Kipke, badge #3717",Minneapolis Police Department,https://d3n8a8pro7vhmx.cloudfront.net/cuapb/pages/1462/attachments/original/1638637606/RCA-2021-01193_-_Legal_settlement_Workers'_Compensation_claim_of_Matthew_Kipke.pdf?1638637606,737
"Joel Kimmerle, badge #3703",Minneapolis Police Department,https://assets.nationbuilder.com/cuapb/pages/270/attachments/original/1671379663/joel_kimmerle_21_jun_2002.pdf?1671379663,738
"Michael J. Killebrew, badge #3716",Minneapolis Police Department,https://d3n8a8pro7vhmx.cloudfront.net/cuapb/pages/270/attachments/original/1615832510/2015_The_Mpls._cop_who_writes_more_tickets_than_any_other.pdf?1615832510,739
"Sokhom Klann, badge #3723",Minneapolis Police Department,https://d3n8a8pro7vhmx.cloudfront.net/cuapb/pages/270/attachments/original/1617635331/Lawyer_fees_push_city's_tab_to__270k_in_excessive_force_suit_-_StarTribune.com.pdf?1617635331,740
"Leila Kasso, badge #3623",Minneapolis Police Department,https://assets.nationbuilder.com/cuapb/pages/1509/attachments/original/1753847147/17-05963_Leila_Kasso.pdf?1753847147,741
"Joseph Klimmek, badge #3735",Minneapolis Police Department,https://d3n8a8pro7vhmx.cloudfront.net/cuapb/pages/270/attachments/original/1627068257/Insensitive_remarks_on_a_Minneapolis_police_officer%E2%80%99s_Facebook_page_spark_outrage__open_internal_investigation___Twin_Cities_Daily_Planet.pdf?1627068257,742
"Joel Kimmerle, badge #3703",Minneapolis Police Department,https://assets.nationbuilder.com/cuapb/pages/270/attachments/original/1671379503/joel_kimmerle_12_mar_2002_2.pdf?1671379503,743
"Sokhom Klann, badge #3723",Minneapolis Police Department,https://d3n8a8pro7vhmx.cloudfront.net/cuapb/pages/1462/attachments/original/1638637587/RCA-2021-00523_-_Legal_Settlement_Workers'_Compensation_claim_of_Sokham_Klann.pdf?1638637587,744
"Joel Klein, badge #None",St. Joseph Police Department,https://assets.nationbuilder.com/cuapb/pages/1472/attachments/original/1669434491/Klein_Former_St._Joe_police_chief's_license_revoked_for_sexual_harassment_St_Cloud_Times.pdf?1669434491,745
"Joseph Klimmek, badge #3735",Minneapolis Police Department,https://assets.nationbuilder.com/cuapb/pages/1608/attachments/original/1753998691/20-06280_Joseph_Klimmek.pdf?1753998691,746
"Joel Klein, badge #None",St. Joseph Police Department,https://assets.nationbuilder.com/cuapb/pages/1472/attachments/original/1669433915/Klein_Joel-18-001-14702.pdf?1669433915,747
"Glen Knippenberg, badge #None",Minnesota State Patrol,https://assets.nationbuilder.com/cuapb/pages/1472/attachments/original/1669435157/Knippenberg_Glen-09-006-14354.pdf?1669435157,748
"Daniel R. King, badge #349025",St. Paul Police Department,https://d3n8a8pro7vhmx.cloudfront.net/cuapb/pages/270/attachments/original/1626529849/St._Paul_gunman_killed_after_firing_on_cops__officer_wounded_%28w__video%29_%E2%80%93_Twin_Cities.pdf?1626529849,749
"Brian M. Wanschura, badge #722200",St. Paul Police Department,https://d3n8a8pro7vhmx.cloudfront.net/cuapb/pages/270/attachments/original/1626529849/St._Paul_gunman_killed_after_firing_on_cops__officer_wounded_%28w__video%29_%E2%80%93_Twin_Cities.pdf?1626529849,749
"Rowena Holmes, badge #2984",Minneapolis Police Department,https://d3n8a8pro7vhmx.cloudfront.net/cuapb/pages/1461/attachments/original/1638146965/13-30377_Holmes_Part_3.pdf?1638146965,750
"Travis Koenig, badge #3770",Minneapolis Police Department,https://assets.nationbuilder.com/cuapb/pages/1472/attachments/original/1669438243/Knowlton_Alan-20-027-13490.pdf?1669438243,751
"Alan Knowlton, badge #None",,https://assets.nationbuilder.com/cuapb/pages/1472/attachments/original/1669438243/Knowlton_Alan-20-027-13490.pdf?1669438243,751
"Glen Knippenberg, badge #None",Minnesota State Patrol,https://assets.nationbuilder.com/cuapb/pages/1472/attachments/original/1669435828/Knippenberg_82-CR-07-1566_Register_of_Actions.pdf?1669435828,752
"Glen Knippenberg, badge #None",Minnesota State Patrol,https://assets.nationbuilder.com/cuapb/pages/1472/attachments/original/1669435835/Knippenberg_82-CR-07-1582.pdf?1669435835,753
"Glen Knippenberg, badge #None",Minnesota State Patrol,https://assets.nationbuilder.com/cuapb/pages/1472/attachments/original/1669435832/Knippenberg_Former_Minnesota_trooper_charged_with_another_felony_%E2%80%93_Pioneer_Press.pdf?1669435832,754
"Glen Knippenberg, badge #None",Minnesota State Patrol,https://assets.nationbuilder.com/cuapb/pages/1472/attachments/original/1669435825/Knippenberg_Ex-trooper_charged_with_assault_%E2%80%93_Pioneer_Press.pdf?1669435825,755
"Robert P. Knowles, badge #None",Braham Police Department,https://assets.nationbuilder.com/cuapb/pages/1472/attachments/original/1669437798/Kennedy_v_City_of_Braham_Complaint.pdf?1669437798,756
"Alan Knowlton, badge #None",,https://assets.nationbuilder.com/cuapb/pages/1472/attachments/original/1669438645/Knowlton_62-K6-99-3591_Register_of_Actions.pdf?1669438645,757
"Jeremiah T. Kocher, badge #3772",Minneapolis Police Department,https://d3n8a8pro7vhmx.cloudfront.net/cuapb/pages/1462/attachments/original/1638994127/RCA-2021-01416_-_Legal_settlement_Workers'_Compensation_claim_of_Jeremiah_Kocher.pdf?1638994127,758
"Travis Koenig, badge #3770",Minneapolis Police Department,https://assets.nationbuilder.com/cuapb/pages/1472/attachments/original/1669439604/Koenig_Officer_charged_with_having_sex_with_minors.pdf?1669439604,759
"Travis Koenig, badge #3770",Minneapolis Police Department,https://assets.nationbuilder.com/cuapb/pages/1472/attachments/original/1669439946/Koenig_27-CR-01-063856_Register_of_Actions.pdf?1669439946,760
"Travis Koenig, badge #3770",Minneapolis Police Department,https://assets.nationbuilder.com/cuapb/pages/1472/attachments/original/1669439949/Koenig_02-VB-13-22300_Register_of_Actions.pdf?1669439949,761
"Dennis Korogi, badge #None",St. Paul Police Department,https://assets.nationbuilder.com/cuapb/pages/1472/attachments/original/1669440581/Korogi_Dennis-20-019-6360.pdf?1669440581,762
"Cory J. Kochendorfer, badge #356975",St. Paul Police Department,https://d3n8a8pro7vhmx.cloudfront.net/cuapb/pages/270/attachments/original/1511324955/Cory_James_Kochendorfer_Article.pdf?1511324955,763
"Herbert Kotek, badge #None",Owatonna Police Department,https://assets.nationbuilder.com/cuapb/pages/1472/attachments/original/1670217541/Kotek_Herbert-15-002-6212.pdf?1670217541,764
"Herbert Kotek, badge #None",Owatonna Police Department,https://assets.nationbuilder.com/cuapb/pages/1472/attachments/original/1670217977/Kotek_enters_race_for_sheriff_Archives_southernminn.com.pdf?1670217977,765
"Lori Kratzke, badge #None",Ramsey County Sheriff's Department,https://assets.nationbuilder.com/cuapb/pages/1472/attachments/original/1670219769/Kratzke_Gambling_gets_her_sent_to_jail_Local_News_republicaneagle.com.pdf?1670219769,766
"Lori Kratzke, badge #None",Ramsey County Sheriff's Department,https://assets.nationbuilder.com/cuapb/pages/1472/attachments/original/1670219720/Kratzke_Lori_Criminal_Record.pdf?1670219720,767
"Lori Kratzke, badge #None",Ramsey County Sheriff's Department,https://assets.nationbuilder.com/cuapb/pages/1472/attachments/original/1670219377/Kratzke_Lori-07-001-9519.pdf?1670219377,768
"Carl Kratzke, badge #None",Ramsey County Sheriff's Department,https://assets.nationbuilder.com/cuapb/pages/1472/attachments/original/1670218880/Kratzke_Carl_Admin_Hearing_Record_240212983.dflt_tcm19-159764.pdf?1670218880,769
"Carl Kratzke, badge #None",Ramsey County Sheriff's Department,https://assets.nationbuilder.com/cuapb/pages/1472/attachments/original/1670218646/Kratzke_Carl-20-026-13685.pdf?1670218646,770
"Lori Kratzke, badge #None",Ramsey County Sheriff's Department,https://assets.nationbuilder.com/cuapb/pages/1472/attachments/original/1670219724/Kratzke_Lori_Theft_Conviction_Register_of_Actions.pdf?1670219724,771
"Carl Kratzke, badge #None",Ramsey County Sheriff's Department,https://assets.nationbuilder.com/cuapb/pages/1472/attachments/original/1670219221/Kratzke_Carl_Criminal_Case_Register_of_Actions.pdf?1670219221,772
"Kyle J. Kreun, badge #None",Rock County Sheriff's Department,https://assets.nationbuilder.com/cuapb/pages/1472/attachments/original/1670220482/Kreun_Rock_County_deputy_ordered_to_surrender_license__do_jail_time_-_The_Globe_News.pdf?1670220482,773
"Kyle J. Kreun, badge #None",Rock County Sheriff's Department,https://assets.nationbuilder.com/cuapb/pages/1472/attachments/original/1670220226/Kreun_Criminal_Conviction_Register_of_Action.pdf?1670220226,774
"William G. Kraus, badge #367000",St. Paul Police Department,https://d3n8a8pro7vhmx.cloudfront.net/cuapb/pages/270/attachments/original/1616283941/St._Paul%E2%80%99s_school_resource_officer_policies_still_leave_district_room_for_improvement.pdf?1616283941,775
"Trista Kreft, badge #1423",Minneapolis Police Department,https://d3n8a8pro7vhmx.cloudfront.net/cuapb/pages/1462/attachments/original/1638637603/RCA-2021-01086_-_Legal_settlement_Workers'_Compensation_claim_of_Trista_Kreft.pdf?1638637603,776
"Christopher Kelley, badge #3680",Minneapolis Police Department,https://assets.nationbuilder.com/cuapb/pages/1509/attachments/original/1753848360/19-04088_Karina_Kelley.pdf?1753848360,777
"Karina Kelley, badge #3955",Minneapolis Police Department,https://assets.nationbuilder.com/cuapb/pages/1509/attachments/original/1753848360/19-04088_Karina_Kelley.pdf?1753848360,777
"Robert J. Kroll, badge #3874",Minneapolis Police Department,https://d3n8a8pro7vhmx.cloudfront.net/cuapb/pages/270/attachments/original/1613596936/Carlotta_Madison_Statement_and_City_Pages_article_re_Kroll.pdf?1613596936,778
"Robert J. Kroll, badge #3874",Minneapolis Police Department,https://d3n8a8pro7vhmx.cloudfront.net/cuapb/pages/270/attachments/original/1614608272/Kroll_Controversy_follows_Mpls._police_union_president_-_StarTribune.com.pdf?1614608272,779
"Jeremiah T. Kocher, badge #3772",Minneapolis Police Department,https://d3n8a8pro7vhmx.cloudfront.net/cuapb/pages/1461/attachments/original/1638148970/14-15471_Kocher_Part_1.pdf?1638148970,780
"Robert J. Kroll, badge #3874",Minneapolis Police Department,https://d3n8a8pro7vhmx.cloudfront.net/cuapb/pages/270/attachments/original/1532851600/Kenfield_v_Kroll_et_al_20070125.pdf?1532851600,781
"Robert J. Kroll, badge #3874",Minneapolis Police Department,https://d3n8a8pro7vhmx.cloudfront.net/cuapb/pages/270/attachments/original/1532851578/Madison_v_Kroll_et_al_20040831.pdf?1532851578,782
"Darrin Waletzki, badge #7454",Minneapolis Police Department,https://d3n8a8pro7vhmx.cloudfront.net/cuapb/pages/270/attachments/original/1532851578/Madison_v_Kroll_et_al_20040831.pdf?1532851578,782
"Robert J. Kroll, badge #3874",Minneapolis Police Department,https://d3n8a8pro7vhmx.cloudfront.net/cuapb/pages/270/attachments/original/1532851583/Mahaffy_v_Kroll_et_al_Art_a_Whirl_Incident_20080822.pdf?1532851583,783
"Robert J. Kroll, badge #3874",Minneapolis Police Department,https://d3n8a8pro7vhmx.cloudfront.net/cuapb/pages/270/attachments/original/1613778289/Marsden_Building_Maintenance_v_Kroll_19990518.pdf?1613778289,784
"Robert J. Kroll, badge #3874",Minneapolis Police Department,https://d3n8a8pro7vhmx.cloudfront.net/cuapb/pages/270/attachments/original/1532851590/Johanns_v_Kroll_et_al_19940914.pdf?1532851590,785
"William G. Kraus, badge #367000",St. Paul Police Department,https://d3n8a8pro7vhmx.cloudfront.net/cuapb/pages/270/attachments/original/1616283681/After_rough_student_arrest__will_St._Paul_schools_kick_police_out__%E2%80%93_Twin_Cities.pdf?1616283681,786
"Jeremiah T. Kocher, badge #3772",Minneapolis Police Department,https://d3n8a8pro7vhmx.cloudfront.net/cuapb/pages/1461/attachments/original/1638148964/14-15471_Kocher_Part_2.pdf?1638148964,787
"Robert J. Kroll, badge #3874",Minneapolis Police Department,https://d3n8a8pro7vhmx.cloudfront.net/cuapb/pages/270/attachments/original/1614608233/Kroll_Clout_of_Minneapolis_Police_Union_Boss_Reflects_National_Trend_-_WSJ.pdf?1614608233,788
"Robert J. Kroll, badge #3874",Minneapolis Police Department,https://d3n8a8pro7vhmx.cloudfront.net/cuapb/pages/270/attachments/original/1616269808/2016_Twin_Cities_Police_Unions__Teachers%E2%80%99_Involvement_In_Castile_Protest_%E2%80%98Blatant_Disrespect%E2%80%99.pdf?1616269808,789
"David A. Titus, badge #688850",St. Paul Police Department,https://d3n8a8pro7vhmx.cloudfront.net/cuapb/pages/270/attachments/original/1616269808/2016_Twin_Cities_Police_Unions__Teachers%E2%80%99_Involvement_In_Castile_Protest_%E2%80%98Blatant_Disrespect%E2%80%99.pdf?1616269808,789
"Robert J. Kroll, badge #3874",Minneapolis Police Department,https://d3n8a8pro7vhmx.cloudfront.net/cuapb/pages/270/attachments/original/1597995891/Tirado_v_Minneapolis.pdf?1597995891,790
"Kevin Kuschel, badge #None",Richmond Police Department,https://assets.nationbuilder.com/cuapb/pages/1472/attachments/original/1670220883/Kuschel_Kevin-01-003-8222.pdf?1670220883,791
"Kevin Kuschel, badge #None",Richmond Police Department,https://assets.nationbuilder.com/cuapb/pages/1472/attachments/original/1670221910/Kushel_Criminal_Record.pdf?1670221910,792
"Jarrod Kunze, badge #3910",Minneapolis Police Department,https://assets.nationbuilder.com/cuapb/pages/1462/attachments/original/1647659316/RCA-2022-00092_-_Legal_settlement_Workers'_Compensation_claim_of_Jarrod_Kunze.pdf?1647659316,793
"Robert J. Kroll, badge #3874",Minneapolis Police Department,https://d3n8a8pro7vhmx.cloudfront.net/cuapb/pages/270/attachments/original/1614178609/Disorderly_conduct__in_its_zeal_to_bust_drug_dealers_and_prostitutes__a_Minneapolis_Police_unit_crosses_the_line___MinnPost.pdf?1614178609,794
"Steven Lecy, badge #4057",Minneapolis Police Department,https://d3n8a8pro7vhmx.cloudfront.net/cuapb/pages/270/attachments/original/1614178609/Disorderly_conduct__in_its_zeal_to_bust_drug_dealers_and_prostitutes__a_Minneapolis_Police_unit_crosses_the_line___MinnPost.pdf?1614178609,794
"Sean McTaggart, badge #4657",Minneapolis Police Department,https://d3n8a8pro7vhmx.cloudfront.net/cuapb/pages/270/attachments/original/1614178609/Disorderly_conduct__in_its_zeal_to_bust_drug_dealers_and_prostitutes__a_Minneapolis_Police_unit_crosses_the_line___MinnPost.pdf?1614178609,794
"Christopher Reiter, badge #5938",Minneapolis Police Department,https://d3n8a8pro7vhmx.cloudfront.net/cuapb/pages/270/attachments/original/1614178609/Disorderly_conduct__in_its_zeal_to_bust_drug_dealers_and_prostitutes__a_Minneapolis_Police_unit_crosses_the_line___MinnPost.pdf?1614178609,794
"Bryce Robinson, badge #6062",Minneapolis Police Department,https://d3n8a8pro7vhmx.cloudfront.net/cuapb/pages/270/attachments/original/1614178609/Disorderly_conduct__in_its_zeal_to_bust_drug_dealers_and_prostitutes__a_Minneapolis_Police_unit_crosses_the_line___MinnPost.pdf?1614178609,794
"Robert J. Kroll, badge #3874",Minneapolis Police Department,https://d3n8a8pro7vhmx.cloudfront.net/cuapb/pages/270/attachments/original/1597995866/Goyette_v_Minneapolis.pdf?1597995866,795
"Illya Kuznetsov, badge #3911",Minneapolis Police Department,https://d3n8a8pro7vhmx.cloudfront.net/cuapb/pages/270/attachments/original/1606188077/Illya_Kuznedtsov_Article.pdf?1606188077,796
"Robert J. Kroll, badge #3874",Minneapolis Police Department,https://d3n8a8pro7vhmx.cloudfront.net/cuapb/pages/270/attachments/original/1597995883/Levy_Armstrong_v_Minneapolis.pdf?1597995883,797
"Robert J. Kroll, badge #3874",Minneapolis Police Department,https://d3n8a8pro7vhmx.cloudfront.net/cuapb/pages/270/attachments/original/1596604323/04-2153_Kroll_and_Krueger_Pt_2.pdf?1596604323,798
"Wallace M. Krueger, badge #3883",Minneapolis Police Department,https://d3n8a8pro7vhmx.cloudfront.net/cuapb/pages/270/attachments/original/1596604323/04-2153_Kroll_and_Krueger_Pt_2.pdf?1596604323,798
"Robert J. Kroll, badge #3874",Minneapolis Police Department,https://d3n8a8pro7vhmx.cloudfront.net/cuapb/pages/270/attachments/original/1596604344/04-2153_Kroll_and_Krueger_Pt_3.pdf?1596604344,799
"Wallace M. Krueger, badge #3883",Minneapolis Police Department,https://d3n8a8pro7vhmx.cloudfront.net/cuapb/pages/270/attachments/original/1596604344/04-2153_Kroll_and_Krueger_Pt_3.pdf?1596604344,799
"Robert J. Kroll, badge #3874",Minneapolis Police Department,https://d3n8a8pro7vhmx.cloudfront.net/cuapb/pages/270/attachments/original/1596604298/04-2153_Kroll_and_Krueger_Pt_1.pdf?1596604298,800
"Wallace M. Krueger, badge #3883",Minneapolis Police Department,https://d3n8a8pro7vhmx.cloudfront.net/cuapb/pages/270/attachments/original/1596604298/04-2153_Kroll_and_Krueger_Pt_1.pdf?1596604298,800
"Cara Lange, badge #None",Hennepin County Sheriff's Department,https://assets.nationbuilder.com/cuapb/pages/1473/attachments/original/1671254299/20211214_Lange.pdf?1671254299,801
"David S. Langfellow, badge #382250",St. Paul Police Department,https://d3n8a8pro7vhmx.cloudfront.net/cuapb/pages/270/attachments/original/1618091706/St._Paul_activist_to_sue_city_over_police_raid_before_RNC_-_StarTribune.com.pdf?1618091706,802
"Christopher Lange, badge #3958",Minneapolis Police Department,https://assets.nationbuilder.com/cuapb/pages/1608/attachments/original/1753998803/21-11086_Christopher_Lange.pdf?1753998803,803
"Paul J. Kuntz, badge #374700",St. Paul Police Department,https://d3n8a8pro7vhmx.cloudfront.net/cuapb/pages/270/attachments/original/1616268830/2019_New_St._Paul_police_union_president_takes_over.pdf?1616268830,804
"Robert J. Kroll, badge #3874",Minneapolis Police Department,https://d3n8a8pro7vhmx.cloudfront.net/cuapb/pages/270/attachments/original/1596604408/04-2153_Kroll_and_Krueger_Pt_6.pdf?1596604408,805
"Wallace M. Krueger, badge #3883",Minneapolis Police Department,https://d3n8a8pro7vhmx.cloudfront.net/cuapb/pages/270/attachments/original/1596604408/04-2153_Kroll_and_Krueger_Pt_6.pdf?1596604408,805
"Robert J. Kroll, badge #3874",Minneapolis Police Department,https://d3n8a8pro7vhmx.cloudfront.net/cuapb/pages/270/attachments/original/1596604391/04-2153_Kroll_and_Krueger_Pt_5.pdf?1596604391,806
"Wallace M. Krueger, badge #3883",Minneapolis Police Department,https://d3n8a8pro7vhmx.cloudfront.net/cuapb/pages/270/attachments/original/1596604391/04-2153_Kroll_and_Krueger_Pt_5.pdf?1596604391,806
"Ross Lapp, badge #3961",Minneapolis Police Department,https://d3n8a8pro7vhmx.cloudfront.net/cuapb/pages/1462/attachments/original/1638637578/RCA-2021-01216_-_Legal_settlement_Workers'_Compensation_claim_of_Ross_Lapp.pdf?1638637578,807
"Robert J. Kroll, badge #3874",Minneapolis Police Department,https://d3n8a8pro7vhmx.cloudfront.net/cuapb/pages/270/attachments/original/1596604368/04-2153_Kroll_and_Krueger_Pt_4.pdf?1596604368,808
"Wallace M. Krueger, badge #3883",Minneapolis Police Department,https://d3n8a8pro7vhmx.cloudfront.net/cuapb/pages/270/attachments/original/1596604368/04-2153_Kroll_and_Krueger_Pt_4.pdf?1596604368,808
"David S. Langfellow, badge #382250",St. Paul Police Department,https://d3n8a8pro7vhmx.cloudfront.net/cuapb/pages/270/attachments/original/1618091572/Peter_P_Bydzovsky.pdf?1618091572,809
"Todd L. Lappegaard, badge #3968",Minneapolis Police Department,https://d3n8a8pro7vhmx.cloudfront.net/cuapb/pages/270/attachments/original/1625926160/601020978_Lappegard_Rpt_tcm19-163337.pdf?1625926160,810
"David W. Larson, badge #None",,https://assets.nationbuilder.com/cuapb/pages/1472/attachments/original/1670223862/Larson_David-20-050-12010.pdf?1670223862,811
"Thomas M. Lardy, badge #3975",Minneapolis Police Department,https://assets.nationbuilder.com/cuapb/pages/1462/attachments/original/1647659321/RCA-2022-00166_-_Legal_Settlement_Workers'_Compensation_claim_of_Thomas_Lardy.pdf?1647659321,812
"Michael Lardy, badge #3974",Minneapolis Police Department,https://d3n8a8pro7vhmx.cloudfront.net/cuapb/pages/270/attachments/original/1613597722/Chauvin_Shooting_Article.pdf?1613597722,813
"Marvin A. Schumer, badge #6401",Minneapolis Police Department,https://d3n8a8pro7vhmx.cloudfront.net/cuapb/pages/270/attachments/original/1613597722/Chauvin_Shooting_Article.pdf?1613597722,813
"Todd L. Lappegaard, badge #3968",Minneapolis Police Department,https://d3n8a8pro7vhmx.cloudfront.net/cuapb/pages/270/attachments/original/1625925910/Fmr._Cop_Won%E2%80%99t_Get_Job_Back_After_Tasering_Incident_%E2%80%93_WCCO___CBS_Minnesota.pdf?1625925910,814
"Vyacheslav Lasey, badge #None",Hennepin County Sheriff's Department,https://assets.nationbuilder.com/cuapb/pages/1473/attachments/original/1671254300/20211214_Lasey.pdf?1671254300,815
"Michael Lardy, badge #3974",Minneapolis Police Department,https://d3n8a8pro7vhmx.cloudfront.net/cuapb/pages/270/attachments/original/1626292104/27_Apr_1993__Page_1_-_Star_Tribune_at_Newspapers.com-merged.pdf?1626292104,816
"Marvin A. Schumer, badge #6401",Minneapolis Police Department,https://d3n8a8pro7vhmx.cloudfront.net/cuapb/pages/270/attachments/original/1626292104/27_Apr_1993__Page_1_-_Star_Tribune_at_Newspapers.com-merged.pdf?1626292104,816
"Michael Lardy, badge #3974",Minneapolis Police Department,https://d3n8a8pro7vhmx.cloudfront.net/cuapb/pages/270/attachments/original/1626293212/13_Jun_1993__Page_23_-_Star_Tribune_at_Newspapers.com-merged.pdf?1626293212,817
"Marvin A. Schumer, badge #6401",Minneapolis Police Department,https://d3n8a8pro7vhmx.cloudfront.net/cuapb/pages/270/attachments/original/1626293212/13_Jun_1993__Page_23_-_Star_Tribune_at_Newspapers.com-merged.pdf?1626293212,817
"Michael Lardy, badge #3974",Minneapolis Police Department,https://d3n8a8pro7vhmx.cloudfront.net/cuapb/pages/270/attachments/original/1626294521/02_Jan_1994__Page_21_-_Star_Tribune_at_Newspapers.com-merged.pdf?1626294521,818
"Marvin A. Schumer, badge #6401",Minneapolis Police Department,https://d3n8a8pro7vhmx.cloudfront.net/cuapb/pages/270/attachments/original/1626294521/02_Jan_1994__Page_21_-_Star_Tribune_at_Newspapers.com-merged.pdf?1626294521,818
"Michael Lardy, badge #3974",Minneapolis Police Department,https://d3n8a8pro7vhmx.cloudfront.net/cuapb/pages/270/attachments/original/1626293838/27_May_1994__Page_1_-_Star_Tribune_at_Newspapers.com-merged.pdf?1626293838,819
"Marvin A. Schumer, badge #6401",Minneapolis Police Department,https://d3n8a8pro7vhmx.cloudfront.net/cuapb/pages/270/attachments/original/1626293838/27_May_1994__Page_1_-_Star_Tribune_at_Newspapers.com-merged.pdf?1626293838,819
"Michael Lardy, badge #3974",Minneapolis Police Department,https://d3n8a8pro7vhmx.cloudfront.net/cuapb/pages/270/attachments/original/1626294964/Star_Tribune_Thu__Jul_13__1995_-merged.pdf?1626294964,820
"Marvin A. Schumer, badge #6401",Minneapolis Police Department,https://d3n8a8pro7vhmx.cloudfront.net/cuapb/pages/270/attachments/original/1626294964/Star_Tribune_Thu__Jul_13__1995_-merged.pdf?1626294964,820
"Joseph Klimmek, badge #3735",Minneapolis Police Department,https://d3n8a8pro7vhmx.cloudfront.net/cuapb/pages/1461/attachments/original/1638148320/14-05557_Klimmek_Part_1.pdf?1638148320,821
"Michael Lardy, badge #3974",Minneapolis Police Department,https://d3n8a8pro7vhmx.cloudfront.net/cuapb/pages/270/attachments/original/1626292918/05_Jun_1993__Page_1_-_Star_Tribune_at_Newspapers.com-merged.pdf?1626292918,822
"Marvin A. Schumer, badge #6401",Minneapolis Police Department,https://d3n8a8pro7vhmx.cloudfront.net/cuapb/pages/270/attachments/original/1626292918/05_Jun_1993__Page_1_-_Star_Tribune_at_Newspapers.com-merged.pdf?1626292918,822
"Steven Lecy, badge #4057",Minneapolis Police Department,https://d3n8a8pro7vhmx.cloudfront.net/cuapb/pages/270/attachments/original/1615830405/2015_3_prostitution_cases_dismissed_over_behavior_by_Minneapolis_officers.pdf?1615830405,823
"Abubakar Muridi, badge #4896",Minneapolis Police Department,https://d3n8a8pro7vhmx.cloudfront.net/cuapb/pages/270/attachments/original/1615830405/2015_3_prostitution_cases_dismissed_over_behavior_by_Minneapolis_officers.pdf?1615830405,823
"Christopher Reiter, badge #5938",Minneapolis Police Department,https://d3n8a8pro7vhmx.cloudfront.net/cuapb/pages/270/attachments/original/1615830405/2015_3_prostitution_cases_dismissed_over_behavior_by_Minneapolis_officers.pdf?1615830405,823
"Blayne Lehner, badge #4073",Minneapolis Police Department,https://d3n8a8pro7vhmx.cloudfront.net/cuapb/pages/270/attachments/original/1614137885/Document_27_Settlement_Conference_%281%29.pdf?1614137885,824
"Cory Lee, badge #536",Hennepin County Sheriff's Department,https://assets.nationbuilder.com/cuapb/pages/1473/attachments/original/1671254301/20211214_Lee.pdf?1671254301,825
"Blayne Lehner, badge #4073",Minneapolis Police Department,https://d3n8a8pro7vhmx.cloudfront.net/cuapb/pages/270/attachments/original/1614138451/Document_29_Order_of_Dismissal.pdf?1614138451,826
"Blayne Lehner, badge #4073",Minneapolis Police Department,https://d3n8a8pro7vhmx.cloudfront.net/cuapb/pages/270/attachments/original/1614280412/Minneapolis_police_officer_fired_for_unspecified_misconduct_-_StarTribune.com.pdf?1614280412,827
"Roderick Weber, badge #7612",Minneapolis Police Department,https://d3n8a8pro7vhmx.cloudfront.net/cuapb/pages/270/attachments/original/1614280412/Minneapolis_police_officer_fired_for_unspecified_misconduct_-_StarTribune.com.pdf?1614280412,827
"Blayne Lehner, badge #4073",Minneapolis Police Department,https://d3n8a8pro7vhmx.cloudfront.net/cuapb/pages/270/attachments/original/1614281997/Mpls._won't_defend_officer_in_force_lawsuit_-_StarTribune.com.pdf?1614281997,828
"Blayne Lehner, badge #4073",Minneapolis Police Department,https://d3n8a8pro7vhmx.cloudfront.net/cuapb/pages/270/attachments/original/1614137259/2016BlayneLeynerDenialofIndemnification.pdf?1614137259,829
"Steven Lecy, badge #4057",Minneapolis Police Department,https://d3n8a8pro7vhmx.cloudfront.net/cuapb/pages/270/attachments/original/1615829983/2015Lecy_Minneapolis_cop_at_center_of_prostitution_sting.pdf?1615829983,830
"Blayne Lehner, badge #4073",Minneapolis Police Department,https://d3n8a8pro7vhmx.cloudfront.net/cuapb/pages/270/attachments/original/1614138191/Document_28_Stipulation_of_Dismissal_Against_City.pdf?1614138191,831
"Robert J. Kroll, badge #3874",Minneapolis Police Department,https://d3n8a8pro7vhmx.cloudfront.net/cuapb/pages/270/attachments/original/1596604438/04-2153_Kroll_and_Krueger_Pt_7.pdf?1596604438,832
"Wallace M. Krueger, badge #3883",Minneapolis Police Department,https://d3n8a8pro7vhmx.cloudfront.net/cuapb/pages/270/attachments/original/1596604438/04-2153_Kroll_and_Krueger_Pt_7.pdf?1596604438,832
"Blayne Lehner, badge #4073",Minneapolis Police Department,https://d3n8a8pro7vhmx.cloudfront.net/cuapb/pages/270/attachments/original/1630117973/Lehner_Arbitration_2019.pdf?1630117973,833
"Joseph Klimmek, badge #3735",Minneapolis Police Department,https://d3n8a8pro7vhmx.cloudfront.net/cuapb/pages/1461/attachments/original/1638148305/14-05557_Klimmek_Part_2.pdf?1638148305,834
"Blayne Lehner, badge #4073",Minneapolis Police Department,https://d3n8a8pro7vhmx.cloudfront.net/cuapb/pages/1461/attachments/original/1638151971/13-31395_Lehner_Part_2.pdf?1638151971,835
"Ryan Lettner, badge #None",Chatfield Police Department,https://assets.nationbuilder.com/cuapb/pages/1472/attachments/original/1670225242/Lettner_Ryan-09-001-16441.pdf?1670225242,836
"Ryan Lettner, badge #None",Chatfield Police Department,https://assets.nationbuilder.com/cuapb/pages/1472/attachments/original/1670225247/Lettner_Officer_among_those_charged_in_area_thefts_-_Post_Bulletin.pdf?1670225247,837
"Clinton J. Letch, badge #4099",Minneapolis Police Department,https://assets.nationbuilder.com/cuapb/pages/1462/attachments/original/1647659314/RCA-2022-00200_-_Legal_Settlement_Workers'_Compensation_claim_of_Clinton_Letch.pdf?1647659314,838
"Blayne Lehner, badge #4073",Minneapolis Police Department,https://d3n8a8pro7vhmx.cloudfront.net/cuapb/pages/1461/attachments/original/1638150709/13-31131_Lehner_Part_5.pdf?1638150709,839
"Ryan Lettner, badge #None",Chatfield Police Department,https://assets.nationbuilder.com/cuapb/pages/1472/attachments/original/1670225244/Lettner_2007_Conviction_Register_of_Actions.pdf?1670225244,840
"Ryan Lettner, badge #None",Chatfield Police Department,https://assets.nationbuilder.com/cuapb/pages/1472/attachments/original/1670225240/Lettner_Criminal_History.pdf?1670225240,841
"Ryan Lettner, badge #None",Chatfield Police Department,https://assets.nationbuilder.com/cuapb/pages/1472/attachments/original/1670225249/Lettner_City_denies_Brothers_liquor_license_transfer_SC_Times.pdf?1670225249,842
"Blayne Lehner, badge #4073",Minneapolis Police Department,https://d3n8a8pro7vhmx.cloudfront.net/cuapb/pages/1461/attachments/original/1638150728/13-31131_Lehner_Part_2.pdf?1638150728,843
"David Lewandowski, badge #615",Hennepin County Sheriff's Department,https://assets.nationbuilder.com/cuapb/pages/1473/attachments/original/1671254315/20220126_Lewandowski.pdf?1671254315,844
"Blayne Lehner, badge #4073",Minneapolis Police Department,https://d3n8a8pro7vhmx.cloudfront.net/cuapb/pages/1461/attachments/original/1638150704/13-31131_Lehner_Part_4.pdf?1638150704,845
"Blayne Lehner, badge #4073",Minneapolis Police Department,https://d3n8a8pro7vhmx.cloudfront.net/cuapb/pages/270/attachments/original/1638779892/OPCR_15-16258_Lehner_Part_1.pdf?1638779892,846
"Adam Lewis, badge #4102",Minneapolis Police Department,https://d3n8a8pro7vhmx.cloudfront.net/cuapb/pages/270/attachments/original/1625933766/Pregnant_Woman_Tased__Minneapolis_Police_Investigating_Reports_Of_Taser_Use_On_Latrice_Trotter__VIDEO_.pdf?1625933766,847
"Michael Williams, badge #7775",Minneapolis Police Department,https://d3n8a8pro7vhmx.cloudfront.net/cuapb/pages/270/attachments/original/1625933766/Pregnant_Woman_Tased__Minneapolis_Police_Investigating_Reports_Of_Taser_Use_On_Latrice_Trotter__VIDEO_.pdf?1625933766,847
"Tyler Liebfried, badge #None",Duluth Police Department,https://d3n8a8pro7vhmx.cloudfront.net/cuapb/pages/270/attachments/original/1624057825/Duluth_no_longer_paying_officer_charged_in_shooting_Tyler_Liebfried.pdf?1624057825,848
"Renee Lewis, badge #4105",Minneapolis Police Department,https://d3n8a8pro7vhmx.cloudfront.net/cuapb/pages/1461/attachments/original/1638152906/13-31535_Lewis_Part_2.pdf?1638152906,849
"Travis Lindberg, badge #None",Babbitt Police Department,https://assets.nationbuilder.com/cuapb/pages/1472/attachments/original/1670226646/Lindberg_Travis-12-001-19308.pdf?1670226646,850
"Renee Lewis, badge #4105",Minneapolis Police Department,https://d3n8a8pro7vhmx.cloudfront.net/cuapb/pages/1461/attachments/original/1638152893/13-31535_Lewis_Part_4.pdf?1638152893,851
"Blayne Lehner, badge #4073",Minneapolis Police Department,https://d3n8a8pro7vhmx.cloudfront.net/cuapb/pages/1461/attachments/original/1638150697/13-31131_Lehner_Part_3.pdf?1638150697,852
"Doug Leiter, badge #4074",Minneapolis Police Department,https://d3n8a8pro7vhmx.cloudfront.net/cuapb/pages/270/attachments/original/1615924343/1999_Leiter_crash.pdf?1615924343,853
"Matthew Lindquist, badge #4169",Minneapolis Police Department,https://d3n8a8pro7vhmx.cloudfront.net/cuapb/pages/270/attachments/original/1625952191/Minneapolis_man_files_federal_lawsuit_against_police_officers_who_stopped_him_from_filming_crime_scene_-_StarTribune.com.pdf?1625952191,854
"Travis Lindberg, badge #None",Babbitt Police Department,https://assets.nationbuilder.com/cuapb/pages/1472/attachments/original/1670226649/Lindberg_Part-time_Babbitt_police_officer_charged_with_felony_domestic_assault_of_his_girlfriend_News_mesabitribune.com.pdf?1670226649,855
"Travis Lindberg, badge #None",Babbitt Police Department,https://assets.nationbuilder.com/cuapb/pages/1472/attachments/original/1670226644/Lindberg_Conviction_Register_of_Actions.pdf?1670226644,856
"Richard Lillard, badge #4151",Minneapolis Police Department,https://assets.nationbuilder.com/cuapb/pages/1509/attachments/original/1753848004/18-16927_Richard_Lillard.pdf?1753848004,857
"Blayne Lehner, badge #4073",Minneapolis Police Department,https://d3n8a8pro7vhmx.cloudfront.net/cuapb/pages/1461/attachments/original/1638150714/13-31131_Lehner_Part_6.pdf?1638150714,858
"Travis Lindberg, badge #None",Babbitt Police Department,https://assets.nationbuilder.com/cuapb/pages/1472/attachments/original/1670226654/Lindber_Carlton_man__a_former_cop__sentenced_for_strangulation_assault_of_girlfriend_-_Duluth_News_Tribune.pdf?1670226654,859
"Blayne Lehner, badge #4073",Minneapolis Police Department,https://d3n8a8pro7vhmx.cloudfront.net/cuapb/pages/1461/attachments/original/1638151220/13-31233_Lehner_Part_4.pdf?1638151220,860
"Alan Liotta, badge #4196",Minneapolis Police Department,https://d3n8a8pro7vhmx.cloudfront.net/cuapb/pages/1462/attachments/original/1638637596/RCA-2021-01005_-_Legal_Settlement_Workers'_Compensation_claim_of_Alan_Liotta.pdf?1638637596,861
"Wendy Liotta (Berg), badge #491",Minneapolis Police Department,https://d3n8a8pro7vhmx.cloudfront.net/cuapb/pages/1462/attachments/original/1638637595/RCA-2021-01003_-_Legal_Settlement_Workers'_Compensation_claim_of_Wendy_Liotta.pdf?1638637595,862
"Matthew Lisic, badge #None",Wright County Sheriffs Office,https://assets.nationbuilder.com/cuapb/pages/1472/attachments/original/1755298532/Lisic_A_Pattern_of_Questionable_Stops.pdf?1755298532,863
"Matthew Lisic, badge #None",Wright County Sheriffs Office,https://assets.nationbuilder.com/cuapb/pages/1472/attachments/original/1755299520/Lisic_Felony_DUI_Arrest_Dismissed_After_Lab_Test_Finds_No_Drugs.pdf?1755299520,864
"Matthew Lisic, badge #None",Wright County Sheriffs Office,https://assets.nationbuilder.com/cuapb/pages/1472/attachments/original/1755299125/Lisic_Questionable_Marijuana_Odor_Stop_Expansion.pdf?1755299125,865
"Vladimir Litvinov, badge #622",Hennepin County Sheriff's Department,https://assets.nationbuilder.com/cuapb/pages/1473/attachments/original/1671254234/20220401_Litvinov.pdf?1671254234,866
"Steven J. Loeding, badge #4219",Minneapolis Police Department,https://d3n8a8pro7vhmx.cloudfront.net/cuapb/pages/270/attachments/original/1626748591/Minneapolis_cop_says_he_threatened_Somali_over_flag__department_starts_internal_probe_%E2%80%93_Twin_Cities.pdf?1626748591,867
"Jill Loonsfoot, badge #4883",Minneapolis Police Department,https://d3n8a8pro7vhmx.cloudfront.net/cuapb/pages/1462/attachments/original/1638637597/RCA-2021-01009_-_Legal_Settlement_Workers'_Compensation_claim_of_Jill_Loonsfoot.pdf?1638637597,868
"James J. Lopez, badge #4236",Minneapolis Police Department,https://d3n8a8pro7vhmx.cloudfront.net/cuapb/pages/1462/attachments/original/1638637609/RCA-2021-01202_-_Legal_settlement_Workers'_Compensation_claim_of_James_Lopez.pdf?1638637609,869
"Toula Lor, badge #4240",Minneapolis Police Department,https://assets.nationbuilder.com/cuapb/pages/1608/attachments/original/1753998777/21-01705_Toula_Lor.pdf?1753998777,870
"Blayne Lehner, badge #4073",Minneapolis Police Department,https://d3n8a8pro7vhmx.cloudfront.net/cuapb/pages/1461/attachments/original/1638151227/13-31233_Lehner_Part_1.pdf?1638151227,871
"Joseph Klimmek, badge #3735",Minneapolis Police Department,https://d3n8a8pro7vhmx.cloudfront.net/cuapb/pages/1461/attachments/original/1638148313/14-05557_Klimmek_Part_3.pdf?1638148313,872
"Robert G. Luna, badge #412950",St. Paul Police Department,https://d3n8a8pro7vhmx.cloudfront.net/cuapb/pages/270/attachments/original/1631803233/2020-Robert_Luna-_City_of_St._Paul.pdf?1631803233,873
"Kimberly Lund Voss, badge #4260",Minneapolis Police Department,https://d3n8a8pro7vhmx.cloudfront.net/cuapb/pages/270/attachments/original/1616343549/2020_Lund-Voss_Minneapolis_police_commander_demoted.pdf?1616343549,874
"Blayne Lehner, badge #4073",Minneapolis Police Department,https://d3n8a8pro7vhmx.cloudfront.net/cuapb/pages/1461/attachments/original/1638151233/13-31233_Lehner_Part_2.pdf?1638151233,875
"Erik K. Lukes, badge #4259",Minneapolis Police Department,https://d3n8a8pro7vhmx.cloudfront.net/cuapb/pages/1461/attachments/original/1638153689/14-14903_Lukes.pdf?1638153689,876
"Renee Lewis, badge #4105",Minneapolis Police Department,https://d3n8a8pro7vhmx.cloudfront.net/cuapb/pages/1461/attachments/original/1638152887/13-31535_Lewis_Part_3.pdf?1638152887,877
"Erik K. Lukes, badge #4259",Minneapolis Police Department,https://d3n8a8pro7vhmx.cloudfront.net/cuapb/pages/1461/attachments/original/1638153543/13-31644_Lukes_Part_1.pdf?1638153543,878
"Erik K. Lukes, badge #4259",Minneapolis Police Department,https://d3n8a8pro7vhmx.cloudfront.net/cuapb/pages/1461/attachments/original/1638153535/13-31644_Lukes_Part_2.pdf?1638153535,879
"Blayne Lehner, badge #4073",Minneapolis Police Department,https://d3n8a8pro7vhmx.cloudfront.net/cuapb/pages/1461/attachments/original/1638151213/13-31233_Lehner_Part_3.pdf?1638151213,880
"Oscar Macias, badge #4319",Minneapolis Police Department,https://d3n8a8pro7vhmx.cloudfront.net/cuapb/pages/270/attachments/original/1638294960/Second_Minneapolis_officer_disciplined_for_conduct_during_civil_unrest.pdf?1638294960,881
"Trent W. MacDonald, badge #None",Maple Grove Police Department,https://assets.nationbuilder.com/cuapb/pages/1472/attachments/original/1670301991/MacDonald_Conviction_Register_of_Actions.pdf?1670301991,882
"Thomas Mack, badge #4315",Minneapolis Police Department,https://d3n8a8pro7vhmx.cloudfront.net/cuapb/pages/270/attachments/original/1625958065/April_8__Questions_remain_after_fatal_police_chase_in_Minneapolis_-_StarTribune.com.pdf?1625958065,883
"Jonathan Petron, badge #5671",Minneapolis Police Department,https://d3n8a8pro7vhmx.cloudfront.net/cuapb/pages/270/attachments/original/1625958065/April_8__Questions_remain_after_fatal_police_chase_in_Minneapolis_-_StarTribune.com.pdf?1625958065,883
"Eric Shogren, badge #6521",Minneapolis Police Department,https://d3n8a8pro7vhmx.cloudfront.net/cuapb/pages/270/attachments/original/1625958065/April_8__Questions_remain_after_fatal_police_chase_in_Minneapolis_-_StarTribune.com.pdf?1625958065,883
"Blayne Lehner, badge #4073",Minneapolis Police Department,https://d3n8a8pro7vhmx.cloudfront.net/cuapb/pages/1461/attachments/original/1638151979/13-31395_Lehner_Part_1.pdf?1638151979,884
"Oscar Macias, badge #4319",Minneapolis Police Department,https://assets.nationbuilder.com/cuapb/pages/1608/attachments/original/1753998698/20-08247_Oscar_Macias.pdf?1753998698,885
"Blayne Lehner, badge #4073",Minneapolis Police Department,https://d3n8a8pro7vhmx.cloudfront.net/cuapb/pages/1461/attachments/original/1638151609/13-31237_Lehner_Part_1.pdf?1638151609,886
"Rebecca Madich (Novak Quehl), badge #5867",Minneapolis Police Department,https://assets.nationbuilder.com/cuapb/pages/1608/attachments/original/1753998675/20-05313_Rebecca_Madich.pdf?1753998675,887
"Theodore B. Mackintosh, badge #428000",St. Paul Police Department,https://d3n8a8pro7vhmx.cloudfront.net/cuapb/pages/270/attachments/original/1626490716/Man_fatally_shot_by_St._Paul_police_is_identified.pdf?1626490716,888
"Jeffrey C. Thissen, badge #679500",St. Paul Police Department,https://d3n8a8pro7vhmx.cloudfront.net/cuapb/pages/270/attachments/original/1626490716/Man_fatally_shot_by_St._Paul_police_is_identified.pdf?1626490716,888
"Michael Manley, badge #4385",Minneapolis Police Department,https://d3n8a8pro7vhmx.cloudfront.net/cuapb/pages/1462/attachments/original/1638637599/RCA-2021-01070_-_Legal_settlement_Workers'_Compensation_claim_of_Michael_Manley.pdf?1638637599,889
"Anthony Maisano, badge #4361",Minneapolis Police Department,https://assets.nationbuilder.com/cuapb/pages/1608/attachments/original/1753998682/20-06278_Anthony_Maisano.pdf?1753998682,890
"Renee Lewis, badge #4105",Minneapolis Police Department,https://d3n8a8pro7vhmx.cloudfront.net/cuapb/pages/1461/attachments/original/1638152900/13-31535_Lewis_Part_1.pdf?1638152900,891
"Jason P. Marino, badge #None",Maplewood Police Department,https://assets.nationbuilder.com/cuapb/pages/1472/attachments/original/1670302598/Marino_Conviction_Register_of_Actions.pdf?1670302598,892
"Scott Mars, badge #4411",Minneapolis Police Department,https://assets.nationbuilder.com/cuapb/pages/1472/attachments/original/1670303954/Mars_Weapon_Conviction_Register_of_Actions.pdf?1670303954,893
"Scott Mars, badge #4411",Minneapolis Police Department,https://assets.nationbuilder.com/cuapb/pages/1472/attachments/original/1670303940/Mars_Criminal_History.pdf?1670303940,894
"Anthony Marr, badge #None",Adams Police Department,https://assets.nationbuilder.com/cuapb/pages/1472/attachments/original/1670302984/Marr_Anthony-18-004-24302.pdf?1670302984,895
"Scott Mars, badge #4411",Minneapolis Police Department,https://assets.nationbuilder.com/cuapb/pages/1472/attachments/original/1670302984/Marr_Anthony-18-004-24302.pdf?1670302984,895
"Jason P. Marino, badge #None",Maplewood Police Department,https://assets.nationbuilder.com/cuapb/pages/1472/attachments/original/1670302443/Marino_Maplewood___Cop_gets_job_back_despite_conviction_%E2%80%93_Twin_Cities.pdf?1670302443,896
"Anthony Maisano, badge #4361",Minneapolis Police Department,https://assets.nationbuilder.com/cuapb/pages/1608/attachments/original/1753998716/20-11713_Anthony_Maisano.pdf?1753998716,897
"Jeffrey Masek, badge #None",Hennepin County Sheriff's Department,https://assets.nationbuilder.com/cuapb/pages/1472/attachments/original/1670305398/Masek_Jeffery-19-006-17684.pdf?1670305398,898
"Scott Mars, badge #4411",Minneapolis Police Department,https://assets.nationbuilder.com/cuapb/pages/1472/attachments/original/1670303946/Mars_Two_former_Minneapolis_cops_sentenced_to_home_monitoring_for_firing_guns_during_a_party_%E2%80%93_Twin_Cities.pdf?1670303946,899
"Jeffrey Masek, badge #None",Hennepin County Sheriff's Department,https://assets.nationbuilder.com/cuapb/pages/1472/attachments/original/1670306077/Masek_Hennepin_Co_Deputy_Charged_with_Child_Sex_Crimes_%28KARE%29.pdf?1670306077,900
"Scott Mars, badge #4411",Minneapolis Police Department,https://assets.nationbuilder.com/cuapb/pages/1472/attachments/original/1670303949/Mars_Mother_of_teen_killed_by_police_in_2004_sues_Minneapolis.pdf?1670303949,901
"Chad Martin, badge #4412",Minneapolis Police Department,https://d3n8a8pro7vhmx.cloudfront.net/cuapb/pages/1462/attachments/original/1638637605/RCA-2021-01089_-_Legal_settlement_Workers'_Compensation_claim_of_Chad_Martin.pdf?1638637605,902
"Oscar Martinez-Gavina, badge #4436",Minneapolis Police Department,https://d3n8a8pro7vhmx.cloudfront.net/cuapb/pages/1462/attachments/original/1638637601/RCA-2021-01077_-_Legal_settlement_Workers'_Compensation_claim_of_Oscar_Martinez-Gavina.pdf?1638637601,903
"Jeffrey Masek, badge #None",Hennepin County Sheriff's Department,https://assets.nationbuilder.com/cuapb/pages/1472/attachments/original/1670306079/Masek_Former_deputy_caught_in_sex_sting_sentenced.pdf?1670306079,904
"Michael Manley, badge #4385",Minneapolis Police Department,https://assets.nationbuilder.com/cuapb/pages/1509/attachments/original/1753852627/18-14316_Michael_Manley-Investigatory_Report_1.pdf?1753852627,905
"David Mathes, badge #4439",Minneapolis Police Department,https://d3n8a8pro7vhmx.cloudfront.net/cuapb/pages/1462/attachments/original/1638637584/RCA-2021-00428_-_Legal_Settlement_Workers'_Compensation_claim_of_David_Mathes.pdf?1638637584,906
"Trevon Mattson, badge #None",Staples Police Department,https://assets.nationbuilder.com/cuapb/pages/1472/attachments/original/1754274562/Travon_Mattson_Arrest.pdf?1754274562,907
"Blayne Lehner, badge #4073",Minneapolis Police Department,https://d3n8a8pro7vhmx.cloudfront.net/cuapb/pages/1461/attachments/original/1638151617/13-31237_Lehner_Part_2.pdf?1638151617,908
"Eric Madson, badge #4328",Minneapolis Police Department,https://d3n8a8pro7vhmx.cloudfront.net/cuapb/pages/1461/attachments/original/1638329201/14-08721_Madson_Part_1.pdf?1638329201,909
"Luke McClellan, badge #None",Cottage Grove Police Department,https://assets.nationbuilder.com/cuapb/pages/1472/attachments/original/1670337800/McClellan_Luke-02-003-7203.pdf?1670337800,910
"Daniel McDonald, badge #4558",Minneapolis Police Department,https://d3n8a8pro7vhmx.cloudfront.net/cuapb/pages/1462/attachments/original/1638637605/RCA-2021-01192_-_Legal_settlement_Workers'_Compensation_claim_of_Daniel_McDonald.pdf?1638637605,911
"Luke McClellan, badge #None",Cottage Grove Police Department,https://assets.nationbuilder.com/cuapb/pages/1472/attachments/original/1670337803/McClellan_Criminal_Conviction_Register_of_Actions.pdf?1670337803,912
"Phillip Meemken, badge #None",Stearns County Sheriff's Department,https://assets.nationbuilder.com/cuapb/pages/1472/attachments/original/1670337803/McClellan_Criminal_Conviction_Register_of_Actions.pdf?1670337803,912
"Timothy J. Mattsson, badge #4490",Minneapolis Police Department,https://www.govinfo.gov/content/pkg/USCOURTS-mnd-0_12-cv-00910/pdf/USCOURTS-mnd-0_12-cv-00910-0.pdf,913
"Daryl McKenna, badge #4623",Minneapolis Police Department,https://www.govinfo.gov/content/pkg/USCOURTS-mnd-0_12-cv-00910/pdf/USCOURTS-mnd-0_12-cv-00910-0.pdf,913
"Stephen A. McBride, badge #4517",Minneapolis Police Department,https://assets.nationbuilder.com/cuapb/pages/1608/attachments/original/1753998774/21-01705_Stephen_McBride.pdf?1753998774,914
"Timothy J. Mattsson, badge #4490",Minneapolis Police Department,https://assets.nationbuilder.com/cuapb/pages/1462/attachments/original/1647659317/RCA-2022-00093_-_Legal_settlement_Workers'_Compensation_claim_of_Timothy_Mattsson.pdf?1647659317,915
"Eric Madson, badge #4328",Minneapolis Police Department,https://d3n8a8pro7vhmx.cloudfront.net/cuapb/pages/1461/attachments/original/1638329194/14-08721_Madson_Part_2.pdf?1638329194,916
"Michael Manley, badge #4385",Minneapolis Police Department,https://assets.nationbuilder.com/cuapb/pages/1509/attachments/original/1753852633/18-14316_Michael_Manley-Investigatory_Report_2.pdf?1753852633,917
"Blayne Lehner, badge #4073",Minneapolis Police Department,https://d3n8a8pro7vhmx.cloudfront.net/cuapb/pages/1461/attachments/original/1638150723/13-31131_Lehner_Part_1.pdf?1638150723,918
"Daryl McKenna, badge #4623",Minneapolis Police Department,https://d3n8a8pro7vhmx.cloudfront.net/cuapb/pages/1462/attachments/original/1638637594/RCA-2021-00897_-_Legal_Settlement_Workers'_Compensation_claim_of_Daryl_McKenna.pdf?1638637594,919
"Eileen McNeary, badge #4649",Minneapolis Police Department,https://assets.nationbuilder.com/cuapb/pages/1462/attachments/original/1647659327/RCA-2022-00191_-_Legal_Settlement_Workers'_Compensation_claim_of_Eileen_McNeary.pdf?1647659327,920
"Rebecca Madich (Novak Quehl), badge #5867",Minneapolis Police Department,https://d3n8a8pro7vhmx.cloudfront.net/cuapb/pages/1461/attachments/original/1638332523/13-31105_Novak_Part_1.pdf?1638332523,921
"Michael Meath, badge #4686",Minneapolis Police Department,https://d3n8a8pro7vhmx.cloudfront.net/cuapb/pages/270/attachments/original/1617890735/Meath_harassment.pdf?1617890735,922
"Phillip Meemken, badge #None",Stearns County Sheriff's Department,https://assets.nationbuilder.com/cuapb/pages/1472/attachments/original/1670339542/Meemken_Phillip-13-002-12175.pdf?1670339542,923
"Sean McTaggart, badge #4657",Minneapolis Police Department,https://d3n8a8pro7vhmx.cloudfront.net/cuapb/pages/1461/attachments/original/1638329832/13-17432_McTaggart_Part_2.pdf?1638329832,924
"Sean McTaggart, badge #4657",Minneapolis Police Department,https://d3n8a8pro7vhmx.cloudfront.net/cuapb/pages/1461/attachments/original/1638329826/13-17432_McTaggart_Part_1.pdf?1638329826,925
"Michael Meath, badge #4686",Minneapolis Police Department,https://d3n8a8pro7vhmx.cloudfront.net/cuapb/pages/270/attachments/original/1617895196/USCOURTS-mnd-0_14-cv-01467-0.pdf?1617895196,926
"Lucas Peterson, badge #5630",Minneapolis Police Department,https://d3n8a8pro7vhmx.cloudfront.net/cuapb/pages/270/attachments/original/1617895196/USCOURTS-mnd-0_14-cv-01467-0.pdf?1617895196,926
"Sean McTaggart, badge #4657",Minneapolis Police Department,https://d3n8a8pro7vhmx.cloudfront.net/cuapb/pages/1461/attachments/original/1638329818/13-17432_McTaggart_Part_3.pdf?1638329818,927
"Phillip Meemken, badge #None",Stearns County Sheriff's Department,https://assets.nationbuilder.com/cuapb/pages/1472/attachments/original/1670339538/Meemken_USCOURTS-mnd-0_13-cv-00769-0.pdf?1670339538,928
"Phillip Meemken, badge #None",Stearns County Sheriff's Department,https://assets.nationbuilder.com/cuapb/pages/1472/attachments/original/1670339551/Meemken_Stearns_County_deputy_accused_of_abusing_three_teens_MPR_News.pdf?1670339551,929
"Phillip Meemken, badge #None",Stearns County Sheriff's Department,https://assets.nationbuilder.com/cuapb/pages/1472/attachments/original/1670339558/Meemken_Longtime_Stearns_County_Deputy_Gets_9_Months_Jail.pdf?1670339558,930
"Phillip Meemken, badge #None",Stearns County Sheriff's Department,https://assets.nationbuilder.com/cuapb/pages/1472/attachments/original/1670339548/Meemken_Plea_deal_for_Minnesota_deputy_accused_of_sexual_abuse.pdf?1670339548,931
"Phillip Meemken, badge #None",Stearns County Sheriff's Department,https://assets.nationbuilder.com/cuapb/pages/1472/attachments/original/1670346294/Meemken_Stearns_sheriff%E2%80%99s_sergeant_faces_new_charges_in_criminal_sexual_conduct_case_%E2%80%93_Twin_Cities.pdf?1670346294,932
"Phillip Meemken, badge #None",Stearns County Sheriff's Department,https://assets.nationbuilder.com/cuapb/pages/1472/attachments/original/1670339554/Meemken_Judge_sentences_Meemken_to_prison.pdf?1670339554,933
"Rebecca Madich (Novak Quehl), badge #5867",Minneapolis Police Department,https://d3n8a8pro7vhmx.cloudfront.net/cuapb/pages/1461/attachments/original/1638332518/13-31105_Novak_Part_2.pdf?1638332518,934
"Alberto Mendez, badge #509",Hennepin County Sheriff's Department,https://assets.nationbuilder.com/cuapb/pages/1473/attachments/original/1671254237/20220519_Mendez.pdf?1671254237,935
"Patrick V. McMahon, badge #4636",Minneapolis Police Department,https://d3n8a8pro7vhmx.cloudfront.net/cuapb/pages/270/attachments/original/1638760494/OPCR_14-13294_Stewart_Redacted_Part_7.pdf?1638760494,936
"Christopher Steward, badge #6823",Minneapolis Police Department,https://d3n8a8pro7vhmx.cloudfront.net/cuapb/pages/270/attachments/original/1638760494/OPCR_14-13294_Stewart_Redacted_Part_7.pdf?1638760494,936
"Jeffrey E. Mercill, badge #4736",Minneapolis Police Department,https://d3n8a8pro7vhmx.cloudfront.net/cuapb/pages/1462/attachments/original/1638637586/RCA-2021-00435_-_Legal_Settlement_Workers'_Compensation_claim_of_Jeffrey_Mercill.pdf?1638637586,937
"Chad Meyer, badge #4759",Minneapolis Police Department,https://d3n8a8pro7vhmx.cloudfront.net/cuapb/pages/270/attachments/original/1626307739/Police_officers_involved_in_fatal_Minneapolis_shooting_are_identified.pdf?1626307739,938
"Laurarose Turner, badge #7340",Minneapolis Police Department,https://d3n8a8pro7vhmx.cloudfront.net/cuapb/pages/270/attachments/original/1626307739/Police_officers_involved_in_fatal_Minneapolis_shooting_are_identified.pdf?1626307739,938
"Chad Meyer, badge #4759",Minneapolis Police Department,https://d3n8a8pro7vhmx.cloudfront.net/cuapb/pages/1462/attachments/original/1638637594/RCA-2021-01001_-_Legal_Settlement_Workers'_Compensation_Claim_of_Chad_Meyer.pdf?1638637594,939
"Richard G. Miller, badge #None",,https://assets.nationbuilder.com/cuapb/pages/1472/attachments/original/1670346893/Miller_Richard_Stalking_Conviction_Register_of_Actions.pdf?1670346893,940
"Anthony T. Miller, badge #None",Hastings Police Department,https://assets.nationbuilder.com/cuapb/pages/1472/attachments/original/1670345808/Miller_Anthony_pleads_guilty_to_child_pornography_Republican_Eagle.pdf?1670345808,941
"Anthony T. Miller, badge #None",Hastings Police Department,https://assets.nationbuilder.com/cuapb/pages/1472/attachments/original/1670345806/Miller_Anthony-10-013-14161.pdf?1670345806,942
"Anthony T. Miller, badge #None",Hastings Police Department,https://assets.nationbuilder.com/cuapb/pages/1472/attachments/original/1670345810/Miller_Anthony_sentenced_to_five_years_in_prison_for_child_pornography_Republican_Eagle.pdf?1670345810,943
"Davin Miller, badge #None",Stillwater Police Department,https://assets.nationbuilder.com/cuapb/pages/1472/attachments/original/1670343746/Miller_Davin-01-009-10451.pdf?1670343746,944
"Davin Miller, badge #None",Stillwater Police Department,https://assets.nationbuilder.com/cuapb/pages/1472/attachments/original/1670343749/Miller_Davin_Fired_from_Roberts_Police_Department_Republican_Eagle.pdf?1670343749,945
"Michael Meath, badge #4686",Minneapolis Police Department,https://d3n8a8pro7vhmx.cloudfront.net/cuapb/pages/270/attachments/original/1625859483/Meath_-Michael-%2817-22200%29.pdf?1625859483,946
"Davin Miller, badge #None",Stillwater Police Department,https://assets.nationbuilder.com/cuapb/pages/1472/attachments/original/1670343760/Miller_Davin_Ex-officer_charged_with_theft_from_Scouts.pdf?1670343760,947
"Davin Miller, badge #None",Stillwater Police Department,https://assets.nationbuilder.com/cuapb/pages/1472/attachments/original/1670343757/Miller_Davin_Theft_Conviction_Register_of_Actions.pdf?1670343757,948
"Jason Mindrup, badge #None",Brownsdale Police Department,https://assets.nationbuilder.com/cuapb/pages/1472/attachments/original/1670569743/Mindrup_Jason-15-017-14016.pdf?1670569743,949
"Davin Miller, badge #None",Stillwater Police Department,https://assets.nationbuilder.com/cuapb/pages/1472/attachments/original/1670343754/Miller_Davin_State_Auditor_Report.pdf?1670343754,950
"Adam Miller, badge #659",Hennepin County Sheriff's Department,https://assets.nationbuilder.com/cuapb/pages/1473/attachments/original/1671254310/20211228_Miller.pdf?1671254310,951
"Jason Mindrup, badge #None",Brownsdale Police Department,https://assets.nationbuilder.com/cuapb/pages/1472/attachments/original/1670569752/Mindrup_Southern_Minnesota_police_chief_fired_after_sex_assault_charges_-_Bring_Me_The_News.pdf?1670569752,952
"Jason Mindrup, badge #None",Brownsdale Police Department,https://assets.nationbuilder.com/cuapb/pages/1472/attachments/original/1670569746/Mindrup_Conviction_Register_of_Actions.pdf?1670569746,953
"Jason Mindrup, badge #None",Brownsdale Police Department,https://assets.nationbuilder.com/cuapb/pages/1472/attachments/original/1670569755/Mindrup_Former_Brownsdale_cop_sent_to_prison_for_sex_assault_-_Post_Bulletin.pdf?1670569755,954
"Blayne Lehner, badge #4073",Minneapolis Police Department,https://d3n8a8pro7vhmx.cloudfront.net/cuapb/pages/1461/attachments/original/1638151601/13-31237_Lehner_Part_3.pdf?1638151601,955
"Jason Mindrup, badge #None",Brownsdale Police Department,https://assets.nationbuilder.com/cuapb/pages/1472/attachments/original/1670569758/Mindrup_Former_Brownsdale_chief_gets_7.5_years_for_sexual_assault_-_Austin_Daily_Herald.pdf?1670569758,956
"Scott Mogler, badge #None",Starbuck Police Department,https://assets.nationbuilder.com/cuapb/pages/1472/attachments/original/1670571228/Mogler_Scott-05-017-14899.pdf?1670571228,957
"Scott Mogler, badge #None",Starbuck Police Department,https://assets.nationbuilder.com/cuapb/pages/1472/attachments/original/1670571236/Mogler_Court_of_Appeals_upholds_former_officer's_conviction_-_West_Central_Tribune_News.pdf?1670571236,958
"Scott Mogler, badge #None",Starbuck Police Department,https://assets.nationbuilder.com/cuapb/pages/1472/attachments/original/1670571233/State_of_Minnesota__Respondent__vs._Scott_Mogler__Appellant__A05-1037__Court_of_Appeals_Published__July_25__2006..pdf?1670571233,959
"Scott Mogler, badge #None",Starbuck Police Department,https://assets.nationbuilder.com/cuapb/pages/1472/attachments/original/1670571231/Mogler_Conviction_Register_of_Actions.pdf?1670571231,960
"Jason Mindrup, badge #None",Brownsdale Police Department,https://assets.nationbuilder.com/cuapb/pages/1472/attachments/original/1670569751/Mindrup_Jason_MN_DOC_Details.pdf?1670569751,961
"Abdirashid Mohamed, badge #None",Hennepin County Sheriff's Department,https://assets.nationbuilder.com/cuapb/pages/1473/attachments/original/1671254320/20220224_Mohamed.pdf?1671254320,962
"Jamiel Mohammad, badge #5150",Minneapolis Police Department,https://assets.nationbuilder.com/cuapb/pages/1608/attachments/original/1753998823/21-09837_Jamiel_Mohammad.pdf?1753998823,963
"Michael R. Moe, badge #0",Minneapolis Police Department,https://d3n8a8pro7vhmx.cloudfront.net/cuapb/pages/270/attachments/original/1615915196/1990MichaelRMoe.pdf?1615915196,964
"Kadra Mohamed, badge #None",St. Paul Police Department,https://d3n8a8pro7vhmx.cloudfront.net/cuapb/pages/270/attachments/original/1616267987/St._Paul's_first_female_Somali_police_officer_has_critics_and_fans_-_Los_Angeles_Times.pdf?1616267987,965
"Kadra Mohamed, badge #None",St. Paul Police Department,https://d3n8a8pro7vhmx.cloudfront.net/cuapb/pages/270/attachments/original/1616273279/First_woman_of_Somali_descent_joins_St._Paul_Police_Department_%E2%80%93_Twin_Cities.pdf?1616273279,966
"Dean A. Milner, badge #4807",Minneapolis Police Department,https://d3n8a8pro7vhmx.cloudfront.net/cuapb/pages/270/attachments/original/1596607018/05-2251_Milner.pdf?1596607018,967
"Kou Moua, badge #None",Brooklyn Center Police Department,https://d3n8a8pro7vhmx.cloudfront.net/cuapb/pages/270/attachments/original/1618250346/Officer_in_fatal_Brooklyn_Center_shooting_is_identified_-_StarTribune.com.pdf?1618250346,968
"Robert Mossman, badge #None",Wright County Sheriff's Department,https://d3n8a8pro7vhmx.cloudfront.net/cuapb/pages/270/attachments/original/1632229249/2020-Robert_Mossman_-_Wright_County_%281%29.pdf?1632229249,969
"Kou Moua, badge #None",Brooklyn Center Police Department,https://d3n8a8pro7vhmx.cloudfront.net/cuapb/pages/270/attachments/original/1618250081/Brooklyn_Center_man_shot_by_police_was_6_days_to_diploma_-_StarTribune.com.pdf?1618250081,970
"Ricardo Muro, badge #4899",Minneapolis Police Department,https://d3n8a8pro7vhmx.cloudfront.net/cuapb/pages/270/attachments/original/1625932789/USCOURTS-mnd-0_17-cv-00292-1.pdf?1625932789,971
"Ricardo Muro, badge #4899",Minneapolis Police Department,https://d3n8a8pro7vhmx.cloudfront.net/cuapb/pages/270/attachments/original/1625932189/Excessive_force_suit_filed_in_north_Minneapolis_drug_raid_-_StarTribune.com.pdf?1625932189,972
"Ricardo Muro, badge #4899",Minneapolis Police Department,https://d3n8a8pro7vhmx.cloudfront.net/cuapb/pages/270/attachments/original/1625790495/William_Walker_case_-_2011.pdf?1625790495,973
"Lucas Peterson, badge #5630",Minneapolis Police Department,https://d3n8a8pro7vhmx.cloudfront.net/cuapb/pages/270/attachments/original/1625790495/William_Walker_case_-_2011.pdf?1625790495,973
"Barbara V. Moe, badge #4826",Minneapolis Police Department,https://d3n8a8pro7vhmx.cloudfront.net/cuapb/pages/270/attachments/original/1596609832/08-2547_Moe.pdf?1596609832,974
"Brian Menne, badge #4720",Minneapolis Police Department,https://d3n8a8pro7vhmx.cloudfront.net/cuapb/pages/1461/attachments/original/1638330164/13-31034_Menne_Part_1.pdf?1638330164,975
"Brian Menne, badge #4720",Minneapolis Police Department,https://d3n8a8pro7vhmx.cloudfront.net/cuapb/pages/1461/attachments/original/1638330156/13-31034_Menne_Part_2.pdf?1638330156,976
"Patrick V. McMahon, badge #4636",Minneapolis Police Department,https://d3n8a8pro7vhmx.cloudfront.net/cuapb/pages/270/attachments/original/1638760505/OPCR_14-13294_Stewart_Redacted_Part_9.pdf?1638760505,977
"Christopher Steward, badge #6823",Minneapolis Police Department,https://d3n8a8pro7vhmx.cloudfront.net/cuapb/pages/270/attachments/original/1638760505/OPCR_14-13294_Stewart_Redacted_Part_9.pdf?1638760505,977
"Luke G. Nash, badge #None",Dodge County Sheriff's Department,https://assets.nationbuilder.com/cuapb/pages/1472/attachments/original/1670572361/Nash_Conviction_Register_of_Actions.pdf?1670572361,978
"Stacy J. Murphy (Sanborn), badge #4",St. Paul Police Department,https://assets.nationbuilder.com/cuapb/pages/270/attachments/original/1667361041/Murphy_-_Personnel_Information.pdf?1667361041,979
"Eric W. Nelson, badge #4971",Minneapolis Police Department,https://d3n8a8pro7vhmx.cloudfront.net/cuapb/pages/1462/attachments/original/1638637599/RCA-2021-01069_-_Legal_settlement_Workers'_Compensation_claim_of_Eric_Nelson.pdf?1638637599,980
"Gary R. Nelson, badge #4973",Minneapolis Police Department,https://d3n8a8pro7vhmx.cloudfront.net/cuapb/pages/1462/attachments/original/1638637595/RCA-2021-01002_-_Legal_Settlement_Workers'_Compensation_claim_of_Gary_Nelson.pdf?1638637595,981
"Anthony J. Nelson, badge #None",Trimont Police Department,https://assets.nationbuilder.com/cuapb/pages/1472/attachments/original/1670574489/Nelson_Anthony-16-010-20189.pdf?1670574489,982
"Michael Moore II, badge #4861",Minneapolis Police Department,https://d3n8a8pro7vhmx.cloudfront.net/cuapb/pages/1461/attachments/original/1638330390/16-05451_Moore.pdf?1638330390,983
"Chou Moua, badge #4897",Minneapolis Police Department,https://assets.nationbuilder.com/cuapb/pages/1509/attachments/original/1753999767/19-11139_Chou_Moua.pdf?1753999767,984
"Abubakar Muridi, badge #4896",Minneapolis Police Department,https://d3n8a8pro7vhmx.cloudfront.net/cuapb/pages/1461/attachments/original/1638330569/15-14287_Muridi_and_Reiter.pdf?1638330569,985
"Christopher Reiter, badge #5938",Minneapolis Police Department,https://d3n8a8pro7vhmx.cloudfront.net/cuapb/pages/1461/attachments/original/1638330569/15-14287_Muridi_and_Reiter.pdf?1638330569,985
"Alan K. Nielsen, badge #None",New Richmond Police Department,https://assets.nationbuilder.com/cuapb/pages/1472/attachments/original/1670746050/Nielsen_Alan_Criminal_History.pdf?1670746050,986
"Alan K. Nielsen, badge #None",New Richmond Police Department,https://assets.nationbuilder.com/cuapb/pages/1472/attachments/original/1670745735/Nielsen_Alan-09-016-15576.pdf?1670745735,987
"Alan K. Nielsen, badge #None",New Richmond Police Department,https://assets.nationbuilder.com/cuapb/pages/1472/attachments/original/1670746739/Nielsen_Alan_Ex-Cop_and_Firefighter_Charged.pdf?1670746739,988
"Luke G. Nash, badge #None",Dodge County Sheriff's Department,https://assets.nationbuilder.com/cuapb/pages/1472/attachments/original/1670572367/Nash_Luke_Nash__former_mayor__remembered_by_Mantorville_community_-_Post_Bulletin.pdf?1670572367,989
"Robert Nielsen, badge #None",Richfield Police Department,https://assets.nationbuilder.com/cuapb/pages/1472/attachments/original/1670604319/Nielsen_Robert-07-010-11766.pdf?1670604319,990
"David Nerling, badge #5082",Minneapolis Police Department,https://assets.nationbuilder.com/cuapb/pages/1608/attachments/original/1753998904/21-04943_David_Nerling.pdf?1753998904,991
"Alan K. Nielsen, badge #None",New Richmond Police Department,https://assets.nationbuilder.com/cuapb/pages/1472/attachments/original/1670746055/Nielsen_Alan_Burglary_Conviction_Register_of_Actions.pdf?1670746055,992
"Alan K. Nielsen, badge #None",New Richmond Police Department,https://assets.nationbuilder.com/cuapb/pages/1472/attachments/original/1670746059/Nielsen_Alan_Recv_Stolen_Property_Conviction_Register_of_Action.pdf?1670746059,993
"Robert Nielsen, badge #None",Richfield Police Department,https://assets.nationbuilder.com/cuapb/pages/1472/attachments/original/1670604036/Nielsen_Robert_Report_Police_detective_from_area_jailed_Shakopee_News.pdf?1670604036,994
"Robert Nielsen, badge #None",Richfield Police Department,https://assets.nationbuilder.com/cuapb/pages/1472/attachments/original/1670604025/Nielsen_Robert_Criminal_History.pdf?1670604025,995
"Duy D. Ngo, badge #5108",Minneapolis Police Department,https://d3n8a8pro7vhmx.cloudfront.net/cuapb/pages/270/attachments/original/1614279522/Minneapolis_council_settles_police_officer's_lawsuit___MPR_News.pdf?1614279522,996
"Charles L. Storlie, badge #6908",Minneapolis Police Department,https://d3n8a8pro7vhmx.cloudfront.net/cuapb/pages/270/attachments/original/1614279522/Minneapolis_council_settles_police_officer's_lawsuit___MPR_News.pdf?1614279522,996
"Robert Nielsen, badge #None",Richfield Police Department,https://assets.nationbuilder.com/cuapb/pages/1472/attachments/original/1670604028/Nielsen_Robert_Controlled_Substance_Felony_Conviction_Register_of_Actions.pdf?1670604028,997
"Robert Nielsen, badge #None",Richfield Police Department,https://assets.nationbuilder.com/cuapb/pages/1472/attachments/original/1670604031/Nielsen_Robert_Assault_Felony_Conviction_Register_of_Actions.pdf?1670604031,998
"Harold J. Nielsen, badge #None",Faribault Police Department,https://assets.nationbuilder.com/cuapb/pages/1472/attachments/original/1670574944/Nielsen_Harold-01-005-14110.pdf?1670574944,999
"Robert Nielsen, badge #None",Richfield Police Department,https://assets.nationbuilder.com/cuapb/pages/1472/attachments/original/1670604034/Nielsen_Robert_Richfield_detective_gets_2_years_in_prison_for_aiding_drug_dealer_%E2%80%93_Twin_Cities.pdf?1670604034,1000
"Robert Nielsen, badge #None",Richfield Police Department,https://assets.nationbuilder.com/cuapb/pages/1472/attachments/original/1670604474/Nielsen_Robert_Nielsen_pleads_guilty_to_helping_drug_dealer.pdf?1670604474,1001
"Harold J. Nielsen, badge #None",Faribault Police Department,https://assets.nationbuilder.com/cuapb/pages/1472/attachments/original/1670574952/Nielson_Harold_Faribault_officer_charged_with_assault__DUI_-_Post_Bulletin.pdf?1670574952,1002
"Harold J. Nielsen, badge #None",Faribault Police Department,https://assets.nationbuilder.com/cuapb/pages/1472/attachments/original/1670574947/Nielsen_Harold_Conviction_Register_of_Actions.pdf?1670574947,1003
"Mohamed Noor, badge #5159",Minneapolis Police Department,https://assets.nationbuilder.com/cuapb/pages/1472/attachments/original/1670747557/Noor_Mohamed-18-018-23327.pdf?1670747557,1004
"Michael Nelson, badge #5033",Minneapolis Police Department,https://assets.nationbuilder.com/cuapb/pages/1509/attachments/original/1753849739/19-04971_Michael_Nelson.pdf?1753849739,1005
"Garry Nordine, badge #5186",Minneapolis Police Department,https://d3n8a8pro7vhmx.cloudfront.net/cuapb/pages/1462/attachments/original/1638994128/RCA-2021-01417_-_Legal_settlement_Workers'_Compensation_claim_of_Garry_Nordine.pdf?1638994128,1006
"Peter Noll, badge #None",Lino Lakes Police Department,https://d3n8a8pro7vhmx.cloudfront.net/cuapb/pages/270/attachments/original/1632229809/2020-Peter_Noll-_Lino_Lakes.pdf?1632229809,1007
"Mohamed Noor, badge #5159",Minneapolis Police Department,https://assets.nationbuilder.com/cuapb/pages/1472/attachments/original/1670747555/Noor_Criminal_Complaint.pdf?1670747555,1008
"Mohamed Noor, badge #5159",Minneapolis Police Department,https://d3n8a8pro7vhmx.cloudfront.net/cuapb/pages/270/attachments/original/1626640146/Noor_trial__Video_captures_pain__confusion_in_shooting's_aftermath___MPR_News.pdf?1626640146,1009
"Jeffrey Newman, badge #5097",Minneapolis Police Department,https://d3n8a8pro7vhmx.cloudfront.net/cuapb/pages/270/attachments/original/1596604660/08-2565_Newman_Pt_2.pdf?1596604660,1010
"John D. Ochs, badge #5265",Minneapolis Police Department,https://assets.nationbuilder.com/cuapb/pages/1462/attachments/original/1647659315/RCA-2022-00205_-_Legal_Settlement_Workers'_Compensation_claim_of_John_Ochs.pdf?1647659315,1011
"Lucas Oachs, badge #5250",Minneapolis Police Department,https://assets.nationbuilder.com/cuapb/pages/1509/attachments/original/1753847557/18-03974_Lucas_Oachs.pdf?1753847557,1012
"John D. Ochs, badge #5265",Minneapolis Police Department,https://d3n8a8pro7vhmx.cloudfront.net/cuapb/pages/270/attachments/original/1615518957/%E2%80%98It%E2%80%99s_Torture%E2%80%99__Man_Says_Mpls._Cops_Beat_Him_For_No_Reason_%E2%80%93_WCCO___CBS_Minnesota.pdf?1615518957,1013
"Kelly J. O'Rourke, badge #5375",Minneapolis Police Department,https://d3n8a8pro7vhmx.cloudfront.net/cuapb/pages/270/attachments/original/1616271788/Ex-gang_unit_cop_says_warnings_cost_his_job_%E2%80%93_Twin_Cities.pdf?1616271788,1014
"Jason Ohotto, badge #30262",Minneapolis Park Police Department,https://d3n8a8pro7vhmx.cloudfront.net/cuapb/pages/270/attachments/original/1616347476/New_park_police_chief_had_clear_career_path.pdf?1616347476,1015
"Anthony Olsen, badge #5282",Minneapolis Police Department,https://d3n8a8pro7vhmx.cloudfront.net/cuapb/pages/1462/attachments/original/1638637578/RCA-2021-01213_-_Legal_settlement_Workers'_Compensation_claim_of_Anthony_Olsen.pdf?1638637578,1016
"Karl M. Olson, badge #5306",Minneapolis Police Department,https://d3n8a8pro7vhmx.cloudfront.net/cuapb/pages/1462/attachments/original/1638637584/RCA-2021-00430_-_Legal_Settlement_Workers'_Compensation_claim_of_Karl_Olson.pdf?1638637584,1017
"Joshua M. Olson, badge #None",Roseau County Sheriff's Department,https://assets.nationbuilder.com/cuapb/pages/1472/attachments/original/1670748602/Olson_Joshua-17-004-21498.pdf?1670748602,1018
"Paul O'Hanlon, badge #5274",Minneapolis Police Department,https://d3n8a8pro7vhmx.cloudfront.net/cuapb/pages/1461/attachments/original/1638332973/13-30309_O'Hanlon.pdf?1638332973,1019
"Joshua M. Olson, badge #None",Roseau County Sheriff's Department,https://assets.nationbuilder.com/cuapb/pages/1472/attachments/original/1670748604/Olson_Joshua_Criminal_History.pdf?1670748604,1020
"Abdiaziz Omar, badge #None",Hennepin County Sheriff's Department,https://assets.nationbuilder.com/cuapb/pages/1473/attachments/original/1671254301/20211214_Omar.pdf?1671254301,1021
"Alex Nonnemacher, badge #5157",Minneapolis Police Department,https://d3n8a8pro7vhmx.cloudfront.net/cuapb/pages/270/attachments/original/1627755768/Nonnemacher_-Alex-%2818-14315%29.pdf?1627755768,1022
"Joshua M. Olson, badge #None",Roseau County Sheriff's Department,https://assets.nationbuilder.com/cuapb/pages/1472/attachments/original/1670748611/Olson_Joshua_Fired_MN_deputy_harassed_BCA_agents_who_busted_him__charges_say_%E2%80%93_Twin_Cities.pdf?1670748611,1023
"Mark L. Osland, badge #5376",Minneapolis Police Department,https://d3n8a8pro7vhmx.cloudfront.net/cuapb/pages/270/attachments/original/1616361817/Mpls._police_detective_sues_over_alleged_retaliation__exam_cheating_-_StarTribune.com.pdf?1616361817,1024
"Joshua M. Olson, badge #None",Roseau County Sheriff's Department,https://assets.nationbuilder.com/cuapb/pages/1472/attachments/original/1670748608/Olson_Joshua_Former_Roseau_County_Sheriff's_Deputy_Sentenced.pdf?1670748608,1025
"Joshua M. Olson, badge #None",Roseau County Sheriff's Department,https://assets.nationbuilder.com/cuapb/pages/1472/attachments/original/1670748615/Olson_Joshua_Former_Minnesota_deputy_arrested_for_stalking.pdf?1670748615,1026
"William Palmer, badge #5429",Minneapolis Police Department,https://d3n8a8pro7vhmx.cloudfront.net/cuapb/pages/270/attachments/original/1617643520/Police_learn_lessons_after_shooting_of_mentally_ill_woman_10_years_ago___MPR_News.pdf?1617643520,1027
"Conor McDonough, badge #4559",Minneapolis Police Department,https://d3n8a8pro7vhmx.cloudfront.net/cuapb/pages/1461/attachments/original/1638329404/13-31086_McDonough.pdf?1638329404,1028
"Brett R. Palkowitsch, badge #520305",St. Paul Police Department,https://d3n8a8pro7vhmx.cloudfront.net/cuapb/pages/270/attachments/original/1631804881/2017-Brett_Palkowitsch-SPPD_%281%29.pdf?1631804881,1029
"Kevin Parsons, badge #5455",Minneapolis Police Department,https://assets.nationbuilder.com/cuapb/pages/1462/attachments/original/1647659328/RCA-2022-00192_-_Legal_Settlement_Workers'_Compensation_claim_of_Kevin_Parsons.pdf?1647659328,1030
"Bryan M. Pasek, badge #None",Belle Plaine Police Department,https://assets.nationbuilder.com/cuapb/pages/1472/attachments/original/1672124545/Pasek_1_Belle_Plaine_Cop_Sentenced_for_DWI.pdf?1672124545,1031
"Christie L. Nelson, badge #4959",Minneapolis Police Department,https://d3n8a8pro7vhmx.cloudfront.net/cuapb/pages/1461/attachments/original/1638330925/15-24504_Nelson.pdf?1638330925,1032
"Michael Osbeck Jr., badge #5377",Minneapolis Police Department,https://assets.nationbuilder.com/cuapb/pages/1509/attachments/original/1753847144/17-05038_Michael_Osbeck_Jr.pdf?1753847144,1033
"Bryan M. Pasek, badge #None",Belle Plaine Police Department,https://assets.nationbuilder.com/cuapb/pages/1472/attachments/original/1672124550/Pasek_3_Belle_Plaine_officer_suspected_of_DWI_after_driving_96_mph_-_Bring_Me_The_News.pdf?1672124550,1034
"Bryan M. Pasek, badge #None",Belle Plaine Police Department,https://assets.nationbuilder.com/cuapb/pages/1472/attachments/original/1672124548/Pasek_2_Belle_Plaine_cop_faces_2nd_DWI.pdf?1672124548,1035
"Bryan M. Pasek, badge #None",Belle Plaine Police Department,https://assets.nationbuilder.com/cuapb/pages/1472/attachments/original/1672124894/Pasek_4_Cop_charged_with_second_DWI_resigns.pdf?1672124894,1036
"Matthew D. Olson, badge #5313",Minneapolis Police Department,https://d3n8a8pro7vhmx.cloudfront.net/cuapb/pages/1461/attachments/original/1638333362/14-01774_Olson_Part_2.pdf?1638333362,1037
"Jeffrey Pennaz, badge #5551",Minneapolis Police Department,https://assets.nationbuilder.com/cuapb/pages/1472/attachments/original/1672126019/Pennaz_1_Report_Minneapolis_police_officer_arrested_for_allegedly_driving_drunk_%E2%80%93_Twin_Cities.pdf?1672126019,1038
"Tammy L. Persoon, badge #5559",Minneapolis Police Department,https://d3n8a8pro7vhmx.cloudfront.net/cuapb/pages/1462/attachments/original/1638637583/RCA-2021-00170_-_Legal_Settlement_Workers'_Compensation_claim_of_Tammy_Persoon.pdf?1638637583,1039
"Daniel Payne, badge #5497",Minneapolis Police Department,https://d3n8a8pro7vhmx.cloudfront.net/cuapb/pages/1461/attachments/original/1638333568/16-13105_Payne.pdf?1638333568,1040
"Jeffrey Newman, badge #5097",Minneapolis Police Department,https://d3n8a8pro7vhmx.cloudfront.net/cuapb/pages/270/attachments/original/1596604640/08-2565_Newman_Pt_1.pdf?1596604640,1041
"Jeffrey Pennaz, badge #5551",Minneapolis Police Department,https://assets.nationbuilder.com/cuapb/pages/1472/attachments/original/1672126022/Pennaz_DWI_Register_of_Actions.pdf?1672126022,1042
"David Peterson, badge #5580",Minneapolis Police Department,https://d3n8a8pro7vhmx.cloudfront.net/cuapb/pages/1462/attachments/original/1638637585/RCA-2021-00432_-_Legal_Settlement_Workers'_Compensation_claim_of_David_Peterson.pdf?1638637585,1043
"Shawn L. Peters, badge #None",,https://assets.nationbuilder.com/cuapb/pages/1472/attachments/original/1672127099/Peters_Theft_Register_of_Actions.pdf?1672127099,1044
"Jeffrey Pennaz, badge #5551",Minneapolis Police Department,https://assets.nationbuilder.com/cuapb/pages/1462/attachments/original/1647659311/RCA-2022-00193_-_Legal_Settlement_Workers'_Compensation_claim_of_Jeffrey_Pennaz.pdf?1647659311,1045
"Dylan Pearson, badge #5498",Minneapolis Police Department,https://assets.nationbuilder.com/cuapb/pages/1608/attachments/original/1753998749/21-01705_Dylan_Pearson.pdf?1753998749,1046
"Richard Peoples, badge #None",Hennepin County Sheriff's Department,https://assets.nationbuilder.com/cuapb/pages/1473/attachments/original/1671254302/20211214_Peoples.pdf?1671254302,1047
"Taylor Perry, badge #None",Hennepin County Sheriff's Department,https://assets.nationbuilder.com/cuapb/pages/1473/attachments/original/1671254303/20211214_Perry.pdf?1671254303,1048
"Jonahs Novak, badge #5221",Minneapolis Police Department,https://d3n8a8pro7vhmx.cloudfront.net/cuapb/pages/1461/attachments/original/1638332058/13-31443_Novak_Part_2.pdf?1638332058,1049
"Jonahs Novak, badge #5221",Minneapolis Police Department,https://d3n8a8pro7vhmx.cloudfront.net/cuapb/pages/1461/attachments/original/1638332013/13-31443_Novak_Part_4.pdf?1638332013,1050
"Matthew D. Olson, badge #5313",Minneapolis Police Department,https://d3n8a8pro7vhmx.cloudfront.net/cuapb/pages/1461/attachments/original/1638333370/14-01774_Olson_Part_1.pdf?1638333370,1051
"Lucas Peterson, badge #5630",Minneapolis Police Department,https://d3n8a8pro7vhmx.cloudfront.net/cuapb/pages/270/attachments/original/1625787099/Michael_Hugh_Kelly_case_-_2008.pdf?1625787099,1052
"Jonahs Novak, badge #5221",Minneapolis Police Department,https://d3n8a8pro7vhmx.cloudfront.net/cuapb/pages/1461/attachments/original/1638332037/13-31443_Novak_Part_7.pdf?1638332037,1053
"Jeffrey Peterson, badge #5622",Minneapolis Police Department,https://d3n8a8pro7vhmx.cloudfront.net/cuapb/pages/1462/attachments/original/1638637603/RCA-2021-01083_-_Legal_settlement_Workers'_Compensation_claim_of_Jeffrey_Peterson.pdf?1638637603,1054
"David F. Pleoger, badge #5753",Minneapolis Police Department,https://d3n8a8pro7vhmx.cloudfront.net/cuapb/pages/270/attachments/original/1509685968/David_Pleoger_Article.pdf?1509685968,1055
"Rebecca Anne Pieper, badge #None",Olivia Police Department,https://d3n8a8pro7vhmx.cloudfront.net/cuapb/pages/270/attachments/original/1636303592/Olivia_police_officer_on_administrative_leave_after_being_charged_with_felony_harassment_in_Scott_County.pdf?1636303592,1056
"Jonahs Novak, badge #5221",Minneapolis Police Department,https://d3n8a8pro7vhmx.cloudfront.net/cuapb/pages/1461/attachments/original/1638332070/13-31443_Novak_Part_3.pdf?1638332070,1057
"Nicholas Pielert, badge #5726",Minneapolis Police Department,https://assets.nationbuilder.com/cuapb/pages/1462/attachments/original/1647659315/RCA-2022-00209_-_Legal_Settlement_Workers'_Compensation_claim_of_Nicholas_Pielert.pdf?1647659315,1058
"Roger Pohlman, badge #None",Red Wing Police Department,https://d3n8a8pro7vhmx.cloudfront.net/cuapb/pages/270/attachments/original/1613839705/Red_Wing_Police_Chief_Fired.pdf?1613839705,1059
"Lucas Peterson, badge #5630",Minneapolis Police Department,https://d3n8a8pro7vhmx.cloudfront.net/cuapb/pages/270/attachments/original/1625786744/Donald_Williams_case_-_2002.pdf?1625786744,1060
"Geoffrey Toscano, badge #7257",Minneapolis Police Department,https://d3n8a8pro7vhmx.cloudfront.net/cuapb/pages/270/attachments/original/1625786744/Donald_Williams_case_-_2002.pdf?1625786744,1060
"Jonahs Novak, badge #5221",Minneapolis Police Department,https://d3n8a8pro7vhmx.cloudfront.net/cuapb/pages/1461/attachments/original/1638332044/13-31443_Novak_Part_1.pdf?1638332044,1061
"David F. Pleoger, badge #5753",Minneapolis Police Department,https://assets.nationbuilder.com/cuapb/pages/1462/attachments/original/1647659319/RCA-2022-00100_-_Legal_settlement_Workers'_Compensation_claim_of_David_Pleoger.pdf?1647659319,1062
"Graham Plys, badge #5756",Minneapolis Police Department,https://d3n8a8pro7vhmx.cloudfront.net/cuapb/pages/1462/attachments/original/1638637608/RCA-2021-01199_-_Legal_settlement_Workers'_Compensation_claim_of_Graham_Plys.pdf?1638637608,1063
"Jonahs Novak, badge #5221",Minneapolis Police Department,https://d3n8a8pro7vhmx.cloudfront.net/cuapb/pages/1461/attachments/original/1638332027/13-31443_Novak_Part_6.pdf?1638332027,1064
"Roger Pohlman, badge #None",Red Wing Police Department,https://d3n8a8pro7vhmx.cloudfront.net/cuapb/pages/270/attachments/original/1613839704/Red_Wing_Chief_Calls_for_Hate_Crime_Protection_for_Police.pdf?1613839704,1065
"Ricky Plunkett, badge #5754",Minneapolis Police Department,https://assets.nationbuilder.com/cuapb/pages/1608/attachments/original/1753998780/21-03020_Ricky_Plunkett.pdf?1753998780,1066
"Francisco Porras, badge #5785",Minneapolis Police Department,https://d3n8a8pro7vhmx.cloudfront.net/cuapb/pages/1462/attachments/original/1638637579/RCA-2021-01218_-_Legal_settlement_Workers'_Compensation_claim_of_Francisco_Porras.pdf?1638637579,1067
"Travis Pounder, badge #None",Hennepin County Sheriff's Department,https://assets.nationbuilder.com/cuapb/pages/1473/attachments/original/1671254315/20220126_Pounder.pdf?1671254315,1068
"Luis C. Porras, badge #5786",Minneapolis Police Department,https://assets.nationbuilder.com/cuapb/pages/1509/attachments/original/1753849696/19-07651_Luis_Porras.pdf?1753849696,1069
"Jonahs Novak, badge #5221",Minneapolis Police Department,https://d3n8a8pro7vhmx.cloudfront.net/cuapb/pages/1461/attachments/original/1638332020/13-31443_Novak_Part_5.pdf?1638332020,1070
"Aaron Prescott, badge #5806",Minneapolis Police Department,https://d3n8a8pro7vhmx.cloudfront.net/cuapb/pages/1462/attachments/original/1638637600/RCA-2021-01074_-_Legal_settlement_Workers'_Compensation_claim_of_Aaron_Prescott.pdf?1638637600,1071
"Kyle Pond, badge #5775",Minneapolis Police Department,https://assets.nationbuilder.com/cuapb/pages/1509/attachments/original/1753847498/18-00560_Kyle_Pond.pdf?1753847498,1072
"Christopher L. Pickhardt, badge #5716",Minneapolis Police Department,https://assets.nationbuilder.com/cuapb/pages/1509/attachments/original/1753847503/18-02525_Christopher_Pickhardt.pdf?1753847503,1073
"Kelvin Pulphus, badge #5846",Minneapolis Police Department,https://d3n8a8pro7vhmx.cloudfront.net/cuapb/pages/270/attachments/original/1618017329/Katie_Blackwell_.pdf?1618017329,1074
"Kurt Radke, badge #5882",Minneapolis Police Department,https://assets.nationbuilder.com/cuapb/pages/1462/attachments/original/1647659312/RCA-2022-00194_-_Legal_Settlement_Workers'_Compensation_claim_of_Kurt_Radke.pdf?1647659312,1075
"Roderick Rabine, badge #5879",Minneapolis Police Department,https://d3n8a8pro7vhmx.cloudfront.net/cuapb/pages/270/attachments/original/1626111223/opa070690-0916.pdf?1626111223,1076
"David Stichter, badge #6837",Minneapolis Police Department,https://d3n8a8pro7vhmx.cloudfront.net/cuapb/pages/270/attachments/original/1626111223/opa070690-0916.pdf?1626111223,1076
"Isaac Raichert, badge #5887",Minneapolis Police Department,https://assets.nationbuilder.com/cuapb/pages/1509/attachments/original/1753849709/19-07609_Isaac_Raichert.pdf?1753849709,1077
"Kyle Pond, badge #5775",Minneapolis Police Department,https://d3n8a8pro7vhmx.cloudfront.net/cuapb/pages/270/attachments/original/1626065764/Kyle-Pond-Public-Personnel-File-2021-pages-28-40.pdf?1626065764,1078
"Brent Rasmussen, badge #5895",Minneapolis Police Department,https://d3n8a8pro7vhmx.cloudfront.net/cuapb/pages/1462/attachments/original/1638637607/RCA-2021-01196_-_Legal_settlement_Workers'_Compensation_claim_of_Brent_Rasmussen.pdf?1638637607,1079
"Mathew Rasmussen, badge #None",New Ulm Police Department,https://d3n8a8pro7vhmx.cloudfront.net/cuapb/pages/270/attachments/original/1599987913/Meyer_and_Wichman_Lawsuit.pdf?1599987913,1080
"Luis Realivasquez, badge #5912",Minneapolis Police Department,https://d3n8a8pro7vhmx.cloudfront.net/cuapb/pages/1462/attachments/original/1638637598/RCA-2021-01067_-_Legal_settlement_Workers'_Compensation_claim_of_Luis_Realivasquez.pdf?1638637598,1081
"Jason Reimer, badge #5929",Minneapolis Police Department,https://assets.nationbuilder.com/cuapb/pages/1462/attachments/original/1647659317/RCA-2022-00094_-_Legal_settlement_Workers'_Compensation_claim_of_Jason_Reimer.pdf?1647659317,1082
"Shawn Powell, badge #5792",Minneapolis Police Department,https://d3n8a8pro7vhmx.cloudfront.net/cuapb/pages/1461/attachments/original/1638335514/13-17307_Powell_Part_1.pdf?1638335514,1083
"Christopher Reiter, badge #5938",Minneapolis Police Department,https://d3n8a8pro7vhmx.cloudfront.net/cuapb/pages/270/attachments/original/1626050147/Activist_Al_Flowers_sues_Minneapolis_police_for_alleged_force_used_in_arrest_-_StarTribune.com.pdf?1626050147,1084
"Jon Schliesing, badge #6356",Minneapolis Police Department,https://d3n8a8pro7vhmx.cloudfront.net/cuapb/pages/270/attachments/original/1626050147/Activist_Al_Flowers_sues_Minneapolis_police_for_alleged_force_used_in_arrest_-_StarTribune.com.pdf?1626050147,1084
"Christopher Reiter, badge #5938",Minneapolis Police Department,https://d3n8a8pro7vhmx.cloudfront.net/cuapb/pages/270/attachments/original/1617910116/Christopher_Reiter_Osman_Case.pdf?1617910116,1085
"Justin Reinke, badge #561",Hennepin County Sheriff's Department,https://assets.nationbuilder.com/cuapb/pages/1473/attachments/original/1671254312/20220112_Reinke.pdf?1671254312,1086
"Shawn Powell, badge #5792",Minneapolis Police Department,https://d3n8a8pro7vhmx.cloudfront.net/cuapb/pages/1461/attachments/original/1638335507/13-17307_Powell_Part_4.pdf?1638335507,1087
"Michael Pfaff, badge #5675",Minneapolis Police Department,https://d3n8a8pro7vhmx.cloudfront.net/cuapb/pages/1461/attachments/original/1638334834/13-30393_Pfaff_Part_2.pdf?1638334834,1088
"Shawn Powell, badge #5792",Minneapolis Police Department,https://d3n8a8pro7vhmx.cloudfront.net/cuapb/pages/1461/attachments/original/1638335523/13-17307_Powell_Part_2.pdf?1638335523,1089
"Shawn Powell, badge #5792",Minneapolis Police Department,https://d3n8a8pro7vhmx.cloudfront.net/cuapb/pages/1461/attachments/original/1638335500/13-17307_Powell_Part_3.pdf?1638335500,1090
"Matthew Smith, badge #424",Forest Lake Police Department,https://assets.nationbuilder.com/cuapb/pages/270/attachments/original/1655880723/Cops_Cleared_in_Bradley_Erickson_Shooting_Death.pdf?1655880723,1091
"Greg Reiter, badge #None",Washington County Sheriff's Department,https://assets.nationbuilder.com/cuapb/pages/270/attachments/original/1655880723/Cops_Cleared_in_Bradley_Erickson_Shooting_Death.pdf?1655880723,1091
"Christopher Reiter, badge #5938",Minneapolis Police Department,https://assets.nationbuilder.com/cuapb/pages/1472/attachments/original/1675460059/Reiter_Christopher-17-005-20484.pdf?1675460059,1092
"Kyle Pond, badge #5775",Minneapolis Police Department,https://d3n8a8pro7vhmx.cloudfront.net/cuapb/pages/270/attachments/original/1626065749/Kyle-Pond-Public-Personnel-File-2021-pages-14-27.pdf?1626065749,1093
"Andrew Reed, badge #5915",Minneapolis Police Department,https://assets.nationbuilder.com/cuapb/pages/1509/attachments/original/1753847385/17-11716_Andrew_Reed.pdf?1753847385,1094
"Owen Rice, badge #None",Hennepin County Sheriff's Department,https://assets.nationbuilder.com/cuapb/pages/1473/attachments/original/1671254303/20211214_Rice.pdf?1671254303,1095
"Mark Ringgenberg, badge #6030",Minneapolis Police Department,https://d3n8a8pro7vhmx.cloudfront.net/cuapb/pages/270/attachments/original/1626129966/Jamar_Clark's_family_sues_Minneapolis_officers_in_his_fatal_shooting.pdf?1626129966,1096
"Dustin Schwarze, badge #6422",Minneapolis Police Department,https://d3n8a8pro7vhmx.cloudfront.net/cuapb/pages/270/attachments/original/1626129966/Jamar_Clark's_family_sues_Minneapolis_officers_in_his_fatal_shooting.pdf?1626129966,1096
"Mark Ringgenberg, badge #6030",Minneapolis Police Department,https://d3n8a8pro7vhmx.cloudfront.net/cuapb/pages/270/attachments/original/1625858035/Jamar_Clark_Analysis_Fact_Sheet_2.pdf?1625858035,1097
"Dustin Schwarze, badge #6422",Minneapolis Police Department,https://d3n8a8pro7vhmx.cloudfront.net/cuapb/pages/270/attachments/original/1625858035/Jamar_Clark_Analysis_Fact_Sheet_2.pdf?1625858035,1097
"Mark Ringgenberg, badge #6030",Minneapolis Police Department,https://d3n8a8pro7vhmx.cloudfront.net/cuapb/pages/270/attachments/original/1625858031/Jamar_Clark_Analysis_Fact_Sheet_3.pdf?1625858031,1098
"Dustin Schwarze, badge #6422",Minneapolis Police Department,https://d3n8a8pro7vhmx.cloudfront.net/cuapb/pages/270/attachments/original/1625858031/Jamar_Clark_Analysis_Fact_Sheet_3.pdf?1625858031,1098
"Mark Ringgenberg, badge #6030",Minneapolis Police Department,https://d3n8a8pro7vhmx.cloudfront.net/cuapb/pages/270/attachments/original/1626130463/Attorneys_for_Jamar_Clark_family_members_confirm_agreement_on__200_000_settlement___MPR_News.pdf?1626130463,1099
"Dustin Schwarze, badge #6422",Minneapolis Police Department,https://d3n8a8pro7vhmx.cloudfront.net/cuapb/pages/270/attachments/original/1626130463/Attorneys_for_Jamar_Clark_family_members_confirm_agreement_on__200_000_settlement___MPR_News.pdf?1626130463,1099
"Mark Ringgenberg, badge #6030",Minneapolis Police Department,https://d3n8a8pro7vhmx.cloudfront.net/cuapb/pages/270/attachments/original/1625856737/Mpls._police__Internal_probe_clears_cops_in_Jamar_Clark_shooting___MPR_News.pdf?1625856737,1100
"Dustin Schwarze, badge #6422",Minneapolis Police Department,https://d3n8a8pro7vhmx.cloudfront.net/cuapb/pages/270/attachments/original/1625856737/Mpls._police__Internal_probe_clears_cops_in_Jamar_Clark_shooting___MPR_News.pdf?1625856737,1100
"Mark Ringgenberg, badge #6030",Minneapolis Police Department,https://d3n8a8pro7vhmx.cloudfront.net/cuapb/pages/270/attachments/original/1625853059/16_Nov_2015__Page_A1_-_Star_Tribune_at_Newspapers.com-merged.pdf?1625853059,1101
"Dustin Schwarze, badge #6422",Minneapolis Police Department,https://d3n8a8pro7vhmx.cloudfront.net/cuapb/pages/270/attachments/original/1625853059/16_Nov_2015__Page_A1_-_Star_Tribune_at_Newspapers.com-merged.pdf?1625853059,1101
"Michael Pfaff, badge #5675",Minneapolis Police Department,https://d3n8a8pro7vhmx.cloudfront.net/cuapb/pages/1461/attachments/original/1638334818/13-30393_Pfaff_Part_4.pdf?1638334818,1102
"Kurt Radke, badge #5882",Minneapolis Police Department,https://d3n8a8pro7vhmx.cloudfront.net/cuapb/pages/1461/attachments/original/1638336547/13-16571_Radke.pdf?1638336547,1103
"Lucas Peterson, badge #5630",Minneapolis Police Department,https://d3n8a8pro7vhmx.cloudfront.net/cuapb/pages/1461/attachments/original/1638333851/13-18999_Peterson.pdf?1638333851,1104
"Mark Ringgenberg, badge #6030",Minneapolis Police Department,https://d3n8a8pro7vhmx.cloudfront.net/cuapb/pages/270/attachments/original/1625857520/Jamar_Clark_Analysis_Fact_Sheet_1.pdf?1625857520,1105
"Dustin Schwarze, badge #6422",Minneapolis Police Department,https://d3n8a8pro7vhmx.cloudfront.net/cuapb/pages/270/attachments/original/1625857520/Jamar_Clark_Analysis_Fact_Sheet_1.pdf?1625857520,1105
"Tami Reece (Anderson), badge #7105",Minneapolis Police Department,https://d3n8a8pro7vhmx.cloudfront.net/cuapb/pages/1461/attachments/original/1638337020/13-31573_Reece_Part_2.pdf?1638337020,1106
"Christopher Reiter, badge #5938",Minneapolis Police Department,https://d3n8a8pro7vhmx.cloudfront.net/cuapb/pages/270/attachments/original/1626050584/Al_Flowers_Lawsuit.pdf?1626050584,1107
"Jon Schliesing, badge #6356",Minneapolis Police Department,https://d3n8a8pro7vhmx.cloudfront.net/cuapb/pages/270/attachments/original/1626050584/Al_Flowers_Lawsuit.pdf?1626050584,1107
"Michael D. Roberts, badge #6056",Minneapolis Police Department,https://d3n8a8pro7vhmx.cloudfront.net/cuapb/pages/270/attachments/original/1615987486/2008Roberts_Minneapolis_cop_indicted_on_corruption_charges.pdf?1615987486,1108
"Justin Reisdorfer, badge #5937",Minneapolis Police Department,https://d3n8a8pro7vhmx.cloudfront.net/cuapb/pages/1461/attachments/original/1638337869/14-20928_Reisdorfer_Part_2.pdf?1638337869,1109
"Luke Robie, badge #636",Hennepin County Sheriff's Department,https://assets.nationbuilder.com/cuapb/pages/1473/attachments/original/1672114696/20220124_Robie.pdf?1672114696,1110
"Kyle Pond, badge #5775",Minneapolis Police Department,https://d3n8a8pro7vhmx.cloudfront.net/cuapb/pages/270/attachments/original/1626065732/Kyle-Pond-Public-Personnel-File-2021-pages-1-13.pdf?1626065732,1111
"Peter J. Ritschel, badge #6037",Minneapolis Police Department,https://d3n8a8pro7vhmx.cloudfront.net/cuapb/pages/1461/attachments/original/1638339531/13-30245_Ritschel_Part_6.pdf?1638339531,1112
"Deanna Rivard, badge #7905",Minneapolis Police Department,https://assets.nationbuilder.com/cuapb/pages/1509/attachments/original/1753847544/18-03004_Deanna_Rivard.pdf?1753847544,1113
"Peter J. Ritschel, badge #6037",Minneapolis Police Department,https://d3n8a8pro7vhmx.cloudfront.net/cuapb/pages/1461/attachments/original/1638338829/13-30192_Ritschel_Part_2.pdf?1638338829,1114
"Peter J. Ritschel, badge #6037",Minneapolis Police Department,https://d3n8a8pro7vhmx.cloudfront.net/cuapb/pages/1461/attachments/original/1638339535/13-30245_Ritschel_Part_7.pdf?1638339535,1115
"Peter J. Ritschel, badge #6037",Minneapolis Police Department,https://d3n8a8pro7vhmx.cloudfront.net/cuapb/pages/1461/attachments/original/1638339539/13-30245_Ritschel_Part_8.pdf?1638339539,1116
"Justin Reisdorfer, badge #5937",Minneapolis Police Department,https://d3n8a8pro7vhmx.cloudfront.net/cuapb/pages/1461/attachments/original/1638337878/14-20928_Reisdorfer_Part_1.pdf?1638337878,1117
"Jacob Rosenbaum, badge #None",Hennepin County Sheriff's Department,https://assets.nationbuilder.com/cuapb/pages/1473/attachments/original/1671254304/20211214_Rosenbaum.pdf?1671254304,1118
"Michael Pfaff, badge #5675",Minneapolis Police Department,https://d3n8a8pro7vhmx.cloudfront.net/cuapb/pages/1461/attachments/original/1638334811/13-30393_Pfaff_Part_3.pdf?1638334811,1119
"David Robins, badge #6046",Minneapolis Police Department,https://d3n8a8pro7vhmx.cloudfront.net/cuapb/pages/1462/attachments/original/1638637590/RCA-2021-00547_-_Legal_Settlement_Workers'_Compensation_claim_of_David_Robins.pdf?1638637590,1120
"Christopher Reiter, badge #5938",Minneapolis Police Department,https://d3n8a8pro7vhmx.cloudfront.net/cuapb/pages/270/attachments/original/1626050272/7-10-15-flowers-final-11-17-14-report-of-investigator_redacted-copy.pdf?1626050272,1121
"Jon Schliesing, badge #6356",Minneapolis Police Department,https://d3n8a8pro7vhmx.cloudfront.net/cuapb/pages/270/attachments/original/1626050272/7-10-15-flowers-final-11-17-14-report-of-investigator_redacted-copy.pdf?1626050272,1121
"Peter J. Ritschel, badge #6037",Minneapolis Police Department,https://d3n8a8pro7vhmx.cloudfront.net/cuapb/pages/1461/attachments/original/1638339571/13-30245_Ritschel_Part_4.pdf?1638339571,1122
"Timothy Rose, badge #None",Hennepin County Sheriff's Department,https://assets.nationbuilder.com/cuapb/pages/1473/attachments/original/1671254318/20220218_Rose.pdf?1671254318,1123
"Peter J. Ritschel, badge #6037",Minneapolis Police Department,https://d3n8a8pro7vhmx.cloudfront.net/cuapb/pages/1461/attachments/original/1638339544/13-30245_Ritschel_Part_9.pdf?1638339544,1124
"Jared D. Roettjer, badge #6092",Minneapolis Police Department,https://d3n8a8pro7vhmx.cloudfront.net/cuapb/pages/1462/attachments/original/1638637588/RCA-2021-00529_-_Legal_Settlement_Workers'_Compensation_claim_of_Jared_Roettjer.pdf?1638637588,1125
"Patrick S. Reuben, badge #5969",Minneapolis Police Department,https://d3n8a8pro7vhmx.cloudfront.net/cuapb/pages/1461/attachments/original/1638338298/13-30680_Reuben_Part_3.pdf?1638338298,1126
"Peter J. Ritschel, badge #6037",Minneapolis Police Department,https://d3n8a8pro7vhmx.cloudfront.net/cuapb/pages/1461/attachments/original/1638338838/13-30192_Ritschel_Part_1.pdf?1638338838,1127
"Patrick S. Reuben, badge #5969",Minneapolis Police Department,https://d3n8a8pro7vhmx.cloudfront.net/cuapb/pages/1461/attachments/original/1638338311/13-30680_Reuben_Part_2.pdf?1638338311,1128
"Michael Pfaff, badge #5675",Minneapolis Police Department,https://d3n8a8pro7vhmx.cloudfront.net/cuapb/pages/1461/attachments/original/1638334825/13-30393_Pfaff_Part_1.pdf?1638334825,1129
"Curtis Rude, badge #None",,https://assets.nationbuilder.com/cuapb/pages/1472/attachments/original/1746156791/Rude-10-004-8619.pdf?1746156791,1130
"David Rodriguez, badge #6085",Minneapolis Police Department,https://assets.nationbuilder.com/cuapb/pages/1608/attachments/original/1753998678/20-05357_David_Rodriguez.pdf?1753998678,1131
"Thomas Rudenick, badge #None",Ramsey County Sheriff's Department,https://assets.nationbuilder.com/cuapb/pages/270/attachments/original/1669099453/MCRO_62-CR-15-5241_Sentencing_Order_2015-12-18_20221122004113.pdf?1669099453,1132
"Tami Reece (Anderson), badge #7105",Minneapolis Police Department,https://d3n8a8pro7vhmx.cloudfront.net/cuapb/pages/1461/attachments/original/1638337030/13-31573_Reece_Part_1.pdf?1638337030,1133
"Colleen Ryan, badge #6226",Minneapolis Police Department,https://d3n8a8pro7vhmx.cloudfront.net/cuapb/pages/270/attachments/original/1626048304/This_'good_girl_with_a_gun'_believes_it's_time_for_Minnesota_to_pass_a_'red_flag'_law_-_StarTribune.com.pdf?1626048304,1134
"Patrick S. Reuben, badge #5969",Minneapolis Police Department,https://d3n8a8pro7vhmx.cloudfront.net/cuapb/pages/1461/attachments/original/1638338305/13-30680_Reuben_Part_1.pdf?1638338305,1135
"Peter J. Ritschel, badge #6037",Minneapolis Police Department,https://d3n8a8pro7vhmx.cloudfront.net/cuapb/pages/1461/attachments/original/1638339564/13-30245_Ritschel_Part_3.pdf?1638339564,1136
"Peter J. Ritschel, badge #6037",Minneapolis Police Department,https://d3n8a8pro7vhmx.cloudfront.net/cuapb/pages/1461/attachments/original/1638339576/13-30245_Ritschel_Part_5.pdf?1638339576,1137
"Peter J. Ritschel, badge #6037",Minneapolis Police Department,https://d3n8a8pro7vhmx.cloudfront.net/cuapb/pages/1461/attachments/original/1638339550/13-30245_Ritschel_Part_1.pdf?1638339550,1138
"Peter J. Ritschel, badge #6037",Minneapolis Police Department,https://d3n8a8pro7vhmx.cloudfront.net/cuapb/pages/1461/attachments/original/1638339557/13-30245_Ritschel_Part_2.pdf?1638339557,1139
"Alan Salvosa, badge #None",Brooklyn Center Police Department,https://d3n8a8pro7vhmx.cloudfront.net/cuapb/pages/270/attachments/original/1626286971/Retraumatized_family_of_man_killed_in_2015_Brooklyn_Center_police_encounter_calls_for_change.pdf?1626286971,1140
"Cody Turner, badge #None",Brooklyn Center Police Department,https://d3n8a8pro7vhmx.cloudfront.net/cuapb/pages/270/attachments/original/1626286971/Retraumatized_family_of_man_killed_in_2015_Brooklyn_Center_police_encounter_calls_for_change.pdf?1626286971,1140
"Colleen Saunby, badge #6304",Minneapolis Police Department,https://assets.nationbuilder.com/cuapb/pages/1462/attachments/original/1647659320/RCA-2022-00164_-_Legal_Settlement_Workers'_Compensation_claim_of_Colleen_Saunby.pdf?1647659320,1141
"Sam Sarsfield, badge #None",Hennepin County Sheriff's Department,https://assets.nationbuilder.com/cuapb/pages/1473/attachments/original/1671254305/20211214_Sarsfield.pdf?1671254305,1142
"Mark J. Sauer, badge #6308",Minneapolis Police Department,https://d3n8a8pro7vhmx.cloudfront.net/cuapb/pages/1462/attachments/original/1638637593/RCA-2021-00896_-_Legal_Settlement_Workers'_Compensation_claim_of_Mark_Sauer.pdf?1638637593,1143
"Amanda Sanchez, badge #6240",Minneapolis Police Department,https://assets.nationbuilder.com/cuapb/pages/1608/attachments/original/1753998816/21-10193_Amanda_Sanchez.pdf?1753998816,1144
"Jon Schliesing, badge #6356",Minneapolis Police Department,https://assets.nationbuilder.com/cuapb/pages/1608/attachments/original/1753998611/22-01125_Jon_Schliesing.pdf?1753998611,1145
"David Schmidt, badge #6368",Minneapolis Police Department,https://d3n8a8pro7vhmx.cloudfront.net/cuapb/pages/1462/attachments/original/1638994129/RCA-2021-01420_-_Legal_settlement_Workers'_Compensation_claim_of_David_Schmidt.pdf?1638994129,1146
"Colleen Ryan, badge #6226",Minneapolis Police Department,https://d3n8a8pro7vhmx.cloudfront.net/cuapb/pages/270/attachments/original/1626048077/How_co-responder_teams_are_changing_the_way_Minneapolis_police_deal_with_mental_health_calls___MinnPost.pdf?1626048077,1147
"Thaddeus P. Schmidt, badge #609775",St. Paul Police Department,https://d3n8a8pro7vhmx.cloudfront.net/cuapb/pages/270/attachments/original/1626486895/St._Paul_to_pay__520K_to_woman_attacked_by_police_K-9_%E2%80%93_Twin_Cities.pdf?1626486895,1148
"Justin Schmidt, badge #6373",Minneapolis Police Department,https://d3n8a8pro7vhmx.cloudfront.net/cuapb/pages/270/attachments/original/1625879104/RCA-2021-00613_-_Legal_Settlement__Brian_Oman_v._City_of_Minneapolis__et_al_.pdf?1625879104,1149
"Justin Schmidt, badge #6373",Minneapolis Police Department,https://d3n8a8pro7vhmx.cloudfront.net/cuapb/pages/270/attachments/original/1625878443/Lawsuit_filed_against_Noor__city_of_Minneapolis_claims_officers_drew_guns_during_traffic_stop___KSTP.com.pdf?1625878443,1150
"Jason Schmitt, badge #6374",Minneapolis Police Department,https://d3n8a8pro7vhmx.cloudfront.net/cuapb/pages/270/attachments/original/1625872945/OPa190297-121619.pdf?1625872945,1151
"Bradley Schnickel, badge #6381",Minneapolis Police Department,https://d3n8a8pro7vhmx.cloudfront.net/cuapb/pages/270/attachments/original/1638386753/Schnickel_2_Ex-Cop_Gets_Prison_Time_for_Preying_on_Girls_over_Facebook.pdf?1638386753,1152
"Jason Schmitt, badge #6374",Minneapolis Police Department,https://d3n8a8pro7vhmx.cloudfront.net/cuapb/pages/270/attachments/original/1625872209/United_States_v._Crumble__Case_No._18-CR-17-ADM-KMM___Casetext_Search___Citator.pdf?1625872209,1153
"Bradley Schnickel, badge #6381",Minneapolis Police Department,https://d3n8a8pro7vhmx.cloudfront.net/cuapb/pages/270/attachments/original/1638386753/Schnickel_3_Ex-Cop%E2%80%99s_Jail_Sentence_For_Luring_Girls_On_Facebook_Extended.pdf?1638386753,1154
"Bradley Schnickel, badge #6381",Minneapolis Police Department,https://d3n8a8pro7vhmx.cloudfront.net/cuapb/pages/270/attachments/original/1638386754/Schnickel_1_Fmr_Mpls_Cop_Sentenced_for_Sending_Nude_Pictures_to_Girls.pdf?1638386754,1155
"Jason Schmitt, badge #6374",Minneapolis Police Department,https://d3n8a8pro7vhmx.cloudfront.net/cuapb/pages/270/attachments/original/1625873525/USCOURTS-mnd-0_19-cr-00103-6.pdf?1625873525,1156
"Robert Schnickel, badge #6223",Minneapolis Police Department,https://d3n8a8pro7vhmx.cloudfront.net/cuapb/pages/1461/attachments/original/1638387706/13-30137_Schnickel.pdf?1638387706,1157
"Jason Schmitt, badge #6374",Minneapolis Police Department,https://d3n8a8pro7vhmx.cloudfront.net/cuapb/pages/270/attachments/original/1625872665/JAY_SCHMITT_%E2%80%93_Minnesota_3_Gun_Group.pdf?1625872665,1158
"Brendon Schram, badge #6382",Minneapolis Police Department,https://d3n8a8pro7vhmx.cloudfront.net/cuapb/pages/1461/attachments/original/1638388618/13-31203_Schram_Part_6.pdf?1638388618,1159
"Karl Sauskojus, badge #6254",Minneapolis Police Department,https://d3n8a8pro7vhmx.cloudfront.net/cuapb/pages/1461/attachments/original/1638384279/15-06300_Sauskojus.pdf?1638384279,1160
"Thomas E. Schmid, badge #6357",Minneapolis Police Department,https://d3n8a8pro7vhmx.cloudfront.net/cuapb/pages/270/attachments/original/1596609017/07-2522_Schmid.pdf?1596609017,1161
"Brendon Schram, badge #6382",Minneapolis Police Department,https://d3n8a8pro7vhmx.cloudfront.net/cuapb/pages/1461/attachments/original/1638388630/13-31203_Schram_Part_2.pdf?1638388630,1162
"Dustin Schwarze, badge #6422",Minneapolis Police Department,https://d3n8a8pro7vhmx.cloudfront.net/cuapb/pages/270/attachments/original/1613596161/Burt_v_Schwarze_Settlement.pdf?1613596161,1163
"Kyle J. Severson, badge #6476",Minneapolis Police Department,https://d3n8a8pro7vhmx.cloudfront.net/cuapb/pages/1462/attachments/original/1638637583/RCA-2021-00426_-_Legal_Settlement_Workers'_Compensation_claim_of_Kyle_Severson.pdf?1638637583,1164
"Marvin A. Schumer, badge #6401",Minneapolis Police Department,https://d3n8a8pro7vhmx.cloudfront.net/cuapb/pages/1461/attachments/original/1638398259/13-31134_Schumer.pdf?1638398259,1165
"Marvin A. Schumer, badge #6401",Minneapolis Police Department,https://d3n8a8pro7vhmx.cloudfront.net/cuapb/pages/1461/attachments/original/1638398011/13-30497_Schumer_Part_2.pdf?1638398011,1166
"Eric Shogren, badge #6521",Minneapolis Police Department,https://assets.nationbuilder.com/cuapb/pages/1462/attachments/original/1647659314/RCA-2022-00198_-_Legal_Settlement_Workers'_Compensation_claim_of_Eric_Shogren.pdf?1647659314,1167
"Dustin Schwarze, badge #6422",Minneapolis Police Department,https://d3n8a8pro7vhmx.cloudfront.net/cuapb/pages/270/attachments/original/1613596162/Burt_v_Schwarze.pdf?1613596162,1168
"Jeffrey Seidl, badge #239",Minneapolis Police Department,https://assets.nationbuilder.com/cuapb/pages/1509/attachments/original/1753847489/17-23070_Jeffrey_Seidl.pdf?1753847489,1169
"Bradley J. Simonson, badge #6581",Minneapolis Police Department,https://d3n8a8pro7vhmx.cloudfront.net/cuapb/pages/270/attachments/original/1614140042/1999Hard_and_Fast_City_Pages.pdf?1614140042,1170
"Bradley J. Simonson, badge #6581",Minneapolis Police Department,https://d3n8a8pro7vhmx.cloudfront.net/cuapb/pages/270/attachments/original/1626187981/FEIST_v._Solutions_of_the_Tragedy_of_Police_Pursuits__Amicus_on_Behalf_of_Appellee.___FindLaw.pdf?1626187981,1171
"Matthew Severance, badge #6457",Minneapolis Police Department,https://d3n8a8pro7vhmx.cloudfront.net/cuapb/pages/270/attachments/original/1626186304/Arman_v._Severance__Case_No._20-CV-677_%28NEB_DTS%29___Casetext_Search___Citator.pdf?1626186304,1172
"Bradley J. Simonson, badge #6581",Minneapolis Police Department,https://d3n8a8pro7vhmx.cloudfront.net/cuapb/pages/270/attachments/original/1626188840/24_Jan_1995__Page_17_-_Star_Tribune_at_Newspapers.com-merged.pdf?1626188840,1173
"Brendon Schram, badge #6382",Minneapolis Police Department,https://d3n8a8pro7vhmx.cloudfront.net/cuapb/pages/1461/attachments/original/1638388624/13-31203_Schram_Part_1.pdf?1638388624,1174
"Marvin A. Schumer, badge #6401",Minneapolis Police Department,https://d3n8a8pro7vhmx.cloudfront.net/cuapb/pages/1461/attachments/original/1638398018/13-30497_Schumer_Part_1.pdf?1638398018,1175
"Matthew Severance, badge #6457",Minneapolis Police Department,https://d3n8a8pro7vhmx.cloudfront.net/cuapb/pages/270/attachments/original/1626186112/Years_after_St._Paul_police_fatally_shot_2_dogs_during_no-knock_warrant__family_reaches_settlement_in_federal_lawsuit_%E2%80%93_Twin_Cities.pdf?1626186112,1176
"Bradley J. Simonson, badge #6581",Minneapolis Police Department,https://d3n8a8pro7vhmx.cloudfront.net/cuapb/pages/270/attachments/original/1626187872/05_Jan_2004__Page_B1_-_Star_Tribune_at_Newspapers.com-merged.pdf?1626187872,1177
"Bradley J. Simonson, badge #6581",Minneapolis Police Department,https://d3n8a8pro7vhmx.cloudfront.net/cuapb/pages/1462/attachments/original/1638994128/RCA-2021-01418_-_Legal_settlement_Workers'_Compensation_claim_of_Bradley_Simonson.pdf?1638994128,1178
"Robert Schnickel, badge #6223",Minneapolis Police Department,https://d3n8a8pro7vhmx.cloudfront.net/cuapb/pages/270/attachments/original/1581996295/13-23559_Part_1.pdf?1581996295,1179
"Brian Sloat, badge #None",Robbinsdale Police Department,https://d3n8a8pro7vhmx.cloudfront.net/cuapb/pages/270/attachments/original/1617892896/Ex-Gopher_Melvin_Newbern_sues_Robbinsdale_cop_over_force_-_StarTribune.com.pdf?1617892896,1180
"Andrew J. Smith, badge #6628",Minneapolis Police Department,https://d3n8a8pro7vhmx.cloudfront.net/cuapb/pages/270/attachments/original/1626307031/Minneapolis_cop_claims_retaliation_over_role_in_FBI_probe.pdf?1626307031,1181
"Brian Sloat, badge #None",Robbinsdale Police Department,https://d3n8a8pro7vhmx.cloudfront.net/cuapb/pages/270/attachments/original/1617892715/Authorities_identify_man_killed_by_Robbinsdale_police_and_officer_who_shot_him_%E2%80%93_Twin_Cities.pdf?1617892715,1182
"Brian Sloat, badge #None",Robbinsdale Police Department,https://d3n8a8pro7vhmx.cloudfront.net/cuapb/pages/270/attachments/original/1617893102/Protest__Police_violence_is_%E2%80%98adding_pain_to_our_communities%E2%80%99_%E2%80%94_Justice_Squad.pdf?1617893102,1183
"Brian Sloat, badge #None",Robbinsdale Police Department,https://d3n8a8pro7vhmx.cloudfront.net/cuapb/pages/270/attachments/original/1617892500/UPDATED___185_000_settlement_in_Robbinsdale_excessive_force_suit___Public_Safety___hometownsource.com.pdf?1617892500,1184
"Michael P. Soucheray, badge #647400",St. Paul Police Department,https://d3n8a8pro7vhmx.cloudfront.net/cuapb/pages/270/attachments/original/1618066357/St._Paul_cop_acquitted_of_punching_handcuffed_teen_leaves_force___MPR_News.pdf?1618066357,1185
"Stephen Snyder, badge #None",Itasca County Sheriff's Department,https://d3n8a8pro7vhmx.cloudfront.net/cuapb/pages/270/attachments/original/1626788740/Deputy__deceased_man_identified_in_Cohasset_officer-involved_shooting.pdf?1626788740,1186
"Michael P. Soucheray, badge #647400",St. Paul Police Department,https://d3n8a8pro7vhmx.cloudfront.net/cuapb/pages/270/attachments/original/1618066366/St._Paul_officer_on_trial_for_allegedly_punching_handcuffed_teen_girl_-_StarTribune.com.pdf?1618066366,1187
"Grant Snyder, badge #6706",Minneapolis Police Department,https://d3n8a8pro7vhmx.cloudfront.net/cuapb/pages/270/attachments/original/1616345125/2018__Mpls._detective_moves_into_new_role_as_homeless_liaison.pdf?1616345125,1188
"Michael P. Soucheray, badge #647400",St. Paul Police Department,https://d3n8a8pro7vhmx.cloudfront.net/cuapb/pages/270/attachments/original/1618066092/Michael_P_Soucheray.pdf?1618066092,1189
"Peter Stanton, badge #6762",Minneapolis Police Department,https://d3n8a8pro7vhmx.cloudfront.net/cuapb/pages/270/attachments/original/1614474286/2016MichaelBarnesJudgment.pdf?1614474286,1190
"Peter Stanton, badge #6762",Minneapolis Police Department,https://d3n8a8pro7vhmx.cloudfront.net/cuapb/pages/270/attachments/original/1614474283/2016MichaelBarnesRemoval.pdf?1614474283,1191
"Michael Sonday, badge #6709",Minneapolis Police Department,https://assets.nationbuilder.com/cuapb/pages/1462/attachments/original/1647659320/RCA-2022-00101_-_Legal_settlement_Workers'_Compensation_claim_of_Michael_Sonday.pdf?1647659320,1192
"Brandy Steberg, badge #6767",Minneapolis Police Department,https://d3n8a8pro7vhmx.cloudfront.net/cuapb/pages/270/attachments/original/1625774271/Former_Minneapolis_Police_Officer_Works_to_Set_the_Record_Straight.pdf?1625774271,1193
"Waheid Siraach, badge #None",Metro Transit Police Department,https://d3n8a8pro7vhmx.cloudfront.net/cuapb/pages/270/attachments/original/1615996573/2015Siraach_Why_a_Minnesota_cop_spent_a_year_in_Somalia_training_Mogadishu_police.pdf?1615996573,1194
"Jarrod Silva, badge #6551",Minneapolis Police Department,https://d3n8a8pro7vhmx.cloudfront.net/cuapb/pages/270/attachments/original/1638757684/OPCR_14-10235_Silva_Part_2.pdf?1638757684,1195
"John Staufenberg, badge #6765",Minneapolis Police Department,https://d3n8a8pro7vhmx.cloudfront.net/cuapb/pages/1462/attachments/original/1638637606/RCA-2021-01194_-_Legal_settlement_Workers'_Compensation_claim_of_John_Stauffenberg.pdf?1638637606,1196
"Brandy Steberg, badge #6767",Minneapolis Police Department,https://d3n8a8pro7vhmx.cloudfront.net/cuapb/pages/270/attachments/original/1625774278/RCA-2020-00202_-_Legal_settlement__Workers'_Compensation_claim_of_Brandy_Steberg.pdf?1625774278,1197
"Jarrod Silva, badge #6551",Minneapolis Police Department,https://d3n8a8pro7vhmx.cloudfront.net/cuapb/pages/270/attachments/original/1638757699/OPCR_14-10235_Silva_Part_3.pdf?1638757699,1198
"Chelsea Smith, badge #682",Hennepin County Sheriff's Department,https://assets.nationbuilder.com/cuapb/pages/1473/attachments/original/1671254305/20211214_Smith.pdf?1671254305,1199
"Andrew Stender, badge #6791",Minneapolis Police Department,https://d3n8a8pro7vhmx.cloudfront.net/cuapb/pages/1462/attachments/original/1638637576/RCA-2021-01209_-_Legal_settlement_Workers'_Compensation_claim_of_Andrew_Stender.pdf?1638637576,1200
"Heather Sterzinger, badge #4241",Minneapolis Police Department,https://d3n8a8pro7vhmx.cloudfront.net/cuapb/pages/270/attachments/original/1615066567/2014Sterzinger_Minneapolis_police_beating_case_from_2012_settled_for__50_000_-_StarTribune.com.pdf?1615066567,1201
"Brendon Schram, badge #6382",Minneapolis Police Department,https://d3n8a8pro7vhmx.cloudfront.net/cuapb/pages/1461/attachments/original/1638388613/13-31203_Schram_Part_5.pdf?1638388613,1202
"Nathan J. Smith, badge #643205",St. Paul Police Department,https://d3n8a8pro7vhmx.cloudfront.net/cuapb/pages/270/attachments/original/1585615632/Nathan_Smith_Arbitration_Article.pdf?1585615632,1203
"Heather Sterzinger, badge #4241",Minneapolis Police Department,https://d3n8a8pro7vhmx.cloudfront.net/cuapb/pages/270/attachments/original/1615066857/2020Sterzinger_Suit__Fired_Mpls._cop_singled_out_for_age__Japanese_heritage_-_StarTribune.com.pdf?1615066857,1204
"Andrew Stender, badge #6791",Minneapolis Police Department,https://assets.nationbuilder.com/cuapb/pages/1509/attachments/original/1753847868/18-14531_Andrew_Stender.pdf?1753847868,1205
"Christopher Steward, badge #6823",Minneapolis Police Department,https://d3n8a8pro7vhmx.cloudfront.net/cuapb/pages/270/attachments/original/1626489542/April_2013___70_000_Settlement_in_Police_Brutality_Suit_Against_Minneapolis_Officer.pdf?1626489542,1206
"Justin Stetson, badge #6812",Minneapolis Police Department,https://assets.nationbuilder.com/cuapb/pages/1472/attachments/original/1676480423/MCRO_27-CR-22-25882_E-filed_Comp-Summons_2022-12-28_20230215095012.pdf?1676480423,1207
"Justin Stetson, badge #6812",Minneapolis Police Department,https://assets.nationbuilder.com/cuapb/pages/1472/attachments/original/1676231568/Ex-Minneapolis_police_officer_charged_with_beating_man_during_unrest_makes_first_court_appearance.pdf?1676231568,1208
"Brendon Schram, badge #6382",Minneapolis Police Department,https://d3n8a8pro7vhmx.cloudfront.net/cuapb/pages/1461/attachments/original/1638388608/13-31203_Schram_Part_4.pdf?1638388608,1209
"Christopher Steward, badge #6823",Minneapolis Police Department,https://d3n8a8pro7vhmx.cloudfront.net/cuapb/pages/1462/attachments/original/1638637593/RCA-2021-00892_-_Legal_Settlement_Workers'_Compensation_claim_of_Christopher_Steward.pdf?1638637593,1210
"Jarrod Silva, badge #6551",Minneapolis Police Department,https://d3n8a8pro7vhmx.cloudfront.net/cuapb/pages/270/attachments/original/1638757671/OPCR_14-10235_Silva_Part_1.pdf?1638757671,1211
"Jarrod Silva, badge #6551",Minneapolis Police Department,https://d3n8a8pro7vhmx.cloudfront.net/cuapb/pages/270/attachments/original/1638757712/OPCR_14-10235_Silva_Part_4.pdf?1638757712,1212
"Jarrod Silva, badge #6551",Minneapolis Police Department,https://d3n8a8pro7vhmx.cloudfront.net/cuapb/pages/270/attachments/original/1638757641/OPCR_14-10235_Silva_Part_8.pdf?1638757641,1213
"Steven M Stoler, badge #40",Burnsville Police Department,https://d3n8a8pro7vhmx.cloudfront.net/cuapb/pages/270/attachments/original/1626490317/Burnsville_cop_cleared_in_shooting_of_armed_man___Public_Safety___hometownsource.com.pdf?1626490317,1214
"Charles L. Storlie, badge #6908",Minneapolis Police Department,https://d3n8a8pro7vhmx.cloudfront.net/cuapb/pages/270/attachments/original/1625772799/Demonstrators_rally_against_police_brutality.pdf?1625772799,1215
"Brendon Schram, badge #6382",Minneapolis Police Department,https://d3n8a8pro7vhmx.cloudfront.net/cuapb/pages/1461/attachments/original/1638388635/13-31203_Schram_Part_3.pdf?1638388635,1216
"David K. Stokes, badge #662550",St. Paul Police Department,https://d3n8a8pro7vhmx.cloudfront.net/cuapb/pages/270/attachments/original/1626490112/Lawsuit_accusing_St._Paul_cops_of_avenging_fallen_brother_settled_for__45K_%E2%80%93_Twin_Cities.pdf?1626490112,1217
"Thomas Stiller, badge #6840",Minneapolis Police Department,https://d3n8a8pro7vhmx.cloudfront.net/cuapb/pages/270/attachments/original/1626489887/After_authorities_did_not_charge_her_rapist__U_student_fought_back.pdf?1626489887,1218
"Charles L. Storlie, badge #6908",Minneapolis Police Department,https://d3n8a8pro7vhmx.cloudfront.net/cuapb/pages/270/attachments/original/1625772794/Five_years_after_shooting_cop__he_still_feels_in_the_line_of_fire.pdf?1625772794,1219
"Grant Snyder, badge #6706",Minneapolis Police Department,https://d3n8a8pro7vhmx.cloudfront.net/cuapb/pages/1461/attachments/original/1638398463/14-17327_Snyder.pdf?1638398463,1220
"Charles L. Storlie, badge #6908",Minneapolis Police Department,https://d3n8a8pro7vhmx.cloudfront.net/cuapb/pages/270/attachments/original/1625773733/Mpls._officer_shot_by_colleague_commits_suicide___MPR_News.pdf?1625773733,1221
"Charles L. Storlie, badge #6908",Minneapolis Police Department,https://d3n8a8pro7vhmx.cloudfront.net/cuapb/pages/270/attachments/original/1625773901/storlie.pdf?1625773901,1222
"Charles L. Storlie, badge #6908",Minneapolis Police Department,https://d3n8a8pro7vhmx.cloudfront.net/cuapb/pages/270/attachments/original/1625772789/John_Wuchko_settlement.pdf?1625772789,1223
"Mark Suchta, badge #6995",Minneapolis Police Department,https://d3n8a8pro7vhmx.cloudfront.net/cuapb/pages/270/attachments/original/1618022054/Marcus_Benner_.pdf?1618022054,1224
"Mark Suchta, badge #6995",Minneapolis Police Department,https://d3n8a8pro7vhmx.cloudfront.net/cuapb/pages/270/attachments/original/1626183115/Minn._'all_over_the_board'_on_policy_for_police_photo_lineups_-_StarTribune.com.pdf?1626183115,1225
"Scott Sutherland, badge #7017",Minneapolis Police Department,https://d3n8a8pro7vhmx.cloudfront.net/cuapb/pages/1462/attachments/original/1638637578/RCA-2021-01214_-_Legal_settlement_Workers'_Compensation_claim_of_Scott_Sutherland.pdf?1638637578,1226
"Gene Suker, badge #7004",Minneapolis Police Department,https://d3n8a8pro7vhmx.cloudfront.net/cuapb/pages/1462/attachments/original/1638637589/RCA-2021-00545_-_Legal_Settlement_Workers'_Compensation_claim_of_Gene_Suker.pdf?1638637589,1227
"Joshua Stewart, badge #6824",Minneapolis Police Department,https://d3n8a8pro7vhmx.cloudfront.net/cuapb/pages/1461/attachments/original/1638401845/14-24712_Stewart.pdf?1638401845,1228
"Jarrod Silva, badge #6551",Minneapolis Police Department,https://d3n8a8pro7vhmx.cloudfront.net/cuapb/pages/270/attachments/original/1638757657/OPCR_14-10235_Silva_Part_9.pdf?1638757657,1229
"Jarrod Silva, badge #6551",Minneapolis Police Department,https://d3n8a8pro7vhmx.cloudfront.net/cuapb/pages/270/attachments/original/1638757637/OPCR_14-10235_Silva_Part_7.pdf?1638757637,1230
"Sean Sullivan, badge #529",Hennepin County Sheriff's Department,https://assets.nationbuilder.com/cuapb/pages/1473/attachments/original/1671254316/20220126_Sullivan.pdf?1671254316,1231
"Jarrod Silva, badge #6551",Minneapolis Police Department,https://d3n8a8pro7vhmx.cloudfront.net/cuapb/pages/270/attachments/original/1638757630/OPCR_14-10235_Silva_Part_6.pdf?1638757630,1232
"James Spencer, badge #6727",Minneapolis Police Department,https://d3n8a8pro7vhmx.cloudfront.net/cuapb/pages/1461/attachments/original/1638398722/13-30842_Spencer.pdf?1638398722,1233
"Jarrod Silva, badge #6551",Minneapolis Police Department,https://d3n8a8pro7vhmx.cloudfront.net/cuapb/pages/270/attachments/original/1638757727/OPCR_14-10235_Silva_Part_5.pdf?1638757727,1234
"Craig A. Taylor, badge #7139",Minneapolis Police Department,https://assets.nationbuilder.com/cuapb/pages/1462/attachments/original/1647659312/RCA-2022-00195_-_Legal_Settlement_Workers'_Compensation_claim_of_Craig_Taylor.pdf?1647659312,1235
"Cory Taylor, badge #7141",Minneapolis Police Department,https://assets.nationbuilder.com/cuapb/pages/1462/attachments/original/1647659313/RCA-2022-00196_-_Legal_Settlement_Workers'_Compensation_claim_of_Cory_Taylor.pdf?1647659313,1236
"Lafayette Temple, badge #None",Metro Transit Police Department,https://assets.nationbuilder.com/cuapb/pages/1472/attachments/original/1670223480/Temple_Fraud_Conviction_Register_of_Actions.pdf?1670223480,1237
"Nathan Tennessen, badge #None",Eagan Police Department,https://d3n8a8pro7vhmx.cloudfront.net/cuapb/pages/270/attachments/original/1626788355/BCA__Eagan_suspect_was_shot_in_head__but_did_he_or_police_fire_the_fatal_shot_.pdf?1626788355,1238
"Dawit Teketel, badge #7158",Minneapolis Police Department,https://assets.nationbuilder.com/cuapb/pages/1608/attachments/original/1753998854/21-08707_Dawit_Teketel.pdf?1753998854,1239
"Timothy Thao, badge #7203",Minneapolis Police Department,https://assets.nationbuilder.com/cuapb/pages/1608/attachments/original/1753998648/20-00847_Timothy_Thao.pdf?1753998648,1240
"Tou Thao, badge #7162",Minneapolis Police Department,https://d3n8a8pro7vhmx.cloudfront.net/cuapb/pages/270/attachments/original/1613750540/Ferguson_vs_Thunder_and_Thao.pdf?1613750540,1241
"Robert Thunder, badge #7232",Minneapolis Police Department,https://d3n8a8pro7vhmx.cloudfront.net/cuapb/pages/270/attachments/original/1613750540/Ferguson_vs_Thunder_and_Thao.pdf?1613750540,1241
"Tou Thao, badge #7162",Minneapolis Police Department,https://d3n8a8pro7vhmx.cloudfront.net/cuapb/pages/270/attachments/original/1626210175/Trouble_signs_showed_up_early_in_the_career_of_fired_Minneapolis_police_officer_Tou_Thao.pdf?1626210175,1242
"Patrick Tapp, badge #7198",Minneapolis Police Department,https://d3n8a8pro7vhmx.cloudfront.net/cuapb/pages/1461/attachments/original/1638407659/13-30003_Tapp_Part_5.pdf?1638407659,1243
"Tou Thao, badge #7162",Minneapolis Police Department,https://d3n8a8pro7vhmx.cloudfront.net/cuapb/pages/270/attachments/original/1613757004/Ferguson_v._Thunder_and_Thao_legal_complaint.pdf?1613757004,1244
"Robert Thunder, badge #7232",Minneapolis Police Department,https://d3n8a8pro7vhmx.cloudfront.net/cuapb/pages/270/attachments/original/1613757004/Ferguson_v._Thunder_and_Thao_legal_complaint.pdf?1613757004,1244
"Amy Therkelson, badge #None",Plymouth Police Department,https://d3n8a8pro7vhmx.cloudfront.net/cuapb/pages/270/attachments/original/1626787998/Prosecutor__No_charges_against_cop_who_killed_man_in_Arby's_struggle___MPR_News.pdf?1626787998,1245
"Jeffrey C. Thissen, badge #679500",St. Paul Police Department,https://d3n8a8pro7vhmx.cloudfront.net/cuapb/pages/270/attachments/original/1626490928/Police_ID_St._Louis_man_shot_by_officers.pdf?1626490928,1246
"Brian Thole, badge #7166",Minneapolis Police Department,https://d3n8a8pro7vhmx.cloudfront.net/cuapb/pages/270/attachments/original/1626458117/Commission_Upholds_The_Firing_Of_2_Mpls._Cops.pdf?1626458117,1247
"Patrick Tapp, badge #7198",Minneapolis Police Department,https://d3n8a8pro7vhmx.cloudfront.net/cuapb/pages/1461/attachments/original/1638407630/13-30003_Tapp_Part_1.pdf?1638407630,1248
"Steve Thompson, badge #None",Rochester Police Department,https://d3n8a8pro7vhmx.cloudfront.net/cuapb/pages/270/attachments/original/1626787221/BCA_investigating_fatal_shooting_by_Rochester_police_officer.pdf?1626787221,1249
"Kristin Thompson (Sturgis Porras), badge #7193",Minneapolis Police Department,https://d3n8a8pro7vhmx.cloudfront.net/cuapb/pages/270/attachments/original/1626527726/RCA-2020-00803_-_Legal_settlement__Workers'_Compensation_claim_and_Public_Employees_Retirement_Association_Duty_Disability_appeal_concerning_Kristin_Thompson.pdf?1626527726,1250
"John Staufenberg, badge #6765",Minneapolis Police Department,https://d3n8a8pro7vhmx.cloudfront.net/cuapb/pages/270/attachments/original/1596612242/09-2772_Staufenberg.pdf?1596612242,1251
"Scott Thompson, badge #None",Edina Police Department,https://d3n8a8pro7vhmx.cloudfront.net/cuapb/pages/270/attachments/original/1626787783/Meehan_v._Thompson__Civil_No._12-17_%28DWF_SER%29___Casetext_Search___Citator.pdf?1626787783,1252
"Tou Thor, badge #None",Hennepin County Sheriff's Department,https://assets.nationbuilder.com/cuapb/pages/1473/attachments/original/1671254318/20220218_Thor.pdf?1671254318,1253
"Patrick Tapp, badge #7198",Minneapolis Police Department,https://d3n8a8pro7vhmx.cloudfront.net/cuapb/pages/1461/attachments/original/1638407652/13-30003_Tapp_Part_4.pdf?1638407652,1254
"Robert Thunder, badge #7232",Minneapolis Police Department,https://d3n8a8pro7vhmx.cloudfront.net/cuapb/pages/270/attachments/original/1626231752/Request_for_Committee_Action.pdf?1626231752,1255
"Patrick Tapp, badge #7198",Minneapolis Police Department,https://d3n8a8pro7vhmx.cloudfront.net/cuapb/pages/1461/attachments/original/1638407623/13-30003_Tapp_Part_12.pdf?1638407623,1256
"Patrick Tapp, badge #7198",Minneapolis Police Department,https://d3n8a8pro7vhmx.cloudfront.net/cuapb/pages/1461/attachments/original/1638407619/13-30003_Tapp_Part_11.pdf?1638407619,1257
"Patrick Tapp, badge #7198",Minneapolis Police Department,https://d3n8a8pro7vhmx.cloudfront.net/cuapb/pages/1461/attachments/original/1638407645/13-30003_Tapp_Part_3.pdf?1638407645,1258
"Patrick Tapp, badge #7198",Minneapolis Police Department,https://d3n8a8pro7vhmx.cloudfront.net/cuapb/pages/1461/attachments/original/1638407584/13-30003_Tapp_Part_6.pdf?1638407584,1259
"Patrick Tapp, badge #7198",Minneapolis Police Department,https://d3n8a8pro7vhmx.cloudfront.net/cuapb/pages/1461/attachments/original/1638407591/13-30003_Tapp_Part_7.pdf?1638407591,1260
"Patrick Tapp, badge #7198",Minneapolis Police Department,https://d3n8a8pro7vhmx.cloudfront.net/cuapb/pages/1461/attachments/original/1638407599/13-30003_Tapp_Part_8.pdf?1638407599,1261
"Brian Thole, badge #7166",Minneapolis Police Department,https://d3n8a8pro7vhmx.cloudfront.net/cuapb/pages/1461/attachments/original/1638409123/13-17306_Thole_Part_1.pdf?1638409123,1262
"Clifton Toles, badge #7243",Minneapolis Police Department,https://d3n8a8pro7vhmx.cloudfront.net/cuapb/pages/270/attachments/original/1625772321/Minneapolis_City_Council_OKs__1_million_police_brutality_settlement.pdf?1625772321,1263
"Clifton Toles, badge #7243",Minneapolis Police Department,https://d3n8a8pro7vhmx.cloudfront.net/cuapb/pages/270/attachments/original/1625771874/2020-01257_-_Litigation_matter_of_Lucas_McDonough_v._Clifton_Toles__et_al__and_State_Farm_Fire_and_Casualty_Company_v._Clifton_Toles__et_al_.pdf?1625771874,1264
"Robert Thunder, badge #7232",Minneapolis Police Department,https://d3n8a8pro7vhmx.cloudfront.net/cuapb/pages/1461/attachments/original/1638410348/15-23901_Thunder.pdf?1638410348,1265
"John Tomczik, badge #None",Robbinsdale Police Department,https://d3n8a8pro7vhmx.cloudfront.net/cuapb/pages/270/attachments/original/1626881762/Man__officers_involved_in_deadly_confrontation_in_Robbinsdale_identified.pdf?1626881762,1266
"Clifton Toles, badge #7243",Minneapolis Police Department,https://d3n8a8pro7vhmx.cloudfront.net/cuapb/pages/270/attachments/original/1625772046/Action_No._2020A-0900__File_No._2020-01257.pdf?1625772046,1267
"Geoffrey Toscano, badge #7257",Minneapolis Police Department,https://d3n8a8pro7vhmx.cloudfront.net/cuapb/pages/270/attachments/original/1626528767/As_snooping_cases_come_to_a_close__Mpls.payouts_total_more_than__1.2M_-_StarTribune.com.pdf?1626528767,1268
"Clifton Toles, badge #7243",Minneapolis Police Department,https://assets.nationbuilder.com/cuapb/pages/1608/attachments/original/1753998847/21-08926_Clifton_Toles.pdf?1753998847,1269
"Patrick Tapp, badge #7198",Minneapolis Police Department,https://d3n8a8pro7vhmx.cloudfront.net/cuapb/pages/1461/attachments/original/1638407613/13-30003_Tapp_Part_10.pdf?1638407613,1270
"Clifton Toles, badge #7243",Minneapolis Police Department,https://assets.nationbuilder.com/cuapb/pages/1509/attachments/original/1753847519/17-23299_Clifton_Toles.pdf?1753847519https://assets.nationbuilder.com/cuapb/pages/1509/attachments/original/1753847519/17-23299_Clifton_Toles.pdf?1753847519,1271
"Brian Thole, badge #7166",Minneapolis Police Department,https://d3n8a8pro7vhmx.cloudfront.net/cuapb/pages/1461/attachments/original/1638409100/13-17306_Thole_Part_3.pdf?1638409100,1272
"Brian Thole, badge #7166",Minneapolis Police Department,https://d3n8a8pro7vhmx.cloudfront.net/cuapb/pages/1461/attachments/original/1638409637/13-30177_Thole_Part_2.pdf?1638409637,1273
"Brian Thole, badge #7166",Minneapolis Police Department,https://d3n8a8pro7vhmx.cloudfront.net/cuapb/pages/1461/attachments/original/1638409644/13-30177_Thole_Part_1.pdf?1638409644,1274
"Brian Thole, badge #7166",Minneapolis Police Department,https://d3n8a8pro7vhmx.cloudfront.net/cuapb/pages/1461/attachments/original/1638409131/13-17306_Thole_Part_2.pdf?1638409131,1275
"Patrick Tinsley, badge #7242",Minneapolis Police Department,https://assets.nationbuilder.com/cuapb/pages/1509/attachments/original/1753848028/19-02291_Patrick_Tinsley.pdf?1753848028,1276
"John Trangsrud, badge #7293",Minneapolis Police Department,https://d3n8a8pro7vhmx.cloudfront.net/cuapb/pages/1462/attachments/original/1638637579/RCA-2021-01219_-_Legal_settlement_Workers'_Compensation_claim_of_John_Transgrud.pdf?1638637579,1277
"Patrick Tapp, badge #7198",Minneapolis Police Department,https://d3n8a8pro7vhmx.cloudfront.net/cuapb/pages/1461/attachments/original/1638407606/13-30003_Tapp_Part_9.pdf?1638407606,1278
"Scott Trautner, badge #None",Minnesota State Patrol,https://d3n8a8pro7vhmx.cloudfront.net/cuapb/pages/270/attachments/original/1509688252/Scott_Trautner_Sexual_Conduct_Article.pdf?1509688252,1279
"Brian Thole, badge #7166",Minneapolis Police Department,https://d3n8a8pro7vhmx.cloudfront.net/cuapb/pages/1461/attachments/original/1638409116/13-17306_Thole_Part_5.pdf?1638409116,1280
"Brian Thole, badge #7166",Minneapolis Police Department,https://d3n8a8pro7vhmx.cloudfront.net/cuapb/pages/1461/attachments/original/1638409108/13-17306_Thole_Part_4.pdf?1638409108,1281
"Benjamin Truong, badge #7311",Minneapolis Police Department,https://assets.nationbuilder.com/cuapb/pages/1608/attachments/original/1753998806/21-10434_Benjamin_Truong.pdf?1753998806,1282
"Clemmie Tucker, Sr., badge #None",St. Paul Police Department,https://d3n8a8pro7vhmx.cloudfront.net/cuapb/pages/270/attachments/original/1615990810/Retired_St._Paul_cop_repeatedly_punched_juvenile_in_group_home__charges_say_-_StarTribune.com.pdf?1615990810,1283
"Michael T. Tschida, badge #694455",St. Paul Police Department,https://d3n8a8pro7vhmx.cloudfront.net/cuapb/pages/270/attachments/original/1626284541/BCA__Man_shot_by_St._Paul_police_was_firing_at_officers.pdf?1626284541,1284
"Serafin Travis, badge #None",Eden Prairie Police Department,https://d3n8a8pro7vhmx.cloudfront.net/cuapb/pages/270/attachments/original/1631802853/2020-Travis_Serafin-_City_of_Eden_Prairie.pdf?1631802853,1285
"David Tschida, badge #7312",Minneapolis Police Department,https://assets.nationbuilder.com/cuapb/pages/1462/attachments/original/1647659320/RCA-2022-00104_-_Legal_settlement_Workers'_Compensation_claim_of_David_Tschida.pdf?1647659320,1286
"Clemmie Tucker, Sr., badge #None",St. Paul Police Department,https://d3n8a8pro7vhmx.cloudfront.net/cuapb/pages/270/attachments/original/1615990961/St._Paul___Ex-cop_gets_5_years_in_meth_bust_%E2%80%93_Twin_Cities.pdf?1615990961,1287
"Christopher Tuma, badge #7339",Minneapolis Police Department,https://assets.nationbuilder.com/cuapb/pages/1462/attachments/original/1647659321/RCA-2022-00165_-_Legal_Settlement_Workers'_Compensation_claim_of_Christopher_Tuma.pdf?1647659321,1288
"Alexandra Urgiles, badge #685",Hennepin County Sheriff's Department,https://assets.nationbuilder.com/cuapb/pages/1473/attachments/original/1671254322/20220309_Urgiles.pdf?1671254322,1289
"Matthew Vana, badge #7371",Minneapolis Police Department,https://d3n8a8pro7vhmx.cloudfront.net/cuapb/pages/1462/attachments/original/1638994127/RCA-2021-01423_-_Legal_settlement_Workers'_Compensation_claim_of_Matthew_Vana.pdf?1638994127,1290
"Matthew Vig, badge #None",Kittson County Sheriffs Office,https://assets.nationbuilder.com/cuapb/pages/1473/attachments/original/1754701347/Sheriff_sued_by_DNR.pdf?1754701347,1291
"Guy Voit, badge #None",Ramsey Police Department,https://d3n8a8pro7vhmx.cloudfront.net/cuapb/pages/270/attachments/original/1632316286/2019-Guy_Voit-_City_of_Ramsey.pdf?1632316286,1292
"Kou Vang, badge #7373",Minneapolis Police Department,https://d3n8a8pro7vhmx.cloudfront.net/cuapb/pages/1462/attachments/original/1638637597/RCA-2021-01008_-_Legal_Settlement_Workers'_Compensation_claim_of_Kou_Vang.pdf?1638637597,1293
"John Verant, badge #None",Hennepin County Sheriff's Department,https://d3n8a8pro7vhmx.cloudfront.net/cuapb/pages/270/attachments/original/1631814642/2020-John_Verant_-_Hennepin_County.pdf?1631814642,1294
"Rickey Vandyke, badge #7360",Minneapolis Police Department,https://d3n8a8pro7vhmx.cloudfront.net/cuapb/pages/270/attachments/original/1613435719/Van_Dyke_Termination_Suit.pdf?1613435719,1295
"Christopher Vervais, badge #609",Hennepin County Sheriff's Department,https://assets.nationbuilder.com/cuapb/pages/1473/attachments/original/1671254306/20211214_Vervais.pdf?1671254306,1296
"John Trangsrud, badge #7293",Minneapolis Police Department,https://d3n8a8pro7vhmx.cloudfront.net/cuapb/pages/1461/attachments/original/1638413775/14-15452_Trangsrud.pdf?1638413775,1297
"Darrin Waletzki, badge #7454",Minneapolis Police Department,https://d3n8a8pro7vhmx.cloudfront.net/cuapb/pages/270/attachments/original/1617567029/Waletski_24028175.94_tcm19-159121.pdf?1617567029,1298
"Darrin Waletzki, badge #7454",Minneapolis Police Department,https://assets.nationbuilder.com/cuapb/pages/1462/attachments/original/1647659323/RCA-2022-00171_-_Legal_Settlement_Workers'_Compensation_claim_of_Darrin_Waletzki.pdf?1647659323,1299
"Todd Waldron, badge #None",LeSueur County Sheriff's Department,https://d3n8a8pro7vhmx.cloudfront.net/cuapb/pages/270/attachments/original/1626881948/Settlement_In_LeSueur_Co._Deputy%E2%80%99s_Fatal_Shooting_Of_Man.pdf?1626881948,1300
"Troy Walker, badge #7463",Minneapolis Police Department,https://assets.nationbuilder.com/cuapb/pages/1608/attachments/original/1753998826/21-09580_Troy_Walker.pdf?1753998826,1301
"Richard Walker, badge #7461",Minneapolis Police Department,https://d3n8a8pro7vhmx.cloudfront.net/cuapb/pages/270/attachments/original/1626127891/Lawsuit_claims_Minneapolis_officer_knocked_woman_unconscious_-_Bring_Me_The_News.pdf?1626127891,1302
"Richard Walker, badge #7461",Minneapolis Police Department,https://d3n8a8pro7vhmx.cloudfront.net/cuapb/pages/270/attachments/original/1626277686/Police_to_change_review_policy_for_dash_cam_videos___MPR_News.pdf?1626277686,1303
"Alexander Walls, badge #7498",Minneapolis Police Department,https://assets.nationbuilder.com/cuapb/pages/1608/attachments/original/1753998645/20-00847_Alexander_Walls.pdf?1753998645,1304
"Richard Walker, badge #7461",Minneapolis Police Department,https://d3n8a8pro7vhmx.cloudfront.net/cuapb/pages/270/attachments/original/1615673383/Newton_v._Walker_USCOURTS-mnd-0_11-cv-01499-0.pdf?1615673383,1305
"Richard Walker, badge #7461",Minneapolis Police Department,https://d3n8a8pro7vhmx.cloudfront.net/cuapb/pages/270/attachments/original/1626128545/richard_walker_FBI_to_review_video_of_Mpls_arrest__beating___MPR_News.pdf?1626128545,1306
"Jason Walters, badge #7502",Minneapolis Police Department,https://d3n8a8pro7vhmx.cloudfront.net/cuapb/pages/1462/attachments/original/1638637584/RCA-2021-00427_-_Legal_Settlement_Workers'_Compensation_claim_of_Jason_Walters.pdf?1638637584,1307
"Kent Warnberg, badge #7570",Minneapolis Police Department,https://d3n8a8pro7vhmx.cloudfront.net/cuapb/pages/270/attachments/original/1617569101/Star_Tribune_Fri__Feb_4__1994_-merged.pdf?1617569101,1308
"John Trangsrud, badge #7293",Minneapolis Police Department,https://d3n8a8pro7vhmx.cloudfront.net/cuapb/pages/1461/attachments/original/1638413232/13-30815_Trangsrud_Part_1.pdf?1638413232,1309
"Darrin Waletzki, badge #7454",Minneapolis Police Department,https://d3n8a8pro7vhmx.cloudfront.net/cuapb/pages/270/attachments/original/1617567548/Madison_v._City_of_Minneapolis__Civil_No._02-4257_%28JRT_FLN%29___Casetext_Search___Citator.pdf?1617567548,1310
"John Trangsrud, badge #7293",Minneapolis Police Department,https://d3n8a8pro7vhmx.cloudfront.net/cuapb/pages/1461/attachments/original/1638413645/13-31314_Trangsrud.pdf?1638413645,1311
"Patrick Tapp, badge #7198",Minneapolis Police Department,https://d3n8a8pro7vhmx.cloudfront.net/cuapb/pages/1461/attachments/original/1638407638/13-30003_Tapp_Part_2.pdf?1638407638,1312
"Neal Walsh, badge #7501",Minneapolis Police Department,https://assets.nationbuilder.com/cuapb/pages/1608/attachments/original/1753998722/20-12298_Neal_Walsh.pdf?1753998722,1313
"Jason Warnygora, badge #None",Carlton County Sheriff's Department,https://d3n8a8pro7vhmx.cloudfront.net/cuapb/pages/270/attachments/original/1626883243/Unarmed_Moose_Lake_man_who_was_shot_by_deputy_and_paralyzed_wins__6.2_million_settlement.pdf?1626883243,1314
"Jeffrey S. Sworski, badge #7113",Minneapolis Police Department,https://d3n8a8pro7vhmx.cloudfront.net/cuapb/pages/1461/attachments/original/1638402817/13-16208_Sworski_Part_2.pdf?1638402817,1315
"Richard Walker, badge #7461",Minneapolis Police Department,https://d3n8a8pro7vhmx.cloudfront.net/cuapb/pages/270/attachments/original/1626129159/Minneapolis_police_chief%E2%80%99s_memo_defends_seven_officers_involved_in_beating_%E2%80%93_Twin_Cities.pdf?1626129159,1316
"Jeffrey S. Sworski, badge #7113",Minneapolis Police Department,https://d3n8a8pro7vhmx.cloudfront.net/cuapb/pages/1461/attachments/original/1638402824/13-16208_Sworski_Part_1.pdf?1638402824,1317
"Alexander Walls, badge #7498",Minneapolis Police Department,https://assets.nationbuilder.com/cuapb/pages/1509/attachments/original/1753849688/19-10030_Alexander_Walls.pdf?1753849688,1318
"Aimee Walker (Linson), badge #4172",Minneapolis Police Department,https://assets.nationbuilder.com/cuapb/pages/1608/attachments/original/1753998860/21-07522_Aimee_Linson.pdf?1753998860,1319
"Kent Warnberg, badge #7570",Minneapolis Police Department,https://d3n8a8pro7vhmx.cloudfront.net/cuapb/pages/270/attachments/original/1626291057/Split_verdict_adds_to_sexual_assault_victim's_hurt___Post_Bulletin.pdf?1626291057,1320
"Roderick Weber, badge #7612",Minneapolis Police Department,https://d3n8a8pro7vhmx.cloudfront.net/cuapb/pages/270/attachments/original/1631804638/2016-Rod_Weber-City_of_Minneapolis.pdf?1631804638,1321
"Richard Webb, badge #None",Anoka County Sheriff's Office,https://d3n8a8pro7vhmx.cloudfront.net/cuapb/pages/270/attachments/original/1626884305/Prosecutors__Police_justified_in_fatal_shooting_of_man_outside_Ramsey_day_care_%281%29.pdf?1626884305,1322
"Jacob Weess, badge #7620",Minneapolis Police Department,https://d3n8a8pro7vhmx.cloudfront.net/cuapb/pages/1462/attachments/original/1638994126/RCA-2021-01421_-_Legal_settlement_Workers'_Compensation_claim_of_Jacob_Weess.pdf?1638994126,1323
"Stephanie Weibye, badge #7622",Minneapolis Police Department,https://assets.nationbuilder.com/cuapb/pages/1462/attachments/original/1647659323/RCA-2022-00170_-_Legal_Settlement_Workers'_Compensation_claim_of_Stephanie_Weibye.pdf?1647659323,1324
"Richard Wegner, badge #None",Metro Transit Police Department,https://d3n8a8pro7vhmx.cloudfront.net/cuapb/pages/270/attachments/original/1626884720/Transit_cop_targeted_by_protesters_loses_job.pdf?1626884720,1325
"Jacob Weldon, badge #None",Hennepin County Sheriff's Department,https://assets.nationbuilder.com/cuapb/pages/1473/attachments/original/1671254313/20220113_Weldon.pdf?1671254313,1326
"Tammy Werner, badge #2119",Minneapolis Police Department,https://d3n8a8pro7vhmx.cloudfront.net/cuapb/pages/1462/attachments/original/1638637585/RCA-2021-00431_-_Legal_Settlement_Workers'_Compensation_claim_of_Tammy_Werner.pdf?1638637585,1327
"Heather L. Weyker, badge #734950",St. Paul Police Department,https://d3n8a8pro7vhmx.cloudfront.net/cuapb/pages/270/attachments/original/1618005203/John_Bandemer_2.pdf?1618005203,1328
"Heather L. Weyker, badge #734950",St. Paul Police Department,https://assets.nationbuilder.com/cuapb/pages/1472/attachments/original/1676232476/Federal_judge_St._Paul_officers_illegally_searched_and_arrested_resident.pdf?1676232476,1329
"John Trangsrud, badge #7293",Minneapolis Police Department,https://d3n8a8pro7vhmx.cloudfront.net/cuapb/pages/1461/attachments/original/1638413228/13-30815_Trangsrud_Part_2.pdf?1638413228,1330
"Heather L. Weyker, badge #734950",St. Paul Police Department,https://assets.nationbuilder.com/cuapb/pages/1472/attachments/original/1676232480/St._Paul_police_sergeant_back_at_work_after_allegations_she_lied_in_federal_case.pdf?1676232480,1331
"Charles White, badge #7714",Minneapolis Police Department,https://d3n8a8pro7vhmx.cloudfront.net/cuapb/pages/1462/attachments/original/1638637581/RCA-2021-01233_-_Legal_settlement_Workers'_Compensation_claim_of_Charles_White.pdf?1638637581,1332
"Kent Warnberg, badge #7570",Minneapolis Police Department,https://d3n8a8pro7vhmx.cloudfront.net/cuapb/pages/1461/attachments/original/1638416108/13-26995_Warnberg_Part_2.pdf?1638416108,1333
"Myron Wieland, badge #None",New Ulm Police Department,https://d3n8a8pro7vhmx.cloudfront.net/cuapb/pages/270/attachments/original/1613807432/Myron_Wieland_Domestic_Assault_Incident.pdf?1613807432,1334
"Scott Widell, badge #None",Hennepin County Sheriff's Department,https://assets.nationbuilder.com/cuapb/pages/1473/attachments/original/1671254307/20211214_Widell.pdf?1671254307,1335
"Lucas Wilcox, badge #None",Hopkins Police Department,https://d3n8a8pro7vhmx.cloudfront.net/cuapb/pages/270/attachments/original/1632188689/2020-Lucas_Wilcox-_City_of_Hopkins.pdf?1632188689,1336
"Joseph Will, badge #7749",Minneapolis Police Department,https://assets.nationbuilder.com/cuapb/pages/1462/attachments/original/1647659313/RCA-2022-00197_-_Legal_Settlement_Workers'_Compensation_claim_of_Joseph_Will.pdf?1647659313,1337
"Michael Williams, badge #7775",Minneapolis Police Department,https://d3n8a8pro7vhmx.cloudfront.net/cuapb/pages/1462/attachments/original/1638994126/RCA-2021-01422_-_Legal_settlement_Workers'_Compensation_claim_of_Michael_Williams.pdf?1638994126,1338
"Alan W. Williams, badge #7763",Minneapolis Police Department,https://d3n8a8pro7vhmx.cloudfront.net/cuapb/pages/1462/attachments/original/1638637607/RCA-2021-01198_-_Legal_settlement_Workers'_Compensation_claim_of_Alan_Williams.pdf?1638637607,1339
"Kevin Wells, badge #242",Minneapolis Police Department,https://d3n8a8pro7vhmx.cloudfront.net/cuapb/pages/1461/attachments/original/1638416804/15-10845_Wells.pdf?1638416804,1340
"Joshua James Williams, badge #None",Dakota County Sheriff's Office,https://d3n8a8pro7vhmx.cloudfront.net/cuapb/pages/270/attachments/original/1618010375/Joshua_James_Williams_Gets_License_Suspension_%281%29.pdf?1618010375,1341
"Kent Warnberg, badge #7570",Minneapolis Police Department,https://d3n8a8pro7vhmx.cloudfront.net/cuapb/pages/1461/attachments/original/1638416099/13-26995_Warnberg_Part_1.pdf?1638416099,1342
"Daniel Willis, badge #7788",Minneapolis Police Department,https://d3n8a8pro7vhmx.cloudfront.net/cuapb/pages/1462/attachments/original/1638637609/RCA-2021-01201_-_Legal_settlement_Workers'_Compensation_claims_of_Daniel_Willis.pdf?1638637609,1343
"Joshua James Williams, badge #None",Dakota County Sheriff's Office,https://d3n8a8pro7vhmx.cloudfront.net/cuapb/pages/270/attachments/original/1618010117/Joshua_James_Williams_Dakota_County_Deputy_Article.pdf?1618010117,1344
"Yolanda Wilks, badge #7751",Minneapolis Police Department,https://d3n8a8pro7vhmx.cloudfront.net/cuapb/pages/1461/attachments/original/1638417114/14-22623_Wilks.pdf?1638417114,1345
"Alan W. Williams, badge #7763",Minneapolis Police Department,https://d3n8a8pro7vhmx.cloudfront.net/cuapb/pages/1461/attachments/original/1638418092/13-30180_Williams_Part_2.pdf?1638418092,1346
"Alan W. Williams, badge #7763",Minneapolis Police Department,https://d3n8a8pro7vhmx.cloudfront.net/cuapb/pages/1461/attachments/original/1638418098/13-30180_Williams_Part_1.pdf?1638418098,1347
"David Voss, badge #7441",Minneapolis Police Department,https://d3n8a8pro7vhmx.cloudfront.net/cuapb/pages/1461/attachments/original/1638414673/13-30833_Voss_Part_1.pdf?1638414673,1348
"Jason Wolff, badge #7859",Minneapolis Police Department,https://d3n8a8pro7vhmx.cloudfront.net/cuapb/pages/270/attachments/original/1578676401/2018Glenda_FJohnson_Settlement.pdf?1578676401,1349
"Jason Wolff, badge #7859",Minneapolis Police Department,https://assets.nationbuilder.com/cuapb/pages/1462/attachments/original/1647659322/RCA-2022-00169_-_Legal_Settlement_Workers'_Compensation_claim_of_Jason_Wolff.pdf?1647659322,1350
"Richard Wegner, badge #None",Metro Transit Police Department,https://d3n8a8pro7vhmx.cloudfront.net/cuapb/pages/270/attachments/original/1626884586/Lawsuit_filed_in_autistic_teen's_St._Paul_arrest.pdf?1626884586,1351
"Jason Wolff, badge #7859",Minneapolis Police Department,https://d3n8a8pro7vhmx.cloudfront.net/cuapb/pages/270/attachments/original/1618334852/No_charges_for_Mpls._officer_who_killed_man_who_shot_ex-girlfriend_-_StarTribune.com.pdf?1618334852,1352
"Paris Woods, badge #None",Hennepin County Sheriff's Department,https://assets.nationbuilder.com/cuapb/pages/1473/attachments/original/1671254307/20211214_Woods.pdf?1671254307,1353
"Richard Wyffels, badge #None",Alexandria Police Department,https://assets.nationbuilder.com/cuapb/pages/270/attachments/original/1649603284/Richard_Wyffels_Theft_Article.pdf?1649603284,1354
"Matthew A. Wyatt, badge #None",McLeod County Sheriff's Department,https://d3n8a8pro7vhmx.cloudfront.net/cuapb/pages/270/attachments/original/1627047812/Off-duty_McLeod_County_deputy__Norwood_Young_America_man_from_April_17_shooting_identified.pdf?1627047812,1355
"Michael Zeug, badge #None",,https://d3n8a8pro7vhmx.cloudfront.net/cuapb/pages/270/attachments/original/1627047812/Off-duty_McLeod_County_deputy__Norwood_Young_America_man_from_April_17_shooting_identified.pdf?1627047812,1355
"Matthew A. Wyatt, badge #None",McLeod County Sheriff's Department,https://d3n8a8pro7vhmx.cloudfront.net/cuapb/pages/270/attachments/original/1627047652/Sheriff's_deputy_will_not_be_charged_in_shooting_death___Public_Safety___crowrivermedia.com.pdf?1627047652,1356
"Jer Yang, badge #7889",Minneapolis Police Department,https://assets.nationbuilder.com/cuapb/pages/1462/attachments/original/1647659325/RCA-2022-00176_-_Legal_Settlement_Workers'_Compensation_claim_of_Jer_Yang.pdf?1647659325,1357
"Geoffrey Wyatt, badge #None",Metro Transit Police Department,https://d3n8a8pro7vhmx.cloudfront.net/cuapb/pages/270/attachments/original/1632221767/2020-Geoffrey_Wyatt-Metro_Transit.pdf?1632221767,1358
"Lamandre Wright, badge #7874",Minneapolis Police Department,https://assets.nationbuilder.com/cuapb/pages/1509/attachments/original/1753849724/19-06069_Lamandre_Wright.pdf?1753849724,1359
"Nicholas Wasche, badge #7576",Minneapolis Police Department,https://d3n8a8pro7vhmx.cloudfront.net/cuapb/pages/1461/attachments/original/1638416522/14-03580_Wasche.pdf?1638416522,1360
"Joshua Young, badge #7897",Minneapolis Police Department,https://d3n8a8pro7vhmx.cloudfront.net/cuapb/pages/270/attachments/original/1626560489/Friends_of_motorcyclist_killed_in_collision_with_Minneapolis_police_vehicle_seek_answers.pdf?1626560489,1361
"Robert Young, badge #None",Anoka County Sheriff's Office,https://d3n8a8pro7vhmx.cloudfront.net/cuapb/pages/270/attachments/original/1631802699/2021_-_Robert_Young-_Anoka_County.pdf?1631802699,1362
"Jesse R. Zilge, badge #756870",St. Paul Police Department,https://d3n8a8pro7vhmx.cloudfront.net/cuapb/pages/270/attachments/original/1626561514/St._Paul_Park_police_cleared_of_fault_in_murders___Public_Safety___republicaneagle.com.pdf?1626561514,1363
"Heather Young (Jorges), badge #3576",Minneapolis Police Department,https://d3n8a8pro7vhmx.cloudfront.net/cuapb/pages/270/attachments/original/1626111589/201362P.pdf?1626111589,1364
"Jesse R. Zilge, badge #756870",St. Paul Police Department,https://d3n8a8pro7vhmx.cloudfront.net/cuapb/pages/270/attachments/original/1626561379/Officer__Zilge__who_kicked_suspect_disciplined_previously.pdf?1626561379,1365
"Robert J. Zink, badge #756900",St. Paul Police Department,https://d3n8a8pro7vhmx.cloudfront.net/cuapb/pages/270/attachments/original/1615905286/Zink_St._Paul_police_recognized_for_work_with_autistic_community.pdf?1615905286,1366
"Anthony Zerwas, badge #None",Wyoming Police Department,https://d3n8a8pro7vhmx.cloudfront.net/cuapb/pages/270/attachments/original/1632189723/2020-Anthony_Zerwas-City_of_Wyoming.pdf?1632189723,1367
"Kent Warnberg, badge #7570",Minneapolis Police Department,https://d3n8a8pro7vhmx.cloudfront.net/cuapb/pages/1461/attachments/original/1638416093/13-26995_Warnberg_Part_4.pdf?1638416093,1368
"Heather Young (Jorges), badge #3576",Minneapolis Police Department,https://d3n8a8pro7vhmx.cloudfront.net/cuapb/pages/1461/attachments/original/1638418768/14-01771_Young.pdf?1638418768,1369
"Richard D. Zimmerman, badge #7961",Minneapolis Police Department,https://d3n8a8pro7vhmx.cloudfront.net/cuapb/pages/1461/attachments/original/1638419826/15-19282_Zimmerman.pdf?1638419826,1370
"Michael N. Young, badge #7895",Minneapolis Police Department,https://d3n8a8pro7vhmx.cloudfront.net/cuapb/pages/1461/attachments/original/1638419274/13-31129_Young.pdf?1638419274,1371
"David Voss, badge #7441",Minneapolis Police Department,https://d3n8a8pro7vhmx.cloudfront.net/cuapb/pages/1461/attachments/original/1638414668/13-30833_Voss_Part_2.pdf?1638414668,1372
"Kent Warnberg, badge #7570",Minneapolis Police Department,https://d3n8a8pro7vhmx.cloudfront.net/cuapb/pages/1461/attachments/original/1638416086/13-26995_Warnberg_Part_3.pdf?1638416086,1373
